image_path,true_class,predicted_class,confidence,correct
C:\Users\Lakshith K L\OneDrive\Desktop\smart_agriculture\PlantVillage-Dataset\raw\color\Corn_(maize)___Northern_Leaf_Blight\1bc4fef1-35f3-40da-9675-8b6a986839a1___RS_NLB 3791.JPG,Corn_(maize)___Northern_Leaf_Blight,Corn_(maize)___Cercospora_leaf_spot Gray_leaf_spot,0.8948681,False
C:\Users\Lakshith K L\OneDrive\Desktop\smart_agriculture\PlantVillage-Dataset\raw\color\Tomato___Late_blight\44de5100-871f-495d-b4c6-70ab89059a68___RS_Late.B 7043.JPG,Tomato___Late_blight,Tomato___Early_blight,0.7768037,False
C:\Users\Lakshith K L\OneDrive\Desktop\smart_agriculture\PlantVillage-Dataset\raw\color\Corn_(maize)___Common_rust_\RS_Rust 1949.JPG,Corn_(maize)___Common_rust_,Corn_(maize)___Northern_Leaf_Blight,0.77613735,False
C:\Users\Lakshith K L\OneDrive\Desktop\smart_agriculture\PlantVillage-Dataset\raw\color\Tomato___Early_blight\0621aab4-b9fd-4012-b0a6-ba72e63cd87d___RS_Erly.B 8220.JPG,Tomato___Early_blight,Tomato___Late_blight,0.77430093,False
C:\Users\Lakshith K L\OneDrive\Desktop\smart_agriculture\PlantVillage-Dataset\raw\color\Cherry_(including_sour)___healthy\0f93129a-1af1-415b-9d19-c74a1156c86b___JR_HL 9652.JPG,Cherry_(including_sour)___healthy,Soybean___healthy,0.76540893,False
C:\Users\Lakshith K L\OneDrive\Desktop\smart_agriculture\PlantVillage-Dataset\raw\color\Tomato___Tomato_Yellow_Leaf_Curl_Virus\f9690dd2-52b0-4020-82e0-ecd3580e3b87___YLCV_GCREC 2072.JPG,Tomato___Tomato_Yellow_Leaf_Curl_Virus,Tomato___Spider_mites Two-spotted_spider_mite,0.68131584,False
C:\Users\Lakshith K L\OneDrive\Desktop\smart_agriculture\PlantVillage-Dataset\raw\color\Corn_(maize)___Cercospora_leaf_spot Gray_leaf_spot\a47710cd-fdee-4562-8e91-1d7f405ca44f___RS_GLSp 4409.JPG,Corn_(maize)___Cercospora_leaf_spot Gray_leaf_spot,Corn_(maize)___Northern_Leaf_Blight,0.6713444,False
C:\Users\Lakshith K L\OneDrive\Desktop\smart_agriculture\PlantVillage-Dataset\raw\color\Corn_(maize)___Northern_Leaf_Blight\30749f41-c345-4c08-b3a8-12bd37d492e1___RS_NLB 3738.JPG,Corn_(maize)___Northern_Leaf_Blight,Corn_(maize)___Cercospora_leaf_spot Gray_leaf_spot,0.61999196,False
C:\Users\Lakshith K L\OneDrive\Desktop\smart_agriculture\PlantVillage-Dataset\raw\color\Corn_(maize)___Northern_Leaf_Blight\2992f778-be2a-49f0-8319-0a82c7422d0a___RS_NLB 3775.JPG,Corn_(maize)___Northern_Leaf_Blight,Corn_(maize)___Cercospora_leaf_spot Gray_leaf_spot,0.5950538,False
C:\Users\Lakshith K L\OneDrive\Desktop\smart_agriculture\PlantVillage-Dataset\raw\color\Tomato___Tomato_Yellow_Leaf_Curl_Virus\e9a5328a-1144-4aaa-aab7-152ce75ce257___UF.GRC_YLCV_Lab 08431.JPG,Tomato___Tomato_Yellow_Leaf_Curl_Virus,Tomato___Bacterial_spot,0.58662003,False
C:\Users\Lakshith K L\OneDrive\Desktop\smart_agriculture\PlantVillage-Dataset\raw\color\Tomato___Late_blight\5b4ca8b4-ed80-43c7-90ca-f9912d9fb7b6___RS_Late.B 5226.JPG,Tomato___Late_blight,Tomato___Early_blight,0.58501667,False
C:\Users\Lakshith K L\OneDrive\Desktop\smart_agriculture\PlantVillage-Dataset\raw\color\Tomato___Late_blight\15581dd8-f562-4301-856c-30be9302c470___GHLB2 Leaf 70.1.JPG,Tomato___Late_blight,Tomato___Bacterial_spot,0.5780659,False
C:\Users\Lakshith K L\OneDrive\Desktop\smart_agriculture\PlantVillage-Dataset\raw\color\Corn_(maize)___Cercospora_leaf_spot Gray_leaf_spot\6e2464e9-1034-4ee9-9211-63e57ad09031___RS_GLSp 4661.JPG,Corn_(maize)___Cercospora_leaf_spot Gray_leaf_spot,Corn_(maize)___Northern_Leaf_Blight,0.5602155,False
C:\Users\Lakshith K L\OneDrive\Desktop\smart_agriculture\PlantVillage-Dataset\raw\color\Tomato___Target_Spot\4b5b48f8-7d82-400a-af7a-43f7804896c6___Com.G_TgS_FL 9762.JPG,Tomato___Target_Spot,Tomato___Spider_mites Two-spotted_spider_mite,0.50140786,False
C:\Users\Lakshith K L\OneDrive\Desktop\smart_agriculture\PlantVillage-Dataset\raw\color\Potato___Late_blight\93d91b96-e024-477c-9b76-796e3f1614d4___RS_LB 3297.JPG,Potato___Late_blight,Tomato___Late_blight,0.47963434,False
C:\Users\Lakshith K L\OneDrive\Desktop\smart_agriculture\PlantVillage-Dataset\raw\color\Corn_(maize)___Northern_Leaf_Blight\050342b4-44fa-4fba-8c56-88e3b575a78e___RS_NLB 3887.JPG,Corn_(maize)___Northern_Leaf_Blight,Corn_(maize)___Cercospora_leaf_spot Gray_leaf_spot,0.47300798,False
C:\Users\Lakshith K L\OneDrive\Desktop\smart_agriculture\PlantVillage-Dataset\raw\color\Tomato___Tomato_Yellow_Leaf_Curl_Virus\7ba60464-e168-4aed-8787-ec97b4cf861c___YLCV_GCREC 2016.JPG,Tomato___Tomato_Yellow_Leaf_Curl_Virus,Tomato___Tomato_mosaic_virus,0.45511293,False
C:\Users\Lakshith K L\OneDrive\Desktop\smart_agriculture\PlantVillage-Dataset\raw\color\Tomato___Target_Spot\e475a5f4-8166-4b18-9f29-8a7ccb541bbb___Com.G_TgS_FL 9878.JPG,Tomato___Target_Spot,Tomato___Septoria_leaf_spot,0.34195462,False
C:\Users\Lakshith K L\OneDrive\Desktop\smart_agriculture\PlantVillage-Dataset\raw\color\Cherry_(including_sour)___healthy\945405b7-e207-4cb2-a618-ac8a78c67c9f___JR_HL 9653.JPG,Cherry_(including_sour)___healthy,"Pepper,_bell___healthy",0.23679087,False
"C:\Users\Lakshith K L\OneDrive\Desktop\smart_agriculture\PlantVillage-Dataset\raw\color\Pepper,_bell___healthy\3306b49b-e3b3-4450-8609-ae44ab2b6593___bell-pepper-plant-61726.jpg","Pepper,_bell___healthy",Strawberry___Leaf_scorch,0.20549111,False
