image,uuid,sam2_mask,leaf_mask,disease_mask,leaf_pixels,disease_pixels,leaf_area_percent_of_image,severity_percent
f459c3ee-91f9-42e4-8a61-8c2b6ba9a435___RS_Erly.B 9522.JPG,f459c3ee-91f9-42e4-8a61-8c2b6ba9a435,leaf_226_0_f459c3ee-91f9-42e4-8a61-8c2b6ba9a435___RS_Erly.B 9522_disease_mask.png,leaf_226_0_f459c3ee-91f9-42e4-8a61-8c2b6ba9a435___RS_Erly.B 9522_disease_mask_leaf_mask.png,leaf_226_0_f459c3ee-91f9-42e4-8a61-8c2b6ba9a435___RS_Erly.B 9522_disease_mask_disease_mask.png,30805,1713,47.0047,5.5608
47465f0e-80ef-4641-b24b-7147dd82596d___RS_Erly.B 9473.JPG,47465f0e-80ef-4641-b24b-7147dd82596d,leaf_214_0_47465f0e-80ef-4641-b24b-7147dd82596d___RS_Erly.B 9473_disease_mask.png,leaf_214_0_47465f0e-80ef-4641-b24b-7147dd82596d___RS_Erly.B 9473_disease_mask_leaf_mask.png,leaf_214_0_47465f0e-80ef-4641-b24b-7147dd82596d___RS_Erly.B 9473_disease_mask_disease_mask.png,33821,6090,51.6068,18.0066
0208ed52-1b28-4c9c-88e3-4667581e1109___RS_Erly.B 7829.JPG,0208ed52-1b28-4c9c-88e3-4667581e1109,leaf_148_0_0208ed52-1b28-4c9c-88e3-4667581e1109___RS_Erly.B 7829_disease_mask.png,leaf_148_0_0208ed52-1b28-4c9c-88e3-4667581e1109___RS_Erly.B 7829_disease_mask_leaf_mask.png,leaf_148_0_0208ed52-1b28-4c9c-88e3-4667581e1109___RS_Erly.B 7829_disease_mask_disease_mask.png,25712,11069,39.2334,43.0499
c793a3d2-1f1d-486c-9140-87d2354c4874___RS_Erly.B 7545.JPG,c793a3d2-1f1d-486c-9140-87d2354c4874,leaf_77_0_c793a3d2-1f1d-486c-9140-87d2354c4874___RS_Erly.B 7545_disease_mask.png,leaf_77_0_c793a3d2-1f1d-486c-9140-87d2354c4874___RS_Erly.B 7545_disease_mask_leaf_mask.png,leaf_77_0_c793a3d2-1f1d-486c-9140-87d2354c4874___RS_Erly.B 7545_disease_mask_disease_mask.png,17417,5508,26.5762,31.6243
e330dc16-fdf9-4eee-8b09-88bfb5537180___RS_Erly.B 7601.JPG,e330dc16-fdf9-4eee-8b09-88bfb5537180,leaf_91_0_e330dc16-fdf9-4eee-8b09-88bfb5537180___RS_Erly.B 7601_disease_mask.png,leaf_91_0_e330dc16-fdf9-4eee-8b09-88bfb5537180___RS_Erly.B 7601_disease_mask_leaf_mask.png,leaf_91_0_e330dc16-fdf9-4eee-8b09-88bfb5537180___RS_Erly.B 7601_disease_mask_disease_mask.png,23186,10805,35.379,46.6014
0f03a09c-aa48-4d51-95e1-752c466c3742___RS_Erly.B 6413.JPG,0f03a09c-aa48-4d51-95e1-752c466c3742,leaf_15_0_0f03a09c-aa48-4d51-95e1-752c466c3742___RS_Erly.B 6413_disease_mask.png,leaf_15_0_0f03a09c-aa48-4d51-95e1-752c466c3742___RS_Erly.B 6413_disease_mask_leaf_mask.png,leaf_15_0_0f03a09c-aa48-4d51-95e1-752c466c3742___RS_Erly.B 6413_disease_mask_disease_mask.png,23563,6330,35.9543,26.8642
5fef7edb-3b8a-4f74-b980-493366ead004___RS_Erly.B 6476.JPG,5fef7edb-3b8a-4f74-b980-493366ead004,leaf_26_0_5fef7edb-3b8a-4f74-b980-493366ead004___RS_Erly.B 6476_disease_mask.png,leaf_26_0_5fef7edb-3b8a-4f74-b980-493366ead004___RS_Erly.B 6476_disease_mask_leaf_mask.png,leaf_26_0_5fef7edb-3b8a-4f74-b980-493366ead004___RS_Erly.B 6476_disease_mask_disease_mask.png,24828,2253,37.8845,9.0744
9eec6625-b337-403b-b93c-e809f4e0b8c4___RS_Erly.B 7681.JPG,9eec6625-b337-403b-b93c-e809f4e0b8c4,leaf_111_0_9eec6625-b337-403b-b93c-e809f4e0b8c4___RS_Erly.B 7681_disease_mask.png,leaf_111_0_9eec6625-b337-403b-b93c-e809f4e0b8c4___RS_Erly.B 7681_disease_mask_leaf_mask.png,leaf_111_0_9eec6625-b337-403b-b93c-e809f4e0b8c4___RS_Erly.B 7681_disease_mask_disease_mask.png,31877,1126,48.6404,3.5323
0c221e01-a85e-4794-b45b-3a91e349a8d2___RS_Erly.B 6425.JPG,0c221e01-a85e-4794-b45b-3a91e349a8d2,leaf_17_0_0c221e01-a85e-4794-b45b-3a91e349a8d2___RS_Erly.B 6425_disease_mask.png,leaf_17_0_0c221e01-a85e-4794-b45b-3a91e349a8d2___RS_Erly.B 6425_disease_mask_leaf_mask.png,leaf_17_0_0c221e01-a85e-4794-b45b-3a91e349a8d2___RS_Erly.B 6425_disease_mask_disease_mask.png,25934,5723,39.5721,22.0676
829d0a5e-326c-4ae6-a3c6-c65297cb5d2f___RS_Erly.B 8338.JPG,829d0a5e-326c-4ae6-a3c6-c65297cb5d2f,leaf_173_0_829d0a5e-326c-4ae6-a3c6-c65297cb5d2f___RS_Erly.B 8338_disease_mask.png,leaf_173_0_829d0a5e-326c-4ae6-a3c6-c65297cb5d2f___RS_Erly.B 8338_disease_mask_leaf_mask.png,leaf_173_0_829d0a5e-326c-4ae6-a3c6-c65297cb5d2f___RS_Erly.B 8338_disease_mask_disease_mask.png,25176,11414,38.4155,45.3368
bbcccb3c-bcf2-4dc9-b2e2-6aecd86f52d5___RS_Erly.B 8370.JPG,bbcccb3c-bcf2-4dc9-b2e2-6aecd86f52d5,leaf_177_0_bbcccb3c-bcf2-4dc9-b2e2-6aecd86f52d5___RS_Erly.B 8370_disease_mask.png,leaf_177_0_bbcccb3c-bcf2-4dc9-b2e2-6aecd86f52d5___RS_Erly.B 8370_disease_mask_leaf_mask.png,leaf_177_0_bbcccb3c-bcf2-4dc9-b2e2-6aecd86f52d5___RS_Erly.B 8370_disease_mask_disease_mask.png,35175,2289,53.6728,6.5075
7c1dc810-54ee-4442-86d5-6994d4736d92___RS_Erly.B 6430.JPG,7c1dc810-54ee-4442-86d5-6994d4736d92,leaf_18_0_7c1dc810-54ee-4442-86d5-6994d4736d92___RS_Erly.B 6430_disease_mask.png,leaf_18_0_7c1dc810-54ee-4442-86d5-6994d4736d92___RS_Erly.B 6430_disease_mask_leaf_mask.png,leaf_18_0_7c1dc810-54ee-4442-86d5-6994d4736d92___RS_Erly.B 6430_disease_mask_disease_mask.png,24994,4218,38.1378,16.8761
77b824b4-8d93-44cf-8e8d-b6433fea90b7___RS_Erly.B 6459.JPG,77b824b4-8d93-44cf-8e8d-b6433fea90b7,leaf_23_0_77b824b4-8d93-44cf-8e8d-b6433fea90b7___RS_Erly.B 6459_disease_mask.png,leaf_23_0_77b824b4-8d93-44cf-8e8d-b6433fea90b7___RS_Erly.B 6459_disease_mask_leaf_mask.png,leaf_23_0_77b824b4-8d93-44cf-8e8d-b6433fea90b7___RS_Erly.B 6459_disease_mask_disease_mask.png,21857,525,33.3511,2.402
a0cb35c3-0ae6-4b64-a42f-d14006f3d315___RS_Erly.B 7357.JPG,a0cb35c3-0ae6-4b64-a42f-d14006f3d315,leaf_34_0_a0cb35c3-0ae6-4b64-a42f-d14006f3d315___RS_Erly.B 7357_disease_mask.png,leaf_34_0_a0cb35c3-0ae6-4b64-a42f-d14006f3d315___RS_Erly.B 7357_disease_mask_leaf_mask.png,leaf_34_0_a0cb35c3-0ae6-4b64-a42f-d14006f3d315___RS_Erly.B 7357_disease_mask_disease_mask.png,29982,1126,45.7489,3.7556
2832ca53-be67-44c0-ac55-eb815bd85fd3___RS_Erly.B 8242.JPG,2832ca53-be67-44c0-ac55-eb815bd85fd3,leaf_161_0_2832ca53-be67-44c0-ac55-eb815bd85fd3___RS_Erly.B 8242_disease_mask.png,leaf_161_0_2832ca53-be67-44c0-ac55-eb815bd85fd3___RS_Erly.B 8242_disease_mask_leaf_mask.png,leaf_161_0_2832ca53-be67-44c0-ac55-eb815bd85fd3___RS_Erly.B 8242_disease_mask_disease_mask.png,32768,4758,50.0,14.5203
eaaea397-5e49-47e8-adad-f9a17e1cce65___RS_Erly.B 6487.JPG,eaaea397-5e49-47e8-adad-f9a17e1cce65,leaf_28_0_eaaea397-5e49-47e8-adad-f9a17e1cce65___RS_Erly.B 6487_disease_mask.png,leaf_28_0_eaaea397-5e49-47e8-adad-f9a17e1cce65___RS_Erly.B 6487_disease_mask_leaf_mask.png,leaf_28_0_eaaea397-5e49-47e8-adad-f9a17e1cce65___RS_Erly.B 6487_disease_mask_disease_mask.png,22125,7034,33.7601,31.7921
d0efac0c-12e0-4481-bf88-a99d9407b31b___RS_Erly.B 6466.JPG,d0efac0c-12e0-4481-bf88-a99d9407b31b,leaf_24_0_d0efac0c-12e0-4481-bf88-a99d9407b31b___RS_Erly.B 6466_disease_mask.png,leaf_24_0_d0efac0c-12e0-4481-bf88-a99d9407b31b___RS_Erly.B 6466_disease_mask_leaf_mask.png,leaf_24_0_d0efac0c-12e0-4481-bf88-a99d9407b31b___RS_Erly.B 6466_disease_mask_disease_mask.png,20147,8085,30.7419,40.13
4cbe4896-66b5-4834-8eb7-5baf49ed2f7d___RS_Erly.B 8354.JPG,4cbe4896-66b5-4834-8eb7-5baf49ed2f7d,leaf_175_0_4cbe4896-66b5-4834-8eb7-5baf49ed2f7d___RS_Erly.B 8354_disease_mask.png,leaf_175_0_4cbe4896-66b5-4834-8eb7-5baf49ed2f7d___RS_Erly.B 8354_disease_mask_leaf_mask.png,leaf_175_0_4cbe4896-66b5-4834-8eb7-5baf49ed2f7d___RS_Erly.B 8354_disease_mask_disease_mask.png,22567,3304,34.4345,14.6408
2840c2f1-b901-41c2-8d0c-7827bc7f8ab3___RS_Erly.B 9574.JPG,2840c2f1-b901-41c2-8d0c-7827bc7f8ab3,leaf_239_0_2840c2f1-b901-41c2-8d0c-7827bc7f8ab3___RS_Erly.B 9574_disease_mask.png,leaf_239_0_2840c2f1-b901-41c2-8d0c-7827bc7f8ab3___RS_Erly.B 9574_disease_mask_leaf_mask.png,leaf_239_0_2840c2f1-b901-41c2-8d0c-7827bc7f8ab3___RS_Erly.B 9574_disease_mask_disease_mask.png,26794,7194,40.8844,26.8493
6873f362-d13b-41f7-a44d-da51875e46f1___RS_Erly.B 9436.JPG,6873f362-d13b-41f7-a44d-da51875e46f1,leaf_205_0_6873f362-d13b-41f7-a44d-da51875e46f1___RS_Erly.B 9436_disease_mask.png,leaf_205_0_6873f362-d13b-41f7-a44d-da51875e46f1___RS_Erly.B 9436_disease_mask_leaf_mask.png,leaf_205_0_6873f362-d13b-41f7-a44d-da51875e46f1___RS_Erly.B 9436_disease_mask_disease_mask.png,29321,20543,44.7403,70.0624
64ef53fa-26cc-4734-8a94-6f83a108817f___RS_Erly.B 6348.JPG,64ef53fa-26cc-4734-8a94-6f83a108817f,leaf_4_0_64ef53fa-26cc-4734-8a94-6f83a108817f___RS_Erly.B 6348_disease_mask.png,leaf_4_0_64ef53fa-26cc-4734-8a94-6f83a108817f___RS_Erly.B 6348_disease_mask_leaf_mask.png,leaf_4_0_64ef53fa-26cc-4734-8a94-6f83a108817f___RS_Erly.B 6348_disease_mask_disease_mask.png,33544,1590,51.1841,4.74
3a8ed6b0-1566-4ab1-b0e2-6a670dfca65a___RS_Erly.B 7653.JPG,3a8ed6b0-1566-4ab1-b0e2-6a670dfca65a,leaf_104_0_3a8ed6b0-1566-4ab1-b0e2-6a670dfca65a___RS_Erly.B 7653_disease_mask.png,leaf_104_0_3a8ed6b0-1566-4ab1-b0e2-6a670dfca65a___RS_Erly.B 7653_disease_mask_leaf_mask.png,leaf_104_0_3a8ed6b0-1566-4ab1-b0e2-6a670dfca65a___RS_Erly.B 7653_disease_mask_disease_mask.png,28415,7368,43.3578,25.93
944646f0-3c8f-482b-8009-64d5fad8cdd7___RS_Erly.B 7468.JPG,944646f0-3c8f-482b-8009-64d5fad8cdd7,leaf_59_0_944646f0-3c8f-482b-8009-64d5fad8cdd7___RS_Erly.B 7468_disease_mask.png,leaf_59_0_944646f0-3c8f-482b-8009-64d5fad8cdd7___RS_Erly.B 7468_disease_mask_leaf_mask.png,leaf_59_0_944646f0-3c8f-482b-8009-64d5fad8cdd7___RS_Erly.B 7468_disease_mask_disease_mask.png,19406,1695,29.6112,8.7344
eaf0d111-089a-4808-a34c-dd40e3bb4db4___RS_Erly.B 8393.JPG,eaf0d111-089a-4808-a34c-dd40e3bb4db4,leaf_180_0_eaf0d111-089a-4808-a34c-dd40e3bb4db4___RS_Erly.B 8393_disease_mask.png,leaf_180_0_eaf0d111-089a-4808-a34c-dd40e3bb4db4___RS_Erly.B 8393_disease_mask_leaf_mask.png,leaf_180_0_eaf0d111-089a-4808-a34c-dd40e3bb4db4___RS_Erly.B 8393_disease_mask_disease_mask.png,34774,2945,53.0609,8.469
dbbc206a-90ab-4b29-abe0-5613028278be___RS_Erly.B 8409.JPG,dbbc206a-90ab-4b29-abe0-5613028278be,leaf_182_0_dbbc206a-90ab-4b29-abe0-5613028278be___RS_Erly.B 8409_disease_mask.png,leaf_182_0_dbbc206a-90ab-4b29-abe0-5613028278be___RS_Erly.B 8409_disease_mask_leaf_mask.png,leaf_182_0_dbbc206a-90ab-4b29-abe0-5613028278be___RS_Erly.B 8409_disease_mask_disease_mask.png,26302,6904,40.1337,26.249
d8754b7f-53a4-4e69-8f54-1ec9f7581799___RS_Erly.B 6436.JPG,d8754b7f-53a4-4e69-8f54-1ec9f7581799,leaf_19_0_d8754b7f-53a4-4e69-8f54-1ec9f7581799___RS_Erly.B 6436_disease_mask.png,leaf_19_0_d8754b7f-53a4-4e69-8f54-1ec9f7581799___RS_Erly.B 6436_disease_mask_leaf_mask.png,leaf_19_0_d8754b7f-53a4-4e69-8f54-1ec9f7581799___RS_Erly.B 6436_disease_mask_disease_mask.png,25562,9183,39.0045,35.9244
c684e255-de5d-4905-b934-962180be33cb___RS_Erly.B 7353.JPG,c684e255-de5d-4905-b934-962180be33cb,leaf_33_0_c684e255-de5d-4905-b934-962180be33cb___RS_Erly.B 7353_disease_mask.png,leaf_33_0_c684e255-de5d-4905-b934-962180be33cb___RS_Erly.B 7353_disease_mask_leaf_mask.png,leaf_33_0_c684e255-de5d-4905-b934-962180be33cb___RS_Erly.B 7353_disease_mask_disease_mask.png,23726,417,36.203,1.7576
16dcb9cd-05ab-46d3-b76e-d19c16077a6a___RS_Erly.B 8345.JPG,16dcb9cd-05ab-46d3-b76e-d19c16077a6a,leaf_174_0_16dcb9cd-05ab-46d3-b76e-d19c16077a6a___RS_Erly.B 8345_disease_mask.png,leaf_174_0_16dcb9cd-05ab-46d3-b76e-d19c16077a6a___RS_Erly.B 8345_disease_mask_leaf_mask.png,leaf_174_0_16dcb9cd-05ab-46d3-b76e-d19c16077a6a___RS_Erly.B 8345_disease_mask_disease_mask.png,33687,12837,51.4023,38.1067
0db67be3-f733-4d15-b7d9-5d075b2cafc7___RS_Erly.B 6401.JPG,0db67be3-f733-4d15-b7d9-5d075b2cafc7,leaf_13_0_0db67be3-f733-4d15-b7d9-5d075b2cafc7___RS_Erly.B 6401_disease_mask.png,leaf_13_0_0db67be3-f733-4d15-b7d9-5d075b2cafc7___RS_Erly.B 6401_disease_mask_leaf_mask.png,leaf_13_0_0db67be3-f733-4d15-b7d9-5d075b2cafc7___RS_Erly.B 6401_disease_mask_disease_mask.png,20408,10994,31.1401,53.871
deed458f-ec5b-46c7-9658-c005cf90fc11___RS_Erly.B 7480.JPG,deed458f-ec5b-46c7-9658-c005cf90fc11,leaf_62_0_deed458f-ec5b-46c7-9658-c005cf90fc11___RS_Erly.B 7480_disease_mask.png,leaf_62_0_deed458f-ec5b-46c7-9658-c005cf90fc11___RS_Erly.B 7480_disease_mask_leaf_mask.png,leaf_62_0_deed458f-ec5b-46c7-9658-c005cf90fc11___RS_Erly.B 7480_disease_mask_disease_mask.png,24972,162,38.1042,0.6487
906f1ca6-2923-40c2-a924-5486fc3d7ba0___RS_Erly.B 9444.JPG,906f1ca6-2923-40c2-a924-5486fc3d7ba0,leaf_207_0_906f1ca6-2923-40c2-a924-5486fc3d7ba0___RS_Erly.B 9444_disease_mask.png,leaf_207_0_906f1ca6-2923-40c2-a924-5486fc3d7ba0___RS_Erly.B 9444_disease_mask_leaf_mask.png,leaf_207_0_906f1ca6-2923-40c2-a924-5486fc3d7ba0___RS_Erly.B 9444_disease_mask_disease_mask.png,24774,952,37.8021,3.8427
a54e9f9d-e56b-4097-83c2-b137f9111edf___RS_Erly.B 9411.JPG,a54e9f9d-e56b-4097-83c2-b137f9111edf,leaf_199_0_a54e9f9d-e56b-4097-83c2-b137f9111edf___RS_Erly.B 9411_disease_mask.png,leaf_199_0_a54e9f9d-e56b-4097-83c2-b137f9111edf___RS_Erly.B 9411_disease_mask_leaf_mask.png,leaf_199_0_a54e9f9d-e56b-4097-83c2-b137f9111edf___RS_Erly.B 9411_disease_mask_disease_mask.png,36803,17354,56.1569,47.1538
eccf8abf-a178-464f-ba55-1d203f5f8a47___RS_Erly.B 6395.JPG,eccf8abf-a178-464f-ba55-1d203f5f8a47,leaf_12_0_eccf8abf-a178-464f-ba55-1d203f5f8a47___RS_Erly.B 6395_disease_mask.png,leaf_12_0_eccf8abf-a178-464f-ba55-1d203f5f8a47___RS_Erly.B 6395_disease_mask_leaf_mask.png,leaf_12_0_eccf8abf-a178-464f-ba55-1d203f5f8a47___RS_Erly.B 6395_disease_mask_disease_mask.png,25656,1741,39.1479,6.7859
7984dac1-acc8-466a-bbee-7377ea702462___RS_Erly.B 8386.JPG,7984dac1-acc8-466a-bbee-7377ea702462,leaf_179_0_7984dac1-acc8-466a-bbee-7377ea702462___RS_Erly.B 8386_disease_mask.png,leaf_179_0_7984dac1-acc8-466a-bbee-7377ea702462___RS_Erly.B 8386_disease_mask_leaf_mask.png,leaf_179_0_7984dac1-acc8-466a-bbee-7377ea702462___RS_Erly.B 8386_disease_mask_disease_mask.png,36256,1313,55.3223,3.6215
d5bddab9-06bd-488f-a844-97bd75c6b061___RS_Erly.B 6662.JPG,d5bddab9-06bd-488f-a844-97bd75c6b061,leaf_30_0_d5bddab9-06bd-488f-a844-97bd75c6b061___RS_Erly.B 6662_disease_mask.png,leaf_30_0_d5bddab9-06bd-488f-a844-97bd75c6b061___RS_Erly.B 6662_disease_mask_leaf_mask.png,leaf_30_0_d5bddab9-06bd-488f-a844-97bd75c6b061___RS_Erly.B 6662_disease_mask_disease_mask.png,38454,1085,58.6761,2.8216
893b7469-eb50-4567-9292-dc8f7610c311___RS_Erly.B 6442.JPG,893b7469-eb50-4567-9292-dc8f7610c311,leaf_20_0_893b7469-eb50-4567-9292-dc8f7610c311___RS_Erly.B 6442_disease_mask.png,leaf_20_0_893b7469-eb50-4567-9292-dc8f7610c311___RS_Erly.B 6442_disease_mask_leaf_mask.png,leaf_20_0_893b7469-eb50-4567-9292-dc8f7610c311___RS_Erly.B 6442_disease_mask_disease_mask.png,26866,1518,40.9943,5.6503
7621d943-ed1a-4ffb-8fa4-8c12d50424de___RS_Erly.B 8322.JPG,7621d943-ed1a-4ffb-8fa4-8c12d50424de,leaf_171_0_7621d943-ed1a-4ffb-8fa4-8c12d50424de___RS_Erly.B 8322_disease_mask.png,leaf_171_0_7621d943-ed1a-4ffb-8fa4-8c12d50424de___RS_Erly.B 8322_disease_mask_leaf_mask.png,leaf_171_0_7621d943-ed1a-4ffb-8fa4-8c12d50424de___RS_Erly.B 8322_disease_mask_disease_mask.png,25821,8117,39.3997,31.4357
c5ab9d87-f1bf-4fce-8133-c80ac2d52dd5___RS_Erly.B 7849.JPG,c5ab9d87-f1bf-4fce-8133-c80ac2d52dd5,leaf_153_0_c5ab9d87-f1bf-4fce-8133-c80ac2d52dd5___RS_Erly.B 7849_disease_mask.png,leaf_153_0_c5ab9d87-f1bf-4fce-8133-c80ac2d52dd5___RS_Erly.B 7849_disease_mask_leaf_mask.png,leaf_153_0_c5ab9d87-f1bf-4fce-8133-c80ac2d52dd5___RS_Erly.B 7849_disease_mask_disease_mask.png,20210,287,30.838,1.4201
03b7a13c-f5c0-44c4-beed-443841670e9a___RS_Erly.B 8225.JPG,03b7a13c-f5c0-44c4-beed-443841670e9a,leaf_159_0_03b7a13c-f5c0-44c4-beed-443841670e9a___RS_Erly.B 8225_disease_mask.png,leaf_159_0_03b7a13c-f5c0-44c4-beed-443841670e9a___RS_Erly.B 8225_disease_mask_leaf_mask.png,leaf_159_0_03b7a13c-f5c0-44c4-beed-443841670e9a___RS_Erly.B 8225_disease_mask_disease_mask.png,33850,1395,51.651,4.1211
b383b96d-13d9-454a-a179-3093e48d8708___RS_Erly.B 7500.JPG,b383b96d-13d9-454a-a179-3093e48d8708,leaf_66_0_b383b96d-13d9-454a-a179-3093e48d8708___RS_Erly.B 7500_disease_mask.png,leaf_66_0_b383b96d-13d9-454a-a179-3093e48d8708___RS_Erly.B 7500_disease_mask_leaf_mask.png,leaf_66_0_b383b96d-13d9-454a-a179-3093e48d8708___RS_Erly.B 7500_disease_mask_disease_mask.png,22207,3946,33.8852,17.7692
e7d248e4-a5e5-431f-9061-6383c14d8526___RS_Erly.B 7426.JPG,e7d248e4-a5e5-431f-9061-6383c14d8526,leaf_50_0_e7d248e4-a5e5-431f-9061-6383c14d8526___RS_Erly.B 7426_disease_mask.png,leaf_50_0_e7d248e4-a5e5-431f-9061-6383c14d8526___RS_Erly.B 7426_disease_mask_leaf_mask.png,leaf_50_0_e7d248e4-a5e5-431f-9061-6383c14d8526___RS_Erly.B 7426_disease_mask_disease_mask.png,21103,4665,32.2006,22.1059
90c69e4c-c526-4f72-b0b0-4127fc6acb0a___RS_Erly.B 7782.JPG,90c69e4c-c526-4f72-b0b0-4127fc6acb0a,leaf_136_0_90c69e4c-c526-4f72-b0b0-4127fc6acb0a___RS_Erly.B 7782_disease_mask.png,leaf_136_0_90c69e4c-c526-4f72-b0b0-4127fc6acb0a___RS_Erly.B 7782_disease_mask_leaf_mask.png,leaf_136_0_90c69e4c-c526-4f72-b0b0-4127fc6acb0a___RS_Erly.B 7782_disease_mask_disease_mask.png,19420,2278,29.6326,11.7302
9f496d43-f56d-4afa-99d9-7ac5fc9d9966___RS_Erly.B 9419.JPG,9f496d43-f56d-4afa-99d9-7ac5fc9d9966,leaf_201_0_9f496d43-f56d-4afa-99d9-7ac5fc9d9966___RS_Erly.B 9419_disease_mask.png,leaf_201_0_9f496d43-f56d-4afa-99d9-7ac5fc9d9966___RS_Erly.B 9419_disease_mask_leaf_mask.png,leaf_201_0_9f496d43-f56d-4afa-99d9-7ac5fc9d9966___RS_Erly.B 9419_disease_mask_disease_mask.png,29444,12060,44.928,40.9591
29345423-647e-4e1b-81f4-16d8cfc0e137___RS_Erly.B 7422.JPG,29345423-647e-4e1b-81f4-16d8cfc0e137,leaf_49_0_29345423-647e-4e1b-81f4-16d8cfc0e137___RS_Erly.B 7422_disease_mask.png,leaf_49_0_29345423-647e-4e1b-81f4-16d8cfc0e137___RS_Erly.B 7422_disease_mask_leaf_mask.png,leaf_49_0_29345423-647e-4e1b-81f4-16d8cfc0e137___RS_Erly.B 7422_disease_mask_disease_mask.png,27226,4261,41.5436,15.6505
32065728-b0b0-4840-b2cc-7461b371e57f___RS_Erly.B 6407.JPG,32065728-b0b0-4840-b2cc-7461b371e57f,leaf_14_0_32065728-b0b0-4840-b2cc-7461b371e57f___RS_Erly.B 6407_disease_mask.png,leaf_14_0_32065728-b0b0-4840-b2cc-7461b371e57f___RS_Erly.B 6407_disease_mask_leaf_mask.png,leaf_14_0_32065728-b0b0-4840-b2cc-7461b371e57f___RS_Erly.B 6407_disease_mask_disease_mask.png,23950,5114,36.5448,21.3528
a4bf3663-8d32-49e7-8394-cd0d29531704___RS_Erly.B 9465.JPG,a4bf3663-8d32-49e7-8394-cd0d29531704,leaf_212_0_a4bf3663-8d32-49e7-8394-cd0d29531704___RS_Erly.B 9465_disease_mask.png,leaf_212_0_a4bf3663-8d32-49e7-8394-cd0d29531704___RS_Erly.B 9465_disease_mask_leaf_mask.png,leaf_212_0_a4bf3663-8d32-49e7-8394-cd0d29531704___RS_Erly.B 9465_disease_mask_disease_mask.png,30218,7382,46.109,24.4291
28d9f1bd-ee80-46e1-b89c-5a855f0c8400___RS_Erly.B 7818.JPG,28d9f1bd-ee80-46e1-b89c-5a855f0c8400,leaf_145_0_28d9f1bd-ee80-46e1-b89c-5a855f0c8400___RS_Erly.B 7818_disease_mask.png,leaf_145_0_28d9f1bd-ee80-46e1-b89c-5a855f0c8400___RS_Erly.B 7818_disease_mask_leaf_mask.png,leaf_145_0_28d9f1bd-ee80-46e1-b89c-5a855f0c8400___RS_Erly.B 7818_disease_mask_disease_mask.png,27545,446,42.0303,1.6192
0f7a2408-9c26-4ff9-bee5-2bfcd91a11f7___RS_Erly.B 9440.JPG,0f7a2408-9c26-4ff9-bee5-2bfcd91a11f7,leaf_206_0_0f7a2408-9c26-4ff9-bee5-2bfcd91a11f7___RS_Erly.B 9440_disease_mask.png,leaf_206_0_0f7a2408-9c26-4ff9-bee5-2bfcd91a11f7___RS_Erly.B 9440_disease_mask_leaf_mask.png,leaf_206_0_0f7a2408-9c26-4ff9-bee5-2bfcd91a11f7___RS_Erly.B 9440_disease_mask_disease_mask.png,21885,3480,33.3939,15.9013
0621aab4-b9fd-4012-b0a6-ba72e63cd87d___RS_Erly.B 8220.JPG,0621aab4-b9fd-4012-b0a6-ba72e63cd87d,leaf_158_0_0621aab4-b9fd-4012-b0a6-ba72e63cd87d___RS_Erly.B 8220_disease_mask.png,leaf_158_0_0621aab4-b9fd-4012-b0a6-ba72e63cd87d___RS_Erly.B 8220_disease_mask_leaf_mask.png,leaf_158_0_0621aab4-b9fd-4012-b0a6-ba72e63cd87d___RS_Erly.B 8220_disease_mask_disease_mask.png,30713,19377,46.8643,63.0905
12c1c25b-6809-45d8-9a20-969de7860b5d___RS_Erly.B 6372.JPG,12c1c25b-6809-45d8-9a20-969de7860b5d,leaf_8_0_12c1c25b-6809-45d8-9a20-969de7860b5d___RS_Erly.B 6372_disease_mask.png,leaf_8_0_12c1c25b-6809-45d8-9a20-969de7860b5d___RS_Erly.B 6372_disease_mask_leaf_mask.png,leaf_8_0_12c1c25b-6809-45d8-9a20-969de7860b5d___RS_Erly.B 6372_disease_mask_disease_mask.png,32835,1751,50.1022,5.3327
66779f6e-2eb3-4bd5-82c1-e00bab5b3b9b___RS_Erly.B 7374.JPG,66779f6e-2eb3-4bd5-82c1-e00bab5b3b9b,leaf_38_0_66779f6e-2eb3-4bd5-82c1-e00bab5b3b9b___RS_Erly.B 7374_disease_mask.png,leaf_38_0_66779f6e-2eb3-4bd5-82c1-e00bab5b3b9b___RS_Erly.B 7374_disease_mask_leaf_mask.png,leaf_38_0_66779f6e-2eb3-4bd5-82c1-e00bab5b3b9b___RS_Erly.B 7374_disease_mask_disease_mask.png,26744,5456,40.8081,20.4008
2179421c-3ce3-4581-8b65-17da6fffd3db___RS_Erly.B 7730.JPG,2179421c-3ce3-4581-8b65-17da6fffd3db,leaf_123_0_2179421c-3ce3-4581-8b65-17da6fffd3db___RS_Erly.B 7730_disease_mask.png,leaf_123_0_2179421c-3ce3-4581-8b65-17da6fffd3db___RS_Erly.B 7730_disease_mask_leaf_mask.png,leaf_123_0_2179421c-3ce3-4581-8b65-17da6fffd3db___RS_Erly.B 7730_disease_mask_disease_mask.png,23290,341,35.5377,1.4641
e6645f63-afc8-416a-a4cb-0f5c719476ae___RS_Erly.B 6419.JPG,e6645f63-afc8-416a-a4cb-0f5c719476ae,leaf_16_0_e6645f63-afc8-416a-a4cb-0f5c719476ae___RS_Erly.B 6419_disease_mask.png,leaf_16_0_e6645f63-afc8-416a-a4cb-0f5c719476ae___RS_Erly.B 6419_disease_mask_leaf_mask.png,leaf_16_0_e6645f63-afc8-416a-a4cb-0f5c719476ae___RS_Erly.B 6419_disease_mask_disease_mask.png,22625,5221,34.523,23.0762
468dba17-366a-422f-b3b6-061261942b0d___RS_Erly.B 7853.JPG,468dba17-366a-422f-b3b6-061261942b0d,leaf_154_0_468dba17-366a-422f-b3b6-061261942b0d___RS_Erly.B 7853_disease_mask.png,leaf_154_0_468dba17-366a-422f-b3b6-061261942b0d___RS_Erly.B 7853_disease_mask_leaf_mask.png,leaf_154_0_468dba17-366a-422f-b3b6-061261942b0d___RS_Erly.B 7853_disease_mask_disease_mask.png,28940,6456,44.1589,22.3082
bb12ec71-c438-43f5-a077-e5924af2409e___RS_Erly.B 8402.JPG,bb12ec71-c438-43f5-a077-e5924af2409e,leaf_181_0_bb12ec71-c438-43f5-a077-e5924af2409e___RS_Erly.B 8402_disease_mask.png,leaf_181_0_bb12ec71-c438-43f5-a077-e5924af2409e___RS_Erly.B 8402_disease_mask_leaf_mask.png,leaf_181_0_bb12ec71-c438-43f5-a077-e5924af2409e___RS_Erly.B 8402_disease_mask_disease_mask.png,32445,5975,49.5071,18.4158
023fe2d4-6e1d-40ce-99ae-85ba90f436ff___RS_Erly.B 6354.JPG,023fe2d4-6e1d-40ce-99ae-85ba90f436ff,leaf_5_0_023fe2d4-6e1d-40ce-99ae-85ba90f436ff___RS_Erly.B 6354_disease_mask.png,leaf_5_0_023fe2d4-6e1d-40ce-99ae-85ba90f436ff___RS_Erly.B 6354_disease_mask_leaf_mask.png,leaf_5_0_023fe2d4-6e1d-40ce-99ae-85ba90f436ff___RS_Erly.B 6354_disease_mask_disease_mask.png,34216,1003,52.2095,2.9314
0e2e58b7-1417-49c4-b014-b5efb4b4b831___RS_Erly.B 8256.JPG,0e2e58b7-1417-49c4-b014-b5efb4b4b831,leaf_163_0_0e2e58b7-1417-49c4-b014-b5efb4b4b831___RS_Erly.B 8256_disease_mask.png,leaf_163_0_0e2e58b7-1417-49c4-b014-b5efb4b4b831___RS_Erly.B 8256_disease_mask_leaf_mask.png,leaf_163_0_0e2e58b7-1417-49c4-b014-b5efb4b4b831___RS_Erly.B 8256_disease_mask_disease_mask.png,23857,291,36.4029,1.2198
8a1d3598-cd1d-4978-9e18-b5e205108540___RS_Erly.B 8315.JPG,8a1d3598-cd1d-4978-9e18-b5e205108540,leaf_170_0_8a1d3598-cd1d-4978-9e18-b5e205108540___RS_Erly.B 8315_disease_mask.png,leaf_170_0_8a1d3598-cd1d-4978-9e18-b5e205108540___RS_Erly.B 8315_disease_mask_leaf_mask.png,leaf_170_0_8a1d3598-cd1d-4978-9e18-b5e205108540___RS_Erly.B 8315_disease_mask_disease_mask.png,20736,4861,31.6406,23.4423
4eccde8f-4b47-4e5e-b0aa-9eaa67b20126___RS_Erly.B 8417.JPG,4eccde8f-4b47-4e5e-b0aa-9eaa67b20126,leaf_183_0_4eccde8f-4b47-4e5e-b0aa-9eaa67b20126___RS_Erly.B 8417_disease_mask.png,leaf_183_0_4eccde8f-4b47-4e5e-b0aa-9eaa67b20126___RS_Erly.B 8417_disease_mask_leaf_mask.png,leaf_183_0_4eccde8f-4b47-4e5e-b0aa-9eaa67b20126___RS_Erly.B 8417_disease_mask_disease_mask.png,26051,881,39.7507,3.3818
b86c17e0-d24a-4edf-a67f-c16c421d36ae___RS_Erly.B 7746.JPG,b86c17e0-d24a-4edf-a67f-c16c421d36ae,leaf_127_0_b86c17e0-d24a-4edf-a67f-c16c421d36ae___RS_Erly.B 7746_disease_mask.png,leaf_127_0_b86c17e0-d24a-4edf-a67f-c16c421d36ae___RS_Erly.B 7746_disease_mask_leaf_mask.png,leaf_127_0_b86c17e0-d24a-4edf-a67f-c16c421d36ae___RS_Erly.B 7746_disease_mask_disease_mask.png,25085,1792,38.2767,7.1437
28d03063-a772-4136-80fd-3bbff0fffa41___RS_Erly.B 7370.JPG,28d03063-a772-4136-80fd-3bbff0fffa41,leaf_37_0_28d03063-a772-4136-80fd-3bbff0fffa41___RS_Erly.B 7370_disease_mask.png,leaf_37_0_28d03063-a772-4136-80fd-3bbff0fffa41___RS_Erly.B 7370_disease_mask_leaf_mask.png,leaf_37_0_28d03063-a772-4136-80fd-3bbff0fffa41___RS_Erly.B 7370_disease_mask_disease_mask.png,28926,2247,44.1376,7.7681
6f8046e5-2fc8-4243-a887-b4e99d16397d___RS_Erly.B 6471.JPG,6f8046e5-2fc8-4243-a887-b4e99d16397d,leaf_25_0_6f8046e5-2fc8-4243-a887-b4e99d16397d___RS_Erly.B 6471_disease_mask.png,leaf_25_0_6f8046e5-2fc8-4243-a887-b4e99d16397d___RS_Erly.B 6471_disease_mask_leaf_mask.png,leaf_25_0_6f8046e5-2fc8-4243-a887-b4e99d16397d___RS_Erly.B 6471_disease_mask_disease_mask.png,27528,2776,42.0044,10.0843
89e7a492-7347-4659-ac0b-2df664ed4c80___RS_Erly.B 8438.JPG,89e7a492-7347-4659-ac0b-2df664ed4c80,leaf_186_0_89e7a492-7347-4659-ac0b-2df664ed4c80___RS_Erly.B 8438_disease_mask.png,leaf_186_0_89e7a492-7347-4659-ac0b-2df664ed4c80___RS_Erly.B 8438_disease_mask_leaf_mask.png,leaf_186_0_89e7a492-7347-4659-ac0b-2df664ed4c80___RS_Erly.B 8438_disease_mask_disease_mask.png,27831,5439,42.4667,19.543
3064e2fc-3a71-4a66-8cd1-dc76ebc0c2e6___RS_Erly.B 7345.JPG,3064e2fc-3a71-4a66-8cd1-dc76ebc0c2e6,leaf_31_0_3064e2fc-3a71-4a66-8cd1-dc76ebc0c2e6___RS_Erly.B 7345_disease_mask.png,leaf_31_0_3064e2fc-3a71-4a66-8cd1-dc76ebc0c2e6___RS_Erly.B 7345_disease_mask_leaf_mask.png,leaf_31_0_3064e2fc-3a71-4a66-8cd1-dc76ebc0c2e6___RS_Erly.B 7345_disease_mask_disease_mask.png,22735,2398,34.6909,10.5476
cd2d8a7b-2389-4a2c-8647-b986092fa506___RS_Erly.B 8377.JPG,cd2d8a7b-2389-4a2c-8647-b986092fa506,leaf_178_0_cd2d8a7b-2389-4a2c-8647-b986092fa506___RS_Erly.B 8377_disease_mask.png,leaf_178_0_cd2d8a7b-2389-4a2c-8647-b986092fa506___RS_Erly.B 8377_disease_mask_leaf_mask.png,leaf_178_0_cd2d8a7b-2389-4a2c-8647-b986092fa506___RS_Erly.B 8377_disease_mask_disease_mask.png,34316,4632,52.3621,13.4981
b7b39e7d-16ca-4b55-9b3a-9bd68b746055___RS_Erly.B 7386.JPG,b7b39e7d-16ca-4b55-9b3a-9bd68b746055,leaf_40_0_b7b39e7d-16ca-4b55-9b3a-9bd68b746055___RS_Erly.B 7386_disease_mask.png,leaf_40_0_b7b39e7d-16ca-4b55-9b3a-9bd68b746055___RS_Erly.B 7386_disease_mask_leaf_mask.png,leaf_40_0_b7b39e7d-16ca-4b55-9b3a-9bd68b746055___RS_Erly.B 7386_disease_mask_disease_mask.png,26712,725,40.7593,2.7141
ad898210-9539-4fe4-abf0-a568b57ff205___RS_Erly.B 6336.JPG,ad898210-9539-4fe4-abf0-a568b57ff205,leaf_2_0_ad898210-9539-4fe4-abf0-a568b57ff205___RS_Erly.B 6336_disease_mask.png,leaf_2_0_ad898210-9539-4fe4-abf0-a568b57ff205___RS_Erly.B 6336_disease_mask_leaf_mask.png,leaf_2_0_ad898210-9539-4fe4-abf0-a568b57ff205___RS_Erly.B 6336_disease_mask_disease_mask.png,31499,2124,48.0637,6.7431
b165d0d3-726d-4913-8b92-3f14e1b99410___RS_Erly.B 6377.JPG,b165d0d3-726d-4913-8b92-3f14e1b99410,leaf_9_0_b165d0d3-726d-4913-8b92-3f14e1b99410___RS_Erly.B 6377_disease_mask.png,leaf_9_0_b165d0d3-726d-4913-8b92-3f14e1b99410___RS_Erly.B 6377_disease_mask_leaf_mask.png,leaf_9_0_b165d0d3-726d-4913-8b92-3f14e1b99410___RS_Erly.B 6377_disease_mask_disease_mask.png,26074,2654,39.7858,10.1787
dfd261ab-30ad-456c-93b3-874a4ebaeaaf___RS_Erly.B 8451.JPG,dfd261ab-30ad-456c-93b3-874a4ebaeaaf,leaf_188_0_dfd261ab-30ad-456c-93b3-874a4ebaeaaf___RS_Erly.B 8451_disease_mask.png,leaf_188_0_dfd261ab-30ad-456c-93b3-874a4ebaeaaf___RS_Erly.B 8451_disease_mask_leaf_mask.png,leaf_188_0_dfd261ab-30ad-456c-93b3-874a4ebaeaaf___RS_Erly.B 8451_disease_mask_disease_mask.png,31931,3792,48.7228,11.8756
fcf8557f-890e-441b-9dc1-c8854f694f2e___RS_Erly.B 9505.JPG,fcf8557f-890e-441b-9dc1-c8854f694f2e,leaf_222_0_fcf8557f-890e-441b-9dc1-c8854f694f2e___RS_Erly.B 9505_disease_mask.png,leaf_222_0_fcf8557f-890e-441b-9dc1-c8854f694f2e___RS_Erly.B 9505_disease_mask_leaf_mask.png,leaf_222_0_fcf8557f-890e-441b-9dc1-c8854f694f2e___RS_Erly.B 9505_disease_mask_disease_mask.png,30753,3303,46.9254,10.7404
1e671658-3463-4a38-8b6a-e2867aeeda10___RS_Erly.B 6359.JPG,1e671658-3463-4a38-8b6a-e2867aeeda10,leaf_6_0_1e671658-3463-4a38-8b6a-e2867aeeda10___RS_Erly.B 6359_disease_mask.png,leaf_6_0_1e671658-3463-4a38-8b6a-e2867aeeda10___RS_Erly.B 6359_disease_mask_leaf_mask.png,leaf_6_0_1e671658-3463-4a38-8b6a-e2867aeeda10___RS_Erly.B 6359_disease_mask_disease_mask.png,20304,4159,30.9814,20.4836
397ffe67-e784-44d5-ae1a-d1e2990c041b___RS_Erly.B 7637.JPG,397ffe67-e784-44d5-ae1a-d1e2990c041b,leaf_100_0_397ffe67-e784-44d5-ae1a-d1e2990c041b___RS_Erly.B 7637_disease_mask.png,leaf_100_0_397ffe67-e784-44d5-ae1a-d1e2990c041b___RS_Erly.B 7637_disease_mask_leaf_mask.png,leaf_100_0_397ffe67-e784-44d5-ae1a-d1e2990c041b___RS_Erly.B 7637_disease_mask_disease_mask.png,32478,657,49.5575,2.0229
121e9cbe-77d2-43ca-8e04-17a556a1c2b2___RS_Erly.B 7512.JPG,121e9cbe-77d2-43ca-8e04-17a556a1c2b2,leaf_69_0_121e9cbe-77d2-43ca-8e04-17a556a1c2b2___RS_Erly.B 7512_disease_mask.png,leaf_69_0_121e9cbe-77d2-43ca-8e04-17a556a1c2b2___RS_Erly.B 7512_disease_mask_leaf_mask.png,leaf_69_0_121e9cbe-77d2-43ca-8e04-17a556a1c2b2___RS_Erly.B 7512_disease_mask_disease_mask.png,26360,962,40.2222,3.6495
e94d68c8-f185-4b3d-9b44-ad12e3dc891d___RS_Erly.B 9598.JPG,e94d68c8-f185-4b3d-9b44-ad12e3dc891d,leaf_245_0_e94d68c8-f185-4b3d-9b44-ad12e3dc891d___RS_Erly.B 9598_disease_mask.png,leaf_245_0_e94d68c8-f185-4b3d-9b44-ad12e3dc891d___RS_Erly.B 9598_disease_mask_leaf_mask.png,leaf_245_0_e94d68c8-f185-4b3d-9b44-ad12e3dc891d___RS_Erly.B 9598_disease_mask_disease_mask.png,30906,9310,47.1588,30.1236
422802e1-cee5-43b7-b735-7f90b5e5d4e2___RS_Erly.B 7349.JPG,422802e1-cee5-43b7-b735-7f90b5e5d4e2,leaf_32_0_422802e1-cee5-43b7-b735-7f90b5e5d4e2___RS_Erly.B 7349_disease_mask.png,leaf_32_0_422802e1-cee5-43b7-b735-7f90b5e5d4e2___RS_Erly.B 7349_disease_mask_leaf_mask.png,leaf_32_0_422802e1-cee5-43b7-b735-7f90b5e5d4e2___RS_Erly.B 7349_disease_mask_disease_mask.png,23991,1477,36.6074,6.1565
498e5205-4421-4ec6-80b5-e4f79156b1c5___RS_Erly.B 7362.JPG,498e5205-4421-4ec6-80b5-e4f79156b1c5,leaf_35_0_498e5205-4421-4ec6-80b5-e4f79156b1c5___RS_Erly.B 7362_disease_mask.png,leaf_35_0_498e5205-4421-4ec6-80b5-e4f79156b1c5___RS_Erly.B 7362_disease_mask_leaf_mask.png,leaf_35_0_498e5205-4421-4ec6-80b5-e4f79156b1c5___RS_Erly.B 7362_disease_mask_disease_mask.png,29730,3067,45.3644,10.3162
