json_file,image_file,plant,disease,leaf_pixels,disease_pixels,human_severity,human_severity_level,sam2_severity,severity_error,absolute_severity_error,leaf_mask,disease_mask,overlay,split
114_Tomato___Leaf_Mold_Tomato___Leaf_Mold_0076.json,114_Tomato___Leaf_Mold_Tomato___Leaf_Mold_0076.jpg,Tomato,Tomato___Leaf_Mold,26147,6638,25.387233717061232,MEDIUM,14.4069,10.980333717061232,10.980333717061232,E:\smart_agriculture\smart_agriculture\ai\severity\dataset\human_gt_120\masks\114_Tomato___Leaf_Mold_Tomato___Leaf_Mold_0076_leaf.png,E:\smart_agriculture\smart_agriculture\ai\severity\dataset\human_gt_120\masks\114_Tomato___Leaf_Mold_Tomato___Leaf_Mold_0076_disease.png,E:\smart_agriculture\smart_agriculture\ai\severity\dataset\human_gt_120\overlays\114_Tomato___Leaf_Mold_Tomato___Leaf_Mold_0076_overlay.jpg,train
064_Potato___Early_blight_Potato___Early_blight_0211.json,064_Potato___Early_blight_Potato___Early_blight_0211.jpg,Potato,Potato___Early_blight,30710,7496,24.40898730055357,MEDIUM,3.814,20.59498730055357,20.59498730055357,E:\smart_agriculture\smart_agriculture\ai\severity\dataset\human_gt_120\masks\064_Potato___Early_blight_Potato___Early_blight_0211_leaf.png,E:\smart_agriculture\smart_agriculture\ai\severity\dataset\human_gt_120\masks\064_Potato___Early_blight_Potato___Early_blight_0211_disease.png,E:\smart_agriculture\smart_agriculture\ai\severity\dataset\human_gt_120\overlays\064_Potato___Early_blight_Potato___Early_blight_0211_overlay.jpg,train
071_Potato___Late_blight_Potato___Late_blight_0119.json,071_Potato___Late_blight_Potato___Late_blight_0119.jpg,Potato,Potato___Late_blight,30125,8870,29.443983402489625,MEDIUM,0.351,29.092983402489622,29.092983402489622,E:\smart_agriculture\smart_agriculture\ai\severity\dataset\human_gt_120\masks\071_Potato___Late_blight_Potato___Late_blight_0119_leaf.png,E:\smart_agriculture\smart_agriculture\ai\severity\dataset\human_gt_120\masks\071_Potato___Late_blight_Potato___Late_blight_0119_disease.png,E:\smart_agriculture\smart_agriculture\ai\severity\dataset\human_gt_120\overlays\071_Potato___Late_blight_Potato___Late_blight_0119_overlay.jpg,train
089_Tomato___Bacterial_spot_Tomato___Bacterial_spot_0128.json,089_Tomato___Bacterial_spot_Tomato___Bacterial_spot_0128.jpg,Tomato,Tomato___Bacterial_spot,30341,3845,12.672621205629348,MEDIUM,41.4261,-28.75347879437065,28.75347879437065,E:\smart_agriculture\smart_agriculture\ai\severity\dataset\human_gt_120\masks\089_Tomato___Bacterial_spot_Tomato___Bacterial_spot_0128_leaf.png,E:\smart_agriculture\smart_agriculture\ai\severity\dataset\human_gt_120\masks\089_Tomato___Bacterial_spot_Tomato___Bacterial_spot_0128_disease.png,E:\smart_agriculture\smart_agriculture\ai\severity\dataset\human_gt_120\overlays\089_Tomato___Bacterial_spot_Tomato___Bacterial_spot_0128_overlay.jpg,train
027_Apple___Cedar_apple_rust_Apple___Cedar_apple_rust_0103.json,027_Apple___Cedar_apple_rust_Apple___Cedar_apple_rust_0103.jpg,Apple,Apple___Cedar_apple_rust,26758,6548,24.47118618730847,MEDIUM,33.0566,-8.585413812691534,8.585413812691534,E:\smart_agriculture\smart_agriculture\ai\severity\dataset\human_gt_120\masks\027_Apple___Cedar_apple_rust_Apple___Cedar_apple_rust_0103_leaf.png,E:\smart_agriculture\smart_agriculture\ai\severity\dataset\human_gt_120\masks\027_Apple___Cedar_apple_rust_Apple___Cedar_apple_rust_0103_disease.png,E:\smart_agriculture\smart_agriculture\ai\severity\dataset\human_gt_120\overlays\027_Apple___Cedar_apple_rust_Apple___Cedar_apple_rust_0103_overlay.jpg,train
045_Corn_(maize)___Common_rust__Corn_maize___Common_rust__0031.json,045_Corn_(maize)___Common_rust__Corn_maize___Common_rust__0031.jpg,Corn,Corn_(maize)___Common_rust_,47128,19792,41.99626548973009,HIGH,5.3283,36.66796548973009,36.66796548973009,E:\smart_agriculture\smart_agriculture\ai\severity\dataset\human_gt_120\masks\045_Corn_(maize)___Common_rust__Corn_maize___Common_rust__0031_leaf.png,E:\smart_agriculture\smart_agriculture\ai\severity\dataset\human_gt_120\masks\045_Corn_(maize)___Common_rust__Corn_maize___Common_rust__0031_disease.png,E:\smart_agriculture\smart_agriculture\ai\severity\dataset\human_gt_120\overlays\045_Corn_(maize)___Common_rust__Corn_maize___Common_rust__0031_overlay.jpg,train
009_Apple___Apple_scab_Apple___Apple_scab_0071.json,009_Apple___Apple_scab_Apple___Apple_scab_0071.jpg,Apple,Apple___Apple_scab,39051,2651,6.788558551637602,LOW,42.0712,-35.2826414483624,35.2826414483624,E:\smart_agriculture\smart_agriculture\ai\severity\dataset\human_gt_120\masks\009_Apple___Apple_scab_Apple___Apple_scab_0071_leaf.png,E:\smart_agriculture\smart_agriculture\ai\severity\dataset\human_gt_120\masks\009_Apple___Apple_scab_Apple___Apple_scab_0071_disease.png,E:\smart_agriculture\smart_agriculture\ai\severity\dataset\human_gt_120\overlays\009_Apple___Apple_scab_Apple___Apple_scab_0071_overlay.jpg,train
073_Potato___Late_blight_Potato___Late_blight_0115.json,073_Potato___Late_blight_Potato___Late_blight_0115.jpg,Potato,Potato___Late_blight,31985,12103,37.83961231827419,MEDIUM,3.8979,33.94171231827419,33.94171231827419,E:\smart_agriculture\smart_agriculture\ai\severity\dataset\human_gt_120\masks\073_Potato___Late_blight_Potato___Late_blight_0115_leaf.png,E:\smart_agriculture\smart_agriculture\ai\severity\dataset\human_gt_120\masks\073_Potato___Late_blight_Potato___Late_blight_0115_disease.png,E:\smart_agriculture\smart_agriculture\ai\severity\dataset\human_gt_120\overlays\073_Potato___Late_blight_Potato___Late_blight_0115_overlay.jpg,train
007_Apple___Apple_scab_Apple___Apple_scab_0128.json,007_Apple___Apple_scab_Apple___Apple_scab_0128.jpg,Apple,Apple___Apple_scab,28040,4270,15.22824536376605,MEDIUM,32.8546,-17.62635463623395,17.62635463623395,E:\smart_agriculture\smart_agriculture\ai\severity\dataset\human_gt_120\masks\007_Apple___Apple_scab_Apple___Apple_scab_0128_leaf.png,E:\smart_agriculture\smart_agriculture\ai\severity\dataset\human_gt_120\masks\007_Apple___Apple_scab_Apple___Apple_scab_0128_disease.png,E:\smart_agriculture\smart_agriculture\ai\severity\dataset\human_gt_120\overlays\007_Apple___Apple_scab_Apple___Apple_scab_0128_overlay.jpg,train
059_Corn_(maize)___Northern_Leaf_Blight_Corn_maize___Northern_Leaf_Blight_0219.json,059_Corn_(maize)___Northern_Leaf_Blight_Corn_maize___Northern_Leaf_Blight_0219.jpg,Corn,Corn_(maize)___Northern_Leaf_Blight,46790,5507,11.76960889078863,MEDIUM,42.395,-30.62539110921137,30.62539110921137,E:\smart_agriculture\smart_agriculture\ai\severity\dataset\human_gt_120\masks\059_Corn_(maize)___Northern_Leaf_Blight_Corn_maize___Northern_Leaf_Blight_0219_leaf.png,E:\smart_agriculture\smart_agriculture\ai\severity\dataset\human_gt_120\masks\059_Corn_(maize)___Northern_Leaf_Blight_Corn_maize___Northern_Leaf_Blight_0219_disease.png,E:\smart_agriculture\smart_agriculture\ai\severity\dataset\human_gt_120\overlays\059_Corn_(maize)___Northern_Leaf_Blight_Corn_maize___Northern_Leaf_Blight_0219_overlay.jpg,train
029_Apple___Cedar_apple_rust_Apple___Cedar_apple_rust_0022.json,029_Apple___Cedar_apple_rust_Apple___Cedar_apple_rust_0022.jpg,Apple,Apple___Cedar_apple_rust,24007,2284,9.51389178156371,LOW,39.7049,-30.19100821843629,30.19100821843629,E:\smart_agriculture\smart_agriculture\ai\severity\dataset\human_gt_120\masks\029_Apple___Cedar_apple_rust_Apple___Cedar_apple_rust_0022_leaf.png,E:\smart_agriculture\smart_agriculture\ai\severity\dataset\human_gt_120\masks\029_Apple___Cedar_apple_rust_Apple___Cedar_apple_rust_0022_disease.png,E:\smart_agriculture\smart_agriculture\ai\severity\dataset\human_gt_120\overlays\029_Apple___Cedar_apple_rust_Apple___Cedar_apple_rust_0022_overlay.jpg,train
096_Tomato___Early_blight_Tomato___Early_blight_0231.json,096_Tomato___Early_blight_Tomato___Early_blight_0231.jpg,Tomato,Tomato___Early_blight,21214,2819,13.288394456490996,MEDIUM,27.6199,-14.331505543509005,14.331505543509005,E:\smart_agriculture\smart_agriculture\ai\severity\dataset\human_gt_120\masks\096_Tomato___Early_blight_Tomato___Early_blight_0231_leaf.png,E:\smart_agriculture\smart_agriculture\ai\severity\dataset\human_gt_120\masks\096_Tomato___Early_blight_Tomato___Early_blight_0231_disease.png,E:\smart_agriculture\smart_agriculture\ai\severity\dataset\human_gt_120\overlays\096_Tomato___Early_blight_Tomato___Early_blight_0231_overlay.jpg,train
025_Apple___Cedar_apple_rust_Apple___Cedar_apple_rust_0240.json,025_Apple___Cedar_apple_rust_Apple___Cedar_apple_rust_0240.jpg,Apple,Apple___Cedar_apple_rust,24386,485,1.9888460592143036,LOW,28.2227,-26.233853940785696,26.233853940785696,E:\smart_agriculture\smart_agriculture\ai\severity\dataset\human_gt_120\masks\025_Apple___Cedar_apple_rust_Apple___Cedar_apple_rust_0240_leaf.png,E:\smart_agriculture\smart_agriculture\ai\severity\dataset\human_gt_120\masks\025_Apple___Cedar_apple_rust_Apple___Cedar_apple_rust_0240_disease.png,E:\smart_agriculture\smart_agriculture\ai\severity\dataset\human_gt_120\overlays\025_Apple___Cedar_apple_rust_Apple___Cedar_apple_rust_0240_overlay.jpg,train
095_Tomato___Early_blight_Tomato___Early_blight_0238.json,095_Tomato___Early_blight_Tomato___Early_blight_0238.jpg,Tomato,Tomato___Early_blight,32299,1153,3.569769961918326,LOW,19.2445,-15.674730038081671,15.674730038081671,E:\smart_agriculture\smart_agriculture\ai\severity\dataset\human_gt_120\masks\095_Tomato___Early_blight_Tomato___Early_blight_0238_leaf.png,E:\smart_agriculture\smart_agriculture\ai\severity\dataset\human_gt_120\masks\095_Tomato___Early_blight_Tomato___Early_blight_0238_disease.png,E:\smart_agriculture\smart_agriculture\ai\severity\dataset\human_gt_120\overlays\095_Tomato___Early_blight_Tomato___Early_blight_0238_overlay.jpg,train
038_Corn_(maize)___Cercospora_leaf_spot_Gray_leaf_spot_Corn_maize___Cercospora_leaf_spot_Gray_leaf_spot_0104.json,038_Corn_(maize)___Cercospora_leaf_spot_Gray_leaf_spot_Corn_maize___Cercospora_leaf_spot_Gray_leaf_spot_0104.jpg,Corn,Corn_(maize)___Cercospora_leaf_spot Gray_leaf_spot,53757,11330,21.07632494372826,MEDIUM,16.7361,4.340224943728259,4.340224943728259,E:\smart_agriculture\smart_agriculture\ai\severity\dataset\human_gt_120\masks\038_Corn_(maize)___Cercospora_leaf_spot_Gray_leaf_spot_Corn_maize___Cercospora_leaf_spot_Gray_leaf_spot_0104_leaf.png,E:\smart_agriculture\smart_agriculture\ai\severity\dataset\human_gt_120\masks\038_Corn_(maize)___Cercospora_leaf_spot_Gray_leaf_spot_Corn_maize___Cercospora_leaf_spot_Gray_leaf_spot_0104_disease.png,E:\smart_agriculture\smart_agriculture\ai\severity\dataset\human_gt_120\overlays\038_Corn_(maize)___Cercospora_leaf_spot_Gray_leaf_spot_Corn_maize___Cercospora_leaf_spot_Gray_leaf_spot_0104_overlay.jpg,train
041_Corn_(maize)___Common_rust__Corn_maize___Common_rust__0203.json,041_Corn_(maize)___Common_rust__Corn_maize___Common_rust__0203.jpg,Corn,Corn_(maize)___Common_rust_,31013,25489,82.18811466159353,SEVERE,0.0348,82.15331466159353,82.15331466159353,E:\smart_agriculture\smart_agriculture\ai\severity\dataset\human_gt_120\masks\041_Corn_(maize)___Common_rust__Corn_maize___Common_rust__0203_leaf.png,E:\smart_agriculture\smart_agriculture\ai\severity\dataset\human_gt_120\masks\041_Corn_(maize)___Common_rust__Corn_maize___Common_rust__0203_disease.png,E:\smart_agriculture\smart_agriculture\ai\severity\dataset\human_gt_120\overlays\041_Corn_(maize)___Common_rust__Corn_maize___Common_rust__0203_overlay.jpg,train
021_Apple___Cedar_apple_rust_Apple___Cedar_apple_rust_0005.json,021_Apple___Cedar_apple_rust_Apple___Cedar_apple_rust_0005.jpg,Apple,Apple___Cedar_apple_rust,31324,3794,12.112118503383988,MEDIUM,0.1114,12.000718503383988,12.000718503383988,E:\smart_agriculture\smart_agriculture\ai\severity\dataset\human_gt_120\masks\021_Apple___Cedar_apple_rust_Apple___Cedar_apple_rust_0005_leaf.png,E:\smart_agriculture\smart_agriculture\ai\severity\dataset\human_gt_120\masks\021_Apple___Cedar_apple_rust_Apple___Cedar_apple_rust_0005_disease.png,E:\smart_agriculture\smart_agriculture\ai\severity\dataset\human_gt_120\overlays\021_Apple___Cedar_apple_rust_Apple___Cedar_apple_rust_0005_overlay.jpg,train
075_Potato___Late_blight_Potato___Late_blight_0234.json,075_Potato___Late_blight_Potato___Late_blight_0234.jpg,Potato,Potato___Late_blight,32502,8273,25.453818226570675,MEDIUM,11.2167,14.237118226570676,14.237118226570676,E:\smart_agriculture\smart_agriculture\ai\severity\dataset\human_gt_120\masks\075_Potato___Late_blight_Potato___Late_blight_0234_leaf.png,E:\smart_agriculture\smart_agriculture\ai\severity\dataset\human_gt_120\masks\075_Potato___Late_blight_Potato___Late_blight_0234_disease.png,E:\smart_agriculture\smart_agriculture\ai\severity\dataset\human_gt_120\overlays\075_Potato___Late_blight_Potato___Late_blight_0234_overlay.jpg,train
004_Apple___Apple_scab_Apple___Apple_scab_0203.json,004_Apple___Apple_scab_Apple___Apple_scab_0203.jpg,Apple,Apple___Apple_scab,34457,1917,5.563455901558465,LOW,15.5676,-10.004144098441536,10.004144098441536,E:\smart_agriculture\smart_agriculture\ai\severity\dataset\human_gt_120\masks\004_Apple___Apple_scab_Apple___Apple_scab_0203_leaf.png,E:\smart_agriculture\smart_agriculture\ai\severity\dataset\human_gt_120\masks\004_Apple___Apple_scab_Apple___Apple_scab_0203_disease.png,E:\smart_agriculture\smart_agriculture\ai\severity\dataset\human_gt_120\overlays\004_Apple___Apple_scab_Apple___Apple_scab_0203_overlay.jpg,train
026_Apple___Cedar_apple_rust_Apple___Cedar_apple_rust_0205.json,026_Apple___Cedar_apple_rust_Apple___Cedar_apple_rust_0205.jpg,Apple,Apple___Cedar_apple_rust,26816,1454,5.422136038186157,LOW,31.0791,-25.656963961813844,25.656963961813844,E:\smart_agriculture\smart_agriculture\ai\severity\dataset\human_gt_120\masks\026_Apple___Cedar_apple_rust_Apple___Cedar_apple_rust_0205_leaf.png,E:\smart_agriculture\smart_agriculture\ai\severity\dataset\human_gt_120\masks\026_Apple___Cedar_apple_rust_Apple___Cedar_apple_rust_0205_disease.png,E:\smart_agriculture\smart_agriculture\ai\severity\dataset\human_gt_120\overlays\026_Apple___Cedar_apple_rust_Apple___Cedar_apple_rust_0205_overlay.jpg,train
120_Tomato___Leaf_Mold_Tomato___Leaf_Mold_0107.json,120_Tomato___Leaf_Mold_Tomato___Leaf_Mold_0107.jpg,Tomato,Tomato___Leaf_Mold,23890,9044,37.85684386772708,MEDIUM,44.4513,-6.594456132272924,6.594456132272924,E:\smart_agriculture\smart_agriculture\ai\severity\dataset\human_gt_120\masks\120_Tomato___Leaf_Mold_Tomato___Leaf_Mold_0107_leaf.png,E:\smart_agriculture\smart_agriculture\ai\severity\dataset\human_gt_120\masks\120_Tomato___Leaf_Mold_Tomato___Leaf_Mold_0107_disease.png,E:\smart_agriculture\smart_agriculture\ai\severity\dataset\human_gt_120\overlays\120_Tomato___Leaf_Mold_Tomato___Leaf_Mold_0107_overlay.jpg,train
024_Apple___Cedar_apple_rust_Apple___Cedar_apple_rust_0042.json,024_Apple___Cedar_apple_rust_Apple___Cedar_apple_rust_0042.jpg,Apple,Apple___Cedar_apple_rust,26616,1608,6.041478809738504,LOW,26.6068,-20.565321190261496,20.565321190261496,E:\smart_agriculture\smart_agriculture\ai\severity\dataset\human_gt_120\masks\024_Apple___Cedar_apple_rust_Apple___Cedar_apple_rust_0042_leaf.png,E:\smart_agriculture\smart_agriculture\ai\severity\dataset\human_gt_120\masks\024_Apple___Cedar_apple_rust_Apple___Cedar_apple_rust_0042_disease.png,E:\smart_agriculture\smart_agriculture\ai\severity\dataset\human_gt_120\overlays\024_Apple___Cedar_apple_rust_Apple___Cedar_apple_rust_0042_overlay.jpg,train
014_Apple___Black_rot_Apple___Black_rot_0178.json,014_Apple___Black_rot_Apple___Black_rot_0178.jpg,Apple,Apple___Black_rot,30558,1952,6.387852608154984,LOW,23.0593,-16.671447391845017,16.671447391845017,E:\smart_agriculture\smart_agriculture\ai\severity\dataset\human_gt_120\masks\014_Apple___Black_rot_Apple___Black_rot_0178_leaf.png,E:\smart_agriculture\smart_agriculture\ai\severity\dataset\human_gt_120\masks\014_Apple___Black_rot_Apple___Black_rot_0178_disease.png,E:\smart_agriculture\smart_agriculture\ai\severity\dataset\human_gt_120\overlays\014_Apple___Black_rot_Apple___Black_rot_0178_overlay.jpg,train
011_Apple___Black_rot_Apple___Black_rot_0188.json,011_Apple___Black_rot_Apple___Black_rot_0188.jpg,Apple,Apple___Black_rot,34091,145,0.4253321991141357,LOW,0.5707,-0.1453678008858642,0.1453678008858642,E:\smart_agriculture\smart_agriculture\ai\severity\dataset\human_gt_120\masks\011_Apple___Black_rot_Apple___Black_rot_0188_leaf.png,E:\smart_agriculture\smart_agriculture\ai\severity\dataset\human_gt_120\masks\011_Apple___Black_rot_Apple___Black_rot_0188_disease.png,E:\smart_agriculture\smart_agriculture\ai\severity\dataset\human_gt_120\overlays\011_Apple___Black_rot_Apple___Black_rot_0188_overlay.jpg,train
046_Corn_(maize)___Common_rust__Corn_maize___Common_rust__0107.json,046_Corn_(maize)___Common_rust__Corn_maize___Common_rust__0107.jpg,Corn,Corn_(maize)___Common_rust_,50290,17216,34.23344601312388,MEDIUM,10.3173,23.91614601312388,23.91614601312388,E:\smart_agriculture\smart_agriculture\ai\severity\dataset\human_gt_120\masks\046_Corn_(maize)___Common_rust__Corn_maize___Common_rust__0107_leaf.png,E:\smart_agriculture\smart_agriculture\ai\severity\dataset\human_gt_120\masks\046_Corn_(maize)___Common_rust__Corn_maize___Common_rust__0107_disease.png,E:\smart_agriculture\smart_agriculture\ai\severity\dataset\human_gt_120\overlays\046_Corn_(maize)___Common_rust__Corn_maize___Common_rust__0107_overlay.jpg,train
106_Tomato___Late_blight_Tomato___Late_blight_0008.json,106_Tomato___Late_blight_Tomato___Late_blight_0008.jpg,Tomato,Tomato___Late_blight,9896,5668,57.27566693613581,HIGH,29.2908,27.984866936135813,27.984866936135813,E:\smart_agriculture\smart_agriculture\ai\severity\dataset\human_gt_120\masks\106_Tomato___Late_blight_Tomato___Late_blight_0008_leaf.png,E:\smart_agriculture\smart_agriculture\ai\severity\dataset\human_gt_120\masks\106_Tomato___Late_blight_Tomato___Late_blight_0008_disease.png,E:\smart_agriculture\smart_agriculture\ai\severity\dataset\human_gt_120\overlays\106_Tomato___Late_blight_Tomato___Late_blight_0008_overlay.jpg,train
090_Tomato___Bacterial_spot_Tomato___Bacterial_spot_0098.json,090_Tomato___Bacterial_spot_Tomato___Bacterial_spot_0098.jpg,Tomato,Tomato___Bacterial_spot,33162,7269,21.91966708883662,MEDIUM,44.9921,-23.072432911163386,23.072432911163386,E:\smart_agriculture\smart_agriculture\ai\severity\dataset\human_gt_120\masks\090_Tomato___Bacterial_spot_Tomato___Bacterial_spot_0098_leaf.png,E:\smart_agriculture\smart_agriculture\ai\severity\dataset\human_gt_120\masks\090_Tomato___Bacterial_spot_Tomato___Bacterial_spot_0098_disease.png,E:\smart_agriculture\smart_agriculture\ai\severity\dataset\human_gt_120\overlays\090_Tomato___Bacterial_spot_Tomato___Bacterial_spot_0098_overlay.jpg,train
088_Tomato___Bacterial_spot_Tomato___Bacterial_spot_0216.json,088_Tomato___Bacterial_spot_Tomato___Bacterial_spot_0216.jpg,Tomato,Tomato___Bacterial_spot,28901,1995,6.902875333033459,LOW,38.7299,-31.82702466696654,31.82702466696654,E:\smart_agriculture\smart_agriculture\ai\severity\dataset\human_gt_120\masks\088_Tomato___Bacterial_spot_Tomato___Bacterial_spot_0216_leaf.png,E:\smart_agriculture\smart_agriculture\ai\severity\dataset\human_gt_120\masks\088_Tomato___Bacterial_spot_Tomato___Bacterial_spot_0216_disease.png,E:\smart_agriculture\smart_agriculture\ai\severity\dataset\human_gt_120\overlays\088_Tomato___Bacterial_spot_Tomato___Bacterial_spot_0216_overlay.jpg,train
083_Tomato___Bacterial_spot_Tomato___Bacterial_spot_0109.json,083_Tomato___Bacterial_spot_Tomato___Bacterial_spot_0109.jpg,Tomato,Tomato___Bacterial_spot,26763,1267,4.734147890744684,LOW,5.0827,-0.3485521092553156,0.3485521092553156,E:\smart_agriculture\smart_agriculture\ai\severity\dataset\human_gt_120\masks\083_Tomato___Bacterial_spot_Tomato___Bacterial_spot_0109_leaf.png,E:\smart_agriculture\smart_agriculture\ai\severity\dataset\human_gt_120\masks\083_Tomato___Bacterial_spot_Tomato___Bacterial_spot_0109_disease.png,E:\smart_agriculture\smart_agriculture\ai\severity\dataset\human_gt_120\overlays\083_Tomato___Bacterial_spot_Tomato___Bacterial_spot_0109_overlay.jpg,train
053_Corn_(maize)___Northern_Leaf_Blight_Corn_maize___Northern_Leaf_Blight_0114.json,053_Corn_(maize)___Northern_Leaf_Blight_Corn_maize___Northern_Leaf_Blight_0114.jpg,Corn,Corn_(maize)___Northern_Leaf_Blight,51775,14145,27.32013520038629,MEDIUM,5.0339,22.286235200386287,22.286235200386287,E:\smart_agriculture\smart_agriculture\ai\severity\dataset\human_gt_120\masks\053_Corn_(maize)___Northern_Leaf_Blight_Corn_maize___Northern_Leaf_Blight_0114_leaf.png,E:\smart_agriculture\smart_agriculture\ai\severity\dataset\human_gt_120\masks\053_Corn_(maize)___Northern_Leaf_Blight_Corn_maize___Northern_Leaf_Blight_0114_disease.png,E:\smart_agriculture\smart_agriculture\ai\severity\dataset\human_gt_120\overlays\053_Corn_(maize)___Northern_Leaf_Blight_Corn_maize___Northern_Leaf_Blight_0114_overlay.jpg,train
078_Potato___Late_blight_Potato___Late_blight_0103.json,078_Potato___Late_blight_Potato___Late_blight_0103.jpg,Potato,Potato___Late_blight,29892,6390,21.376957045363305,MEDIUM,35.8572,-14.480242954636694,14.480242954636694,E:\smart_agriculture\smart_agriculture\ai\severity\dataset\human_gt_120\masks\078_Potato___Late_blight_Potato___Late_blight_0103_leaf.png,E:\smart_agriculture\smart_agriculture\ai\severity\dataset\human_gt_120\masks\078_Potato___Late_blight_Potato___Late_blight_0103_disease.png,E:\smart_agriculture\smart_agriculture\ai\severity\dataset\human_gt_120\overlays\078_Potato___Late_blight_Potato___Late_blight_0103_overlay.jpg,train
118_Tomato___Leaf_Mold_Tomato___Leaf_Mold_0059.json,118_Tomato___Leaf_Mold_Tomato___Leaf_Mold_0059.jpg,Tomato,Tomato___Leaf_Mold,21923,8105,36.97030515896547,MEDIUM,32.3302,4.640105158965476,4.640105158965476,E:\smart_agriculture\smart_agriculture\ai\severity\dataset\human_gt_120\masks\118_Tomato___Leaf_Mold_Tomato___Leaf_Mold_0059_leaf.png,E:\smart_agriculture\smart_agriculture\ai\severity\dataset\human_gt_120\masks\118_Tomato___Leaf_Mold_Tomato___Leaf_Mold_0059_disease.png,E:\smart_agriculture\smart_agriculture\ai\severity\dataset\human_gt_120\overlays\118_Tomato___Leaf_Mold_Tomato___Leaf_Mold_0059_overlay.jpg,train
115_Tomato___Leaf_Mold_Tomato___Leaf_Mold_0194.json,115_Tomato___Leaf_Mold_Tomato___Leaf_Mold_0194.jpg,Tomato,Tomato___Leaf_Mold,14894,3900,26.1850409560897,MEDIUM,21.5088,4.6762409560897,4.6762409560897,E:\smart_agriculture\smart_agriculture\ai\severity\dataset\human_gt_120\masks\115_Tomato___Leaf_Mold_Tomato___Leaf_Mold_0194_leaf.png,E:\smart_agriculture\smart_agriculture\ai\severity\dataset\human_gt_120\masks\115_Tomato___Leaf_Mold_Tomato___Leaf_Mold_0194_disease.png,E:\smart_agriculture\smart_agriculture\ai\severity\dataset\human_gt_120\overlays\115_Tomato___Leaf_Mold_Tomato___Leaf_Mold_0194_overlay.jpg,train
086_Tomato___Bacterial_spot_Tomato___Bacterial_spot_0133.json,086_Tomato___Bacterial_spot_Tomato___Bacterial_spot_0133.jpg,Tomato,Tomato___Bacterial_spot,25203,7205,28.587866523826527,MEDIUM,32.6828,-4.094933476173473,4.094933476173473,E:\smart_agriculture\smart_agriculture\ai\severity\dataset\human_gt_120\masks\086_Tomato___Bacterial_spot_Tomato___Bacterial_spot_0133_leaf.png,E:\smart_agriculture\smart_agriculture\ai\severity\dataset\human_gt_120\masks\086_Tomato___Bacterial_spot_Tomato___Bacterial_spot_0133_disease.png,E:\smart_agriculture\smart_agriculture\ai\severity\dataset\human_gt_120\overlays\086_Tomato___Bacterial_spot_Tomato___Bacterial_spot_0133_overlay.jpg,train
003_Apple___Apple_scab_Apple___Apple_scab_0076.json,003_Apple___Apple_scab_Apple___Apple_scab_0076.jpg,Apple,Apple___Apple_scab,27130,1012,3.730187983781792,LOW,10.1913,-6.461112016218209,6.461112016218209,E:\smart_agriculture\smart_agriculture\ai\severity\dataset\human_gt_120\masks\003_Apple___Apple_scab_Apple___Apple_scab_0076_leaf.png,E:\smart_agriculture\smart_agriculture\ai\severity\dataset\human_gt_120\masks\003_Apple___Apple_scab_Apple___Apple_scab_0076_disease.png,E:\smart_agriculture\smart_agriculture\ai\severity\dataset\human_gt_120\overlays\003_Apple___Apple_scab_Apple___Apple_scab_0076_overlay.jpg,train
018_Apple___Black_rot_Apple___Black_rot_0036.json,018_Apple___Black_rot_Apple___Black_rot_0036.jpg,Apple,Apple___Black_rot,30798,522,1.694915254237288,LOW,34.2834,-32.58848474576271,32.58848474576271,E:\smart_agriculture\smart_agriculture\ai\severity\dataset\human_gt_120\masks\018_Apple___Black_rot_Apple___Black_rot_0036_leaf.png,E:\smart_agriculture\smart_agriculture\ai\severity\dataset\human_gt_120\masks\018_Apple___Black_rot_Apple___Black_rot_0036_disease.png,E:\smart_agriculture\smart_agriculture\ai\severity\dataset\human_gt_120\overlays\018_Apple___Black_rot_Apple___Black_rot_0036_overlay.jpg,train
067_Potato___Early_blight_Potato___Early_blight_0198.json,067_Potato___Early_blight_Potato___Early_blight_0198.jpg,Potato,Potato___Early_blight,37621,9618,25.565508625501717,MEDIUM,5.3196,20.245908625501716,20.245908625501716,E:\smart_agriculture\smart_agriculture\ai\severity\dataset\human_gt_120\masks\067_Potato___Early_blight_Potato___Early_blight_0198_leaf.png,E:\smart_agriculture\smart_agriculture\ai\severity\dataset\human_gt_120\masks\067_Potato___Early_blight_Potato___Early_blight_0198_disease.png,E:\smart_agriculture\smart_agriculture\ai\severity\dataset\human_gt_120\overlays\067_Potato___Early_blight_Potato___Early_blight_0198_overlay.jpg,train
068_Potato___Early_blight_Potato___Early_blight_0190.json,068_Potato___Early_blight_Potato___Early_blight_0190.jpg,Potato,Potato___Early_blight,38544,8503,22.060502283105023,MEDIUM,6.1749,15.885602283105024,15.885602283105024,E:\smart_agriculture\smart_agriculture\ai\severity\dataset\human_gt_120\masks\068_Potato___Early_blight_Potato___Early_blight_0190_leaf.png,E:\smart_agriculture\smart_agriculture\ai\severity\dataset\human_gt_120\masks\068_Potato___Early_blight_Potato___Early_blight_0190_disease.png,E:\smart_agriculture\smart_agriculture\ai\severity\dataset\human_gt_120\overlays\068_Potato___Early_blight_Potato___Early_blight_0190_overlay.jpg,train
107_Tomato___Late_blight_Tomato___Late_blight_0017.json,107_Tomato___Late_blight_Tomato___Late_blight_0017.jpg,Tomato,Tomato___Late_blight,40685,17480,42.96423743394372,HIGH,32.8217,10.142537433943716,10.142537433943716,E:\smart_agriculture\smart_agriculture\ai\severity\dataset\human_gt_120\masks\107_Tomato___Late_blight_Tomato___Late_blight_0017_leaf.png,E:\smart_agriculture\smart_agriculture\ai\severity\dataset\human_gt_120\masks\107_Tomato___Late_blight_Tomato___Late_blight_0017_disease.png,E:\smart_agriculture\smart_agriculture\ai\severity\dataset\human_gt_120\overlays\107_Tomato___Late_blight_Tomato___Late_blight_0017_overlay.jpg,train
110_Tomato___Late_blight_Tomato___Late_blight_0193.json,110_Tomato___Late_blight_Tomato___Late_blight_0193.jpg,Tomato,Tomato___Late_blight,7155,1833,25.61844863731656,MEDIUM,44.7388,-19.12035136268344,19.12035136268344,E:\smart_agriculture\smart_agriculture\ai\severity\dataset\human_gt_120\masks\110_Tomato___Late_blight_Tomato___Late_blight_0193_leaf.png,E:\smart_agriculture\smart_agriculture\ai\severity\dataset\human_gt_120\masks\110_Tomato___Late_blight_Tomato___Late_blight_0193_disease.png,E:\smart_agriculture\smart_agriculture\ai\severity\dataset\human_gt_120\overlays\110_Tomato___Late_blight_Tomato___Late_blight_0193_overlay.jpg,train
033_Corn_(maize)___Cercospora_leaf_spot_Gray_leaf_spot_Corn_maize___Cercospora_leaf_spot_Gray_leaf_spot_0232.json,033_Corn_(maize)___Cercospora_leaf_spot_Gray_leaf_spot_Corn_maize___Cercospora_leaf_spot_Gray_leaf_spot_0232.jpg,Corn,Corn_(maize)___Cercospora_leaf_spot Gray_leaf_spot,49114,15413,31.382090646251577,MEDIUM,2.1759,29.206190646251574,29.206190646251574,E:\smart_agriculture\smart_agriculture\ai\severity\dataset\human_gt_120\masks\033_Corn_(maize)___Cercospora_leaf_spot_Gray_leaf_spot_Corn_maize___Cercospora_leaf_spot_Gray_leaf_spot_0232_leaf.png,E:\smart_agriculture\smart_agriculture\ai\severity\dataset\human_gt_120\masks\033_Corn_(maize)___Cercospora_leaf_spot_Gray_leaf_spot_Corn_maize___Cercospora_leaf_spot_Gray_leaf_spot_0232_disease.png,E:\smart_agriculture\smart_agriculture\ai\severity\dataset\human_gt_120\overlays\033_Corn_(maize)___Cercospora_leaf_spot_Gray_leaf_spot_Corn_maize___Cercospora_leaf_spot_Gray_leaf_spot_0232_overlay.jpg,train
040_Corn_(maize)___Cercospora_leaf_spot_Gray_leaf_spot_Corn_maize___Cercospora_leaf_spot_Gray_leaf_spot_0203.json,040_Corn_(maize)___Cercospora_leaf_spot_Gray_leaf_spot_Corn_maize___Cercospora_leaf_spot_Gray_leaf_spot_0203.jpg,Corn,Corn_(maize)___Cercospora_leaf_spot Gray_leaf_spot,50248,27351,54.43201719471422,HIGH,44.5572,9.874817194714218,9.874817194714218,E:\smart_agriculture\smart_agriculture\ai\severity\dataset\human_gt_120\masks\040_Corn_(maize)___Cercospora_leaf_spot_Gray_leaf_spot_Corn_maize___Cercospora_leaf_spot_Gray_leaf_spot_0203_leaf.png,E:\smart_agriculture\smart_agriculture\ai\severity\dataset\human_gt_120\masks\040_Corn_(maize)___Cercospora_leaf_spot_Gray_leaf_spot_Corn_maize___Cercospora_leaf_spot_Gray_leaf_spot_0203_disease.png,E:\smart_agriculture\smart_agriculture\ai\severity\dataset\human_gt_120\overlays\040_Corn_(maize)___Cercospora_leaf_spot_Gray_leaf_spot_Corn_maize___Cercospora_leaf_spot_Gray_leaf_spot_0203_overlay.jpg,train
055_Corn_(maize)___Northern_Leaf_Blight_Corn_maize___Northern_Leaf_Blight_0029.json,055_Corn_(maize)___Northern_Leaf_Blight_Corn_maize___Northern_Leaf_Blight_0029.jpg,Corn,Corn_(maize)___Northern_Leaf_Blight,40101,8689,21.66778883319618,MEDIUM,22.3969,-0.7291111668038184,0.7291111668038184,E:\smart_agriculture\smart_agriculture\ai\severity\dataset\human_gt_120\masks\055_Corn_(maize)___Northern_Leaf_Blight_Corn_maize___Northern_Leaf_Blight_0029_leaf.png,E:\smart_agriculture\smart_agriculture\ai\severity\dataset\human_gt_120\masks\055_Corn_(maize)___Northern_Leaf_Blight_Corn_maize___Northern_Leaf_Blight_0029_disease.png,E:\smart_agriculture\smart_agriculture\ai\severity\dataset\human_gt_120\overlays\055_Corn_(maize)___Northern_Leaf_Blight_Corn_maize___Northern_Leaf_Blight_0029_overlay.jpg,train
070_Potato___Early_blight_Potato___Early_blight_0129.json,070_Potato___Early_blight_Potato___Early_blight_0129.jpg,Potato,Potato___Early_blight,37472,3053,8.147416737830913,LOW,44.8816,-36.73418326216908,36.73418326216908,E:\smart_agriculture\smart_agriculture\ai\severity\dataset\human_gt_120\masks\070_Potato___Early_blight_Potato___Early_blight_0129_leaf.png,E:\smart_agriculture\smart_agriculture\ai\severity\dataset\human_gt_120\masks\070_Potato___Early_blight_Potato___Early_blight_0129_disease.png,E:\smart_agriculture\smart_agriculture\ai\severity\dataset\human_gt_120\overlays\070_Potato___Early_blight_Potato___Early_blight_0129_overlay.jpg,train
105_Tomato___Late_blight_Tomato___Late_blight_0244.json,105_Tomato___Late_blight_Tomato___Late_blight_0244.jpg,Tomato,Tomato___Late_blight,23589,4473,18.962228157191912,MEDIUM,21.9382,-2.975971842808086,2.975971842808086,E:\smart_agriculture\smart_agriculture\ai\severity\dataset\human_gt_120\masks\105_Tomato___Late_blight_Tomato___Late_blight_0244_leaf.png,E:\smart_agriculture\smart_agriculture\ai\severity\dataset\human_gt_120\masks\105_Tomato___Late_blight_Tomato___Late_blight_0244_disease.png,E:\smart_agriculture\smart_agriculture\ai\severity\dataset\human_gt_120\overlays\105_Tomato___Late_blight_Tomato___Late_blight_0244_overlay.jpg,train
051_Corn_(maize)___Northern_Leaf_Blight_Corn_maize___Northern_Leaf_Blight_0107.json,051_Corn_(maize)___Northern_Leaf_Blight_Corn_maize___Northern_Leaf_Blight_0107.jpg,Corn,Corn_(maize)___Northern_Leaf_Blight,21369,11914,55.75366184660021,HIGH,0.0443,55.70936184660021,55.70936184660021,E:\smart_agriculture\smart_agriculture\ai\severity\dataset\human_gt_120\masks\051_Corn_(maize)___Northern_Leaf_Blight_Corn_maize___Northern_Leaf_Blight_0107_leaf.png,E:\smart_agriculture\smart_agriculture\ai\severity\dataset\human_gt_120\masks\051_Corn_(maize)___Northern_Leaf_Blight_Corn_maize___Northern_Leaf_Blight_0107_disease.png,E:\smart_agriculture\smart_agriculture\ai\severity\dataset\human_gt_120\overlays\051_Corn_(maize)___Northern_Leaf_Blight_Corn_maize___Northern_Leaf_Blight_0107_overlay.jpg,train
113_Tomato___Leaf_Mold_Tomato___Leaf_Mold_0138.json,113_Tomato___Leaf_Mold_Tomato___Leaf_Mold_0138.jpg,Tomato,Tomato___Leaf_Mold,24621,14323,58.17391657528126,HIGH,7.387,50.78691657528126,50.78691657528126,E:\smart_agriculture\smart_agriculture\ai\severity\dataset\human_gt_120\masks\113_Tomato___Leaf_Mold_Tomato___Leaf_Mold_0138_leaf.png,E:\smart_agriculture\smart_agriculture\ai\severity\dataset\human_gt_120\masks\113_Tomato___Leaf_Mold_Tomato___Leaf_Mold_0138_disease.png,E:\smart_agriculture\smart_agriculture\ai\severity\dataset\human_gt_120\overlays\113_Tomato___Leaf_Mold_Tomato___Leaf_Mold_0138_overlay.jpg,train
031_Corn_(maize)___Cercospora_leaf_spot_Gray_leaf_spot_Corn_maize___Cercospora_leaf_spot_Gray_leaf_spot_0174.json,031_Corn_(maize)___Cercospora_leaf_spot_Gray_leaf_spot_Corn_maize___Cercospora_leaf_spot_Gray_leaf_spot_0174.jpg,Corn,Corn_(maize)___Cercospora_leaf_spot Gray_leaf_spot,38949,4449,11.422629592544096,MEDIUM,0.383,11.039629592544095,11.039629592544095,E:\smart_agriculture\smart_agriculture\ai\severity\dataset\human_gt_120\masks\031_Corn_(maize)___Cercospora_leaf_spot_Gray_leaf_spot_Corn_maize___Cercospora_leaf_spot_Gray_leaf_spot_0174_leaf.png,E:\smart_agriculture\smart_agriculture\ai\severity\dataset\human_gt_120\masks\031_Corn_(maize)___Cercospora_leaf_spot_Gray_leaf_spot_Corn_maize___Cercospora_leaf_spot_Gray_leaf_spot_0174_disease.png,E:\smart_agriculture\smart_agriculture\ai\severity\dataset\human_gt_120\overlays\031_Corn_(maize)___Cercospora_leaf_spot_Gray_leaf_spot_Corn_maize___Cercospora_leaf_spot_Gray_leaf_spot_0174_overlay.jpg,train
079_Potato___Late_blight_Potato___Late_blight_0184.json,079_Potato___Late_blight_Potato___Late_blight_0184.jpg,Potato,Potato___Late_blight,30497,3998,13.109486178968424,MEDIUM,38.9496,-25.84011382103157,25.84011382103157,E:\smart_agriculture\smart_agriculture\ai\severity\dataset\human_gt_120\masks\079_Potato___Late_blight_Potato___Late_blight_0184_leaf.png,E:\smart_agriculture\smart_agriculture\ai\severity\dataset\human_gt_120\masks\079_Potato___Late_blight_Potato___Late_blight_0184_disease.png,E:\smart_agriculture\smart_agriculture\ai\severity\dataset\human_gt_120\overlays\079_Potato___Late_blight_Potato___Late_blight_0184_overlay.jpg,train
098_Tomato___Early_blight_Tomato___Early_blight_0132.json,098_Tomato___Early_blight_Tomato___Early_blight_0132.jpg,Tomato,Tomato___Early_blight,23433,1690,7.212051380531729,LOW,36.9644,-29.75234861946827,29.75234861946827,E:\smart_agriculture\smart_agriculture\ai\severity\dataset\human_gt_120\masks\098_Tomato___Early_blight_Tomato___Early_blight_0132_leaf.png,E:\smart_agriculture\smart_agriculture\ai\severity\dataset\human_gt_120\masks\098_Tomato___Early_blight_Tomato___Early_blight_0132_disease.png,E:\smart_agriculture\smart_agriculture\ai\severity\dataset\human_gt_120\overlays\098_Tomato___Early_blight_Tomato___Early_blight_0132_overlay.jpg,train
043_Corn_(maize)___Common_rust__Corn_maize___Common_rust__0235.json,043_Corn_(maize)___Common_rust__Corn_maize___Common_rust__0235.jpg,Corn,Corn_(maize)___Common_rust_,52695,11973,22.721320808425848,MEDIUM,2.2285,20.492820808425847,20.492820808425847,E:\smart_agriculture\smart_agriculture\ai\severity\dataset\human_gt_120\masks\043_Corn_(maize)___Common_rust__Corn_maize___Common_rust__0235_leaf.png,E:\smart_agriculture\smart_agriculture\ai\severity\dataset\human_gt_120\masks\043_Corn_(maize)___Common_rust__Corn_maize___Common_rust__0235_disease.png,E:\smart_agriculture\smart_agriculture\ai\severity\dataset\human_gt_120\overlays\043_Corn_(maize)___Common_rust__Corn_maize___Common_rust__0235_overlay.jpg,train
013_Apple___Black_rot_Apple___Black_rot_0221.json,013_Apple___Black_rot_Apple___Black_rot_0221.jpg,Apple,Apple___Black_rot,37427,268,0.7160605979640366,LOW,17.3242,-16.608139402035963,16.608139402035963,E:\smart_agriculture\smart_agriculture\ai\severity\dataset\human_gt_120\masks\013_Apple___Black_rot_Apple___Black_rot_0221_leaf.png,E:\smart_agriculture\smart_agriculture\ai\severity\dataset\human_gt_120\masks\013_Apple___Black_rot_Apple___Black_rot_0221_disease.png,E:\smart_agriculture\smart_agriculture\ai\severity\dataset\human_gt_120\overlays\013_Apple___Black_rot_Apple___Black_rot_0221_overlay.jpg,train
104_Tomato___Late_blight_Tomato___Late_blight_0183.json,104_Tomato___Late_blight_Tomato___Late_blight_0183.jpg,Tomato,Tomato___Late_blight,12271,6597,53.76089968217749,HIGH,16.5878,37.17309968217749,37.17309968217749,E:\smart_agriculture\smart_agriculture\ai\severity\dataset\human_gt_120\masks\104_Tomato___Late_blight_Tomato___Late_blight_0183_leaf.png,E:\smart_agriculture\smart_agriculture\ai\severity\dataset\human_gt_120\masks\104_Tomato___Late_blight_Tomato___Late_blight_0183_disease.png,E:\smart_agriculture\smart_agriculture\ai\severity\dataset\human_gt_120\overlays\104_Tomato___Late_blight_Tomato___Late_blight_0183_overlay.jpg,train
102_Tomato___Late_blight_Tomato___Late_blight_0208.json,102_Tomato___Late_blight_Tomato___Late_blight_0208.jpg,Tomato,Tomato___Late_blight,16121,10725,66.52813100924261,SEVERE,5.8701,60.65803100924261,60.65803100924261,E:\smart_agriculture\smart_agriculture\ai\severity\dataset\human_gt_120\masks\102_Tomato___Late_blight_Tomato___Late_blight_0208_leaf.png,E:\smart_agriculture\smart_agriculture\ai\severity\dataset\human_gt_120\masks\102_Tomato___Late_blight_Tomato___Late_blight_0208_disease.png,E:\smart_agriculture\smart_agriculture\ai\severity\dataset\human_gt_120\overlays\102_Tomato___Late_blight_Tomato___Late_blight_0208_overlay.jpg,train
002_Apple___Apple_scab_Apple___Apple_scab_0221.json,002_Apple___Apple_scab_Apple___Apple_scab_0221.jpg,Apple,Apple___Apple_scab,33946,2135,6.28940081305603,LOW,5.1083,1.1811008130560303,1.1811008130560303,E:\smart_agriculture\smart_agriculture\ai\severity\dataset\human_gt_120\masks\002_Apple___Apple_scab_Apple___Apple_scab_0221_leaf.png,E:\smart_agriculture\smart_agriculture\ai\severity\dataset\human_gt_120\masks\002_Apple___Apple_scab_Apple___Apple_scab_0221_disease.png,E:\smart_agriculture\smart_agriculture\ai\severity\dataset\human_gt_120\overlays\002_Apple___Apple_scab_Apple___Apple_scab_0221_overlay.jpg,train
048_Corn_(maize)___Common_rust__Corn_maize___Common_rust__0188.json,048_Corn_(maize)___Common_rust__Corn_maize___Common_rust__0188.jpg,Corn,Corn_(maize)___Common_rust_,45147,18696,41.41138946109376,HIGH,40.5892,0.8221894610937639,0.8221894610937639,E:\smart_agriculture\smart_agriculture\ai\severity\dataset\human_gt_120\masks\048_Corn_(maize)___Common_rust__Corn_maize___Common_rust__0188_leaf.png,E:\smart_agriculture\smart_agriculture\ai\severity\dataset\human_gt_120\masks\048_Corn_(maize)___Common_rust__Corn_maize___Common_rust__0188_disease.png,E:\smart_agriculture\smart_agriculture\ai\severity\dataset\human_gt_120\overlays\048_Corn_(maize)___Common_rust__Corn_maize___Common_rust__0188_overlay.jpg,train
111_Tomato___Leaf_Mold_Tomato___Leaf_Mold_0015.json,111_Tomato___Leaf_Mold_Tomato___Leaf_Mold_0015.jpg,Tomato,Tomato___Leaf_Mold,16197,1846,11.397172315860962,MEDIUM,0.385,11.012172315860962,11.012172315860962,E:\smart_agriculture\smart_agriculture\ai\severity\dataset\human_gt_120\masks\111_Tomato___Leaf_Mold_Tomato___Leaf_Mold_0015_leaf.png,E:\smart_agriculture\smart_agriculture\ai\severity\dataset\human_gt_120\masks\111_Tomato___Leaf_Mold_Tomato___Leaf_Mold_0015_disease.png,E:\smart_agriculture\smart_agriculture\ai\severity\dataset\human_gt_120\overlays\111_Tomato___Leaf_Mold_Tomato___Leaf_Mold_0015_overlay.jpg,train
052_Corn_(maize)___Northern_Leaf_Blight_Corn_maize___Northern_Leaf_Blight_0052.json,052_Corn_(maize)___Northern_Leaf_Blight_Corn_maize___Northern_Leaf_Blight_0052.jpg,Corn,Corn_(maize)___Northern_Leaf_Blight,30303,5020,16.566016566016568,MEDIUM,1.6876,14.878416566016568,14.878416566016568,E:\smart_agriculture\smart_agriculture\ai\severity\dataset\human_gt_120\masks\052_Corn_(maize)___Northern_Leaf_Blight_Corn_maize___Northern_Leaf_Blight_0052_leaf.png,E:\smart_agriculture\smart_agriculture\ai\severity\dataset\human_gt_120\masks\052_Corn_(maize)___Northern_Leaf_Blight_Corn_maize___Northern_Leaf_Blight_0052_disease.png,E:\smart_agriculture\smart_agriculture\ai\severity\dataset\human_gt_120\overlays\052_Corn_(maize)___Northern_Leaf_Blight_Corn_maize___Northern_Leaf_Blight_0052_overlay.jpg,train
069_Potato___Early_blight_Potato___Early_blight_0131.json,069_Potato___Early_blight_Potato___Early_blight_0131.jpg,Potato,Potato___Early_blight,24815,2891,11.650211565585332,MEDIUM,34.1429,-22.492688434414667,22.492688434414667,E:\smart_agriculture\smart_agriculture\ai\severity\dataset\human_gt_120\masks\069_Potato___Early_blight_Potato___Early_blight_0131_leaf.png,E:\smart_agriculture\smart_agriculture\ai\severity\dataset\human_gt_120\masks\069_Potato___Early_blight_Potato___Early_blight_0131_disease.png,E:\smart_agriculture\smart_agriculture\ai\severity\dataset\human_gt_120\overlays\069_Potato___Early_blight_Potato___Early_blight_0131_overlay.jpg,train
006_Apple___Apple_scab_Apple___Apple_scab_0222.json,006_Apple___Apple_scab_Apple___Apple_scab_0222.jpg,Apple,Apple___Apple_scab,32577,1808,5.54992786321638,LOW,26.8868,-21.336872136783622,21.336872136783622,E:\smart_agriculture\smart_agriculture\ai\severity\dataset\human_gt_120\masks\006_Apple___Apple_scab_Apple___Apple_scab_0222_leaf.png,E:\smart_agriculture\smart_agriculture\ai\severity\dataset\human_gt_120\masks\006_Apple___Apple_scab_Apple___Apple_scab_0222_disease.png,E:\smart_agriculture\smart_agriculture\ai\severity\dataset\human_gt_120\overlays\006_Apple___Apple_scab_Apple___Apple_scab_0222_overlay.jpg,train
087_Tomato___Bacterial_spot_Tomato___Bacterial_spot_0042.json,087_Tomato___Bacterial_spot_Tomato___Bacterial_spot_0042.jpg,Tomato,Tomato___Bacterial_spot,23203,3636,15.67038744989872,MEDIUM,35.6796,-20.00921255010128,20.00921255010128,E:\smart_agriculture\smart_agriculture\ai\severity\dataset\human_gt_120\masks\087_Tomato___Bacterial_spot_Tomato___Bacterial_spot_0042_leaf.png,E:\smart_agriculture\smart_agriculture\ai\severity\dataset\human_gt_120\masks\087_Tomato___Bacterial_spot_Tomato___Bacterial_spot_0042_disease.png,E:\smart_agriculture\smart_agriculture\ai\severity\dataset\human_gt_120\overlays\087_Tomato___Bacterial_spot_Tomato___Bacterial_spot_0042_overlay.jpg,train
044_Corn_(maize)___Common_rust__Corn_maize___Common_rust__0199.json,044_Corn_(maize)___Common_rust__Corn_maize___Common_rust__0199.jpg,Corn,Corn_(maize)___Common_rust_,46125,8955,19.414634146341463,MEDIUM,3.5437,15.870934146341463,15.870934146341463,E:\smart_agriculture\smart_agriculture\ai\severity\dataset\human_gt_120\masks\044_Corn_(maize)___Common_rust__Corn_maize___Common_rust__0199_leaf.png,E:\smart_agriculture\smart_agriculture\ai\severity\dataset\human_gt_120\masks\044_Corn_(maize)___Common_rust__Corn_maize___Common_rust__0199_disease.png,E:\smart_agriculture\smart_agriculture\ai\severity\dataset\human_gt_120\overlays\044_Corn_(maize)___Common_rust__Corn_maize___Common_rust__0199_overlay.jpg,train
094_Tomato___Early_blight_Tomato___Early_blight_0090.json,094_Tomato___Early_blight_Tomato___Early_blight_0090.jpg,Tomato,Tomato___Early_blight,25597,11145,43.5402586240575,HIGH,11.8217,31.7185586240575,31.7185586240575,E:\smart_agriculture\smart_agriculture\ai\severity\dataset\human_gt_120\masks\094_Tomato___Early_blight_Tomato___Early_blight_0090_leaf.png,E:\smart_agriculture\smart_agriculture\ai\severity\dataset\human_gt_120\masks\094_Tomato___Early_blight_Tomato___Early_blight_0090_disease.png,E:\smart_agriculture\smart_agriculture\ai\severity\dataset\human_gt_120\overlays\094_Tomato___Early_blight_Tomato___Early_blight_0090_overlay.jpg,train
056_Corn_(maize)___Northern_Leaf_Blight_Corn_maize___Northern_Leaf_Blight_0168.json,056_Corn_(maize)___Northern_Leaf_Blight_Corn_maize___Northern_Leaf_Blight_0168.jpg,Corn,Corn_(maize)___Northern_Leaf_Blight,50030,18773,37.52348590845493,MEDIUM,29.5837,7.93978590845493,7.93978590845493,E:\smart_agriculture\smart_agriculture\ai\severity\dataset\human_gt_120\masks\056_Corn_(maize)___Northern_Leaf_Blight_Corn_maize___Northern_Leaf_Blight_0168_leaf.png,E:\smart_agriculture\smart_agriculture\ai\severity\dataset\human_gt_120\masks\056_Corn_(maize)___Northern_Leaf_Blight_Corn_maize___Northern_Leaf_Blight_0168_disease.png,E:\smart_agriculture\smart_agriculture\ai\severity\dataset\human_gt_120\overlays\056_Corn_(maize)___Northern_Leaf_Blight_Corn_maize___Northern_Leaf_Blight_0168_overlay.jpg,train
108_Tomato___Late_blight_Tomato___Late_blight_0162.json,108_Tomato___Late_blight_Tomato___Late_blight_0162.jpg,Tomato,Tomato___Late_blight,25187,20707,82.21304641283201,SEVERE,36.5448,45.66824641283201,45.66824641283201,E:\smart_agriculture\smart_agriculture\ai\severity\dataset\human_gt_120\masks\108_Tomato___Late_blight_Tomato___Late_blight_0162_leaf.png,E:\smart_agriculture\smart_agriculture\ai\severity\dataset\human_gt_120\masks\108_Tomato___Late_blight_Tomato___Late_blight_0162_disease.png,E:\smart_agriculture\smart_agriculture\ai\severity\dataset\human_gt_120\overlays\108_Tomato___Late_blight_Tomato___Late_blight_0162_overlay.jpg,train
016_Apple___Black_rot_Apple___Black_rot_0175.json,016_Apple___Black_rot_Apple___Black_rot_0175.jpg,Apple,Apple___Black_rot,23842,420,1.7615971814445095,LOW,29.2658,-27.504202818555488,27.504202818555488,E:\smart_agriculture\smart_agriculture\ai\severity\dataset\human_gt_120\masks\016_Apple___Black_rot_Apple___Black_rot_0175_leaf.png,E:\smart_agriculture\smart_agriculture\ai\severity\dataset\human_gt_120\masks\016_Apple___Black_rot_Apple___Black_rot_0175_disease.png,E:\smart_agriculture\smart_agriculture\ai\severity\dataset\human_gt_120\overlays\016_Apple___Black_rot_Apple___Black_rot_0175_overlay.jpg,train
097_Tomato___Early_blight_Tomato___Early_blight_0031.json,097_Tomato___Early_blight_Tomato___Early_blight_0031.jpg,Tomato,Tomato___Early_blight,26037,10659,40.93789607097592,HIGH,32.9605,7.977396070975921,7.977396070975921,E:\smart_agriculture\smart_agriculture\ai\severity\dataset\human_gt_120\masks\097_Tomato___Early_blight_Tomato___Early_blight_0031_leaf.png,E:\smart_agriculture\smart_agriculture\ai\severity\dataset\human_gt_120\masks\097_Tomato___Early_blight_Tomato___Early_blight_0031_disease.png,E:\smart_agriculture\smart_agriculture\ai\severity\dataset\human_gt_120\overlays\097_Tomato___Early_blight_Tomato___Early_blight_0031_overlay.jpg,train
019_Apple___Black_rot_Apple___Black_rot_0236.json,019_Apple___Black_rot_Apple___Black_rot_0236.jpg,Apple,Apple___Black_rot,24660,366,1.4841849148418491,LOW,38.3874,-36.90321508515815,36.90321508515815,E:\smart_agriculture\smart_agriculture\ai\severity\dataset\human_gt_120\masks\019_Apple___Black_rot_Apple___Black_rot_0236_leaf.png,E:\smart_agriculture\smart_agriculture\ai\severity\dataset\human_gt_120\masks\019_Apple___Black_rot_Apple___Black_rot_0236_disease.png,E:\smart_agriculture\smart_agriculture\ai\severity\dataset\human_gt_120\overlays\019_Apple___Black_rot_Apple___Black_rot_0236_overlay.jpg,train
001_Apple___Apple_scab_Apple___Apple_scab_0087.json,001_Apple___Apple_scab_Apple___Apple_scab_0087.jpg,Apple,Apple___Apple_scab,29954,3933,13.13013287040128,MEDIUM,0.4639,12.66623287040128,12.66623287040128,E:\smart_agriculture\smart_agriculture\ai\severity\dataset\human_gt_120\masks\001_Apple___Apple_scab_Apple___Apple_scab_0087_leaf.png,E:\smart_agriculture\smart_agriculture\ai\severity\dataset\human_gt_120\masks\001_Apple___Apple_scab_Apple___Apple_scab_0087_disease.png,E:\smart_agriculture\smart_agriculture\ai\severity\dataset\human_gt_120\overlays\001_Apple___Apple_scab_Apple___Apple_scab_0087_overlay.jpg,train
017_Apple___Black_rot_Apple___Black_rot_0002.json,017_Apple___Black_rot_Apple___Black_rot_0002.jpg,Apple,Apple___Black_rot,27155,1011,3.723071257595286,LOW,32.0135,-28.290428742404718,28.290428742404718,E:\smart_agriculture\smart_agriculture\ai\severity\dataset\human_gt_120\masks\017_Apple___Black_rot_Apple___Black_rot_0002_leaf.png,E:\smart_agriculture\smart_agriculture\ai\severity\dataset\human_gt_120\masks\017_Apple___Black_rot_Apple___Black_rot_0002_disease.png,E:\smart_agriculture\smart_agriculture\ai\severity\dataset\human_gt_120\overlays\017_Apple___Black_rot_Apple___Black_rot_0002_overlay.jpg,train
100_Tomato___Early_blight_Tomato___Early_blight_0206.json,100_Tomato___Early_blight_Tomato___Early_blight_0206.jpg,Tomato,Tomato___Early_blight,33899,12337,36.393403935219325,MEDIUM,44.8578,-8.464396064780672,8.464396064780672,E:\smart_agriculture\smart_agriculture\ai\severity\dataset\human_gt_120\masks\100_Tomato___Early_blight_Tomato___Early_blight_0206_leaf.png,E:\smart_agriculture\smart_agriculture\ai\severity\dataset\human_gt_120\masks\100_Tomato___Early_blight_Tomato___Early_blight_0206_disease.png,E:\smart_agriculture\smart_agriculture\ai\severity\dataset\human_gt_120\overlays\100_Tomato___Early_blight_Tomato___Early_blight_0206_overlay.jpg,train
066_Potato___Early_blight_Potato___Early_blight_0084.json,066_Potato___Early_blight_Potato___Early_blight_0084.jpg,Potato,Potato___Early_blight,35325,7146,20.22929936305732,MEDIUM,4.6244,15.604899363057324,15.604899363057324,E:\smart_agriculture\smart_agriculture\ai\severity\dataset\human_gt_120\masks\066_Potato___Early_blight_Potato___Early_blight_0084_leaf.png,E:\smart_agriculture\smart_agriculture\ai\severity\dataset\human_gt_120\masks\066_Potato___Early_blight_Potato___Early_blight_0084_disease.png,E:\smart_agriculture\smart_agriculture\ai\severity\dataset\human_gt_120\overlays\066_Potato___Early_blight_Potato___Early_blight_0084_overlay.jpg,train
028_Apple___Cedar_apple_rust_Apple___Cedar_apple_rust_0153.json,028_Apple___Cedar_apple_rust_Apple___Cedar_apple_rust_0153.jpg,Apple,Apple___Cedar_apple_rust,29894,8606,28.788385629223257,MEDIUM,35.8022,-7.013814370776743,7.013814370776743,E:\smart_agriculture\smart_agriculture\ai\severity\dataset\human_gt_120\masks\028_Apple___Cedar_apple_rust_Apple___Cedar_apple_rust_0153_leaf.png,E:\smart_agriculture\smart_agriculture\ai\severity\dataset\human_gt_120\masks\028_Apple___Cedar_apple_rust_Apple___Cedar_apple_rust_0153_disease.png,E:\smart_agriculture\smart_agriculture\ai\severity\dataset\human_gt_120\overlays\028_Apple___Cedar_apple_rust_Apple___Cedar_apple_rust_0153_overlay.jpg,train
042_Corn_(maize)___Common_rust__Corn_maize___Common_rust__0017.json,042_Corn_(maize)___Common_rust__Corn_maize___Common_rust__0017.jpg,Corn,Corn_(maize)___Common_rust_,51863,34404,66.33630912211017,SEVERE,1.4612,64.87510912211016,64.87510912211016,E:\smart_agriculture\smart_agriculture\ai\severity\dataset\human_gt_120\masks\042_Corn_(maize)___Common_rust__Corn_maize___Common_rust__0017_leaf.png,E:\smart_agriculture\smart_agriculture\ai\severity\dataset\human_gt_120\masks\042_Corn_(maize)___Common_rust__Corn_maize___Common_rust__0017_disease.png,E:\smart_agriculture\smart_agriculture\ai\severity\dataset\human_gt_120\overlays\042_Corn_(maize)___Common_rust__Corn_maize___Common_rust__0017_overlay.jpg,train
060_Corn_(maize)___Northern_Leaf_Blight_Corn_maize___Northern_Leaf_Blight_0137.json,060_Corn_(maize)___Northern_Leaf_Blight_Corn_maize___Northern_Leaf_Blight_0137.jpg,Corn,Corn_(maize)___Northern_Leaf_Blight,34132,9820,28.770655103714983,MEDIUM,44.9249,-16.154244896285014,16.154244896285014,E:\smart_agriculture\smart_agriculture\ai\severity\dataset\human_gt_120\masks\060_Corn_(maize)___Northern_Leaf_Blight_Corn_maize___Northern_Leaf_Blight_0137_leaf.png,E:\smart_agriculture\smart_agriculture\ai\severity\dataset\human_gt_120\masks\060_Corn_(maize)___Northern_Leaf_Blight_Corn_maize___Northern_Leaf_Blight_0137_disease.png,E:\smart_agriculture\smart_agriculture\ai\severity\dataset\human_gt_120\overlays\060_Corn_(maize)___Northern_Leaf_Blight_Corn_maize___Northern_Leaf_Blight_0137_overlay.jpg,train
093_Tomato___Early_blight_Tomato___Early_blight_0019.json,093_Tomato___Early_blight_Tomato___Early_blight_0019.jpg,Tomato,Tomato___Early_blight,21299,6244,29.31593032536739,MEDIUM,5.9652,23.35073032536739,23.35073032536739,E:\smart_agriculture\smart_agriculture\ai\severity\dataset\human_gt_120\masks\093_Tomato___Early_blight_Tomato___Early_blight_0019_leaf.png,E:\smart_agriculture\smart_agriculture\ai\severity\dataset\human_gt_120\masks\093_Tomato___Early_blight_Tomato___Early_blight_0019_disease.png,E:\smart_agriculture\smart_agriculture\ai\severity\dataset\human_gt_120\overlays\093_Tomato___Early_blight_Tomato___Early_blight_0019_overlay.jpg,train
032_Corn_(maize)___Cercospora_leaf_spot_Gray_leaf_spot_Corn_maize___Cercospora_leaf_spot_Gray_leaf_spot_0240.json,032_Corn_(maize)___Cercospora_leaf_spot_Gray_leaf_spot_Corn_maize___Cercospora_leaf_spot_Gray_leaf_spot_0240.jpg,Corn,Corn_(maize)___Cercospora_leaf_spot Gray_leaf_spot,54936,2154,3.920926168632591,LOW,1.7136,2.2073261686325907,2.2073261686325907,E:\smart_agriculture\smart_agriculture\ai\severity\dataset\human_gt_120\masks\032_Corn_(maize)___Cercospora_leaf_spot_Gray_leaf_spot_Corn_maize___Cercospora_leaf_spot_Gray_leaf_spot_0240_leaf.png,E:\smart_agriculture\smart_agriculture\ai\severity\dataset\human_gt_120\masks\032_Corn_(maize)___Cercospora_leaf_spot_Gray_leaf_spot_Corn_maize___Cercospora_leaf_spot_Gray_leaf_spot_0240_disease.png,E:\smart_agriculture\smart_agriculture\ai\severity\dataset\human_gt_120\overlays\032_Corn_(maize)___Cercospora_leaf_spot_Gray_leaf_spot_Corn_maize___Cercospora_leaf_spot_Gray_leaf_spot_0240_overlay.jpg,train
034_Corn_(maize)___Cercospora_leaf_spot_Gray_leaf_spot_Corn_maize___Cercospora_leaf_spot_Gray_leaf_spot_0114.json,034_Corn_(maize)___Cercospora_leaf_spot_Gray_leaf_spot_Corn_maize___Cercospora_leaf_spot_Gray_leaf_spot_0114.jpg,Corn,Corn_(maize)___Cercospora_leaf_spot Gray_leaf_spot,47410,2631,5.549462138789285,LOW,2.7481,2.801362138789285,2.801362138789285,E:\smart_agriculture\smart_agriculture\ai\severity\dataset\human_gt_120\masks\034_Corn_(maize)___Cercospora_leaf_spot_Gray_leaf_spot_Corn_maize___Cercospora_leaf_spot_Gray_leaf_spot_0114_leaf.png,E:\smart_agriculture\smart_agriculture\ai\severity\dataset\human_gt_120\masks\034_Corn_(maize)___Cercospora_leaf_spot_Gray_leaf_spot_Corn_maize___Cercospora_leaf_spot_Gray_leaf_spot_0114_disease.png,E:\smart_agriculture\smart_agriculture\ai\severity\dataset\human_gt_120\overlays\034_Corn_(maize)___Cercospora_leaf_spot_Gray_leaf_spot_Corn_maize___Cercospora_leaf_spot_Gray_leaf_spot_0114_overlay.jpg,train
076_Potato___Late_blight_Potato___Late_blight_0206.json,076_Potato___Late_blight_Potato___Late_blight_0206.jpg,Potato,Potato___Late_blight,22009,11846,53.823435867145264,HIGH,29.0475,24.775935867145265,24.775935867145265,E:\smart_agriculture\smart_agriculture\ai\severity\dataset\human_gt_120\masks\076_Potato___Late_blight_Potato___Late_blight_0206_leaf.png,E:\smart_agriculture\smart_agriculture\ai\severity\dataset\human_gt_120\masks\076_Potato___Late_blight_Potato___Late_blight_0206_disease.png,E:\smart_agriculture\smart_agriculture\ai\severity\dataset\human_gt_120\overlays\076_Potato___Late_blight_Potato___Late_blight_0206_overlay.jpg,train
116_Tomato___Leaf_Mold_Tomato___Leaf_Mold_0124.json,116_Tomato___Leaf_Mold_Tomato___Leaf_Mold_0124.jpg,Tomato,Tomato___Leaf_Mold,22485,4307,19.154992217033577,MEDIUM,25.6639,-6.508907782966425,6.508907782966425,E:\smart_agriculture\smart_agriculture\ai\severity\dataset\human_gt_120\masks\116_Tomato___Leaf_Mold_Tomato___Leaf_Mold_0124_leaf.png,E:\smart_agriculture\smart_agriculture\ai\severity\dataset\human_gt_120\masks\116_Tomato___Leaf_Mold_Tomato___Leaf_Mold_0124_disease.png,E:\smart_agriculture\smart_agriculture\ai\severity\dataset\human_gt_120\overlays\116_Tomato___Leaf_Mold_Tomato___Leaf_Mold_0124_overlay.jpg,train
