leaf_number,original_filename,source_path,annotation_image
1.0,RS_Erly.B 6330.JPG,C:\smart_agriculture\PlantVillage-Dataset\raw\color\Tomato___Early_blight\8d70db5b-7916-4397-836d-6a73a2faaead___RS_Erly.B 6330.JPG,leaf_1_0_8d70db5b-7916-4397-836d-6a73a2faaead___RS_Erly.B 6330.JPG
2.0,RS_Erly.B 6336.JPG,C:\smart_agriculture\PlantVillage-Dataset\raw\color\Tomato___Early_blight\ad898210-9539-4fe4-abf0-a568b57ff205___RS_Erly.B 6336.JPG,leaf_2_0_ad898210-9539-4fe4-abf0-a568b57ff205___RS_Erly.B 6336.JPG
3.0,RS_Erly.B 6342.JPG,C:\smart_agriculture\PlantVillage-Dataset\raw\color\Tomato___Early_blight\3dab5935-91ca-489d-b4f4-127300fc527e___RS_Erly.B 6342.JPG,leaf_3_0_3dab5935-91ca-489d-b4f4-127300fc527e___RS_Erly.B 6342.JPG
4.0,RS_Erly.B 6348.JPG,C:\smart_agriculture\PlantVillage-Dataset\raw\color\Tomato___Early_blight\64ef53fa-26cc-4734-8a94-6f83a108817f___RS_Erly.B 6348.JPG,leaf_4_0_64ef53fa-26cc-4734-8a94-6f83a108817f___RS_Erly.B 6348.JPG
5.0,RS_Erly.B 6354.JPG,C:\smart_agriculture\PlantVillage-Dataset\raw\color\Tomato___Early_blight\023fe2d4-6e1d-40ce-99ae-85ba90f436ff___RS_Erly.B 6354.JPG,leaf_5_0_023fe2d4-6e1d-40ce-99ae-85ba90f436ff___RS_Erly.B 6354.JPG
6.0,RS_Erly.B 6359.JPG,C:\smart_agriculture\PlantVillage-Dataset\raw\color\Tomato___Early_blight\1e671658-3463-4a38-8b6a-e2867aeeda10___RS_Erly.B 6359.JPG,leaf_6_0_1e671658-3463-4a38-8b6a-e2867aeeda10___RS_Erly.B 6359.JPG
7.0,RS_Erly.B 6365.JPG,C:\smart_agriculture\PlantVillage-Dataset\raw\color\Tomato___Early_blight\f5ec4428-6e58-4bc6-9ba2-3a6f5b4f374e___RS_Erly.B 6365.JPG,leaf_7_0_f5ec4428-6e58-4bc6-9ba2-3a6f5b4f374e___RS_Erly.B 6365.JPG
8.0,RS_Erly.B 6372.JPG,C:\smart_agriculture\PlantVillage-Dataset\raw\color\Tomato___Early_blight\12c1c25b-6809-45d8-9a20-969de7860b5d___RS_Erly.B 6372.JPG,leaf_8_0_12c1c25b-6809-45d8-9a20-969de7860b5d___RS_Erly.B 6372.JPG
9.0,RS_Erly.B 6377.JPG,C:\smart_agriculture\PlantVillage-Dataset\raw\color\Tomato___Early_blight\b165d0d3-726d-4913-8b92-3f14e1b99410___RS_Erly.B 6377.JPG,leaf_9_0_b165d0d3-726d-4913-8b92-3f14e1b99410___RS_Erly.B 6377.JPG
10.0,RS_Erly.B 6385.JPG,C:\smart_agriculture\PlantVillage-Dataset\raw\color\Tomato___Early_blight\239213d8-587b-48a8-bfdf-03157ba8e95d___RS_Erly.B 6385.JPG,leaf_10_0_239213d8-587b-48a8-bfdf-03157ba8e95d___RS_Erly.B 6385.JPG
11.0,RS_Erly.B 6390.JPG,C:\smart_agriculture\PlantVillage-Dataset\raw\color\Tomato___Early_blight\a47435d5-cd96-4f92-96b9-edd35046c88f___RS_Erly.B 6390.JPG,leaf_11_0_a47435d5-cd96-4f92-96b9-edd35046c88f___RS_Erly.B 6390.JPG
12.0,RS_Erly.B 6395.JPG,C:\smart_agriculture\PlantVillage-Dataset\raw\color\Tomato___Early_blight\eccf8abf-a178-464f-ba55-1d203f5f8a47___RS_Erly.B 6395.JPG,leaf_12_0_eccf8abf-a178-464f-ba55-1d203f5f8a47___RS_Erly.B 6395.JPG
13.0,RS_Erly.B 6401.JPG,C:\smart_agriculture\PlantVillage-Dataset\raw\color\Tomato___Early_blight\0db67be3-f733-4d15-b7d9-5d075b2cafc7___RS_Erly.B 6401.JPG,leaf_13_0_0db67be3-f733-4d15-b7d9-5d075b2cafc7___RS_Erly.B 6401.JPG
14.0,RS_Erly.B 6407.JPG,C:\smart_agriculture\PlantVillage-Dataset\raw\color\Tomato___Early_blight\32065728-b0b0-4840-b2cc-7461b371e57f___RS_Erly.B 6407.JPG,leaf_14_0_32065728-b0b0-4840-b2cc-7461b371e57f___RS_Erly.B 6407.JPG
15.0,RS_Erly.B 6413.JPG,C:\smart_agriculture\PlantVillage-Dataset\raw\color\Tomato___Early_blight\0f03a09c-aa48-4d51-95e1-752c466c3742___RS_Erly.B 6413.JPG,leaf_15_0_0f03a09c-aa48-4d51-95e1-752c466c3742___RS_Erly.B 6413.JPG
16.0,RS_Erly.B 6419.JPG,C:\smart_agriculture\PlantVillage-Dataset\raw\color\Tomato___Early_blight\e6645f63-afc8-416a-a4cb-0f5c719476ae___RS_Erly.B 6419.JPG,leaf_16_0_e6645f63-afc8-416a-a4cb-0f5c719476ae___RS_Erly.B 6419.JPG
17.0,RS_Erly.B 6425.JPG,C:\smart_agriculture\PlantVillage-Dataset\raw\color\Tomato___Early_blight\0c221e01-a85e-4794-b45b-3a91e349a8d2___RS_Erly.B 6425.JPG,leaf_17_0_0c221e01-a85e-4794-b45b-3a91e349a8d2___RS_Erly.B 6425.JPG
18.0,RS_Erly.B 6430.JPG,C:\smart_agriculture\PlantVillage-Dataset\raw\color\Tomato___Early_blight\7c1dc810-54ee-4442-86d5-6994d4736d92___RS_Erly.B 6430.JPG,leaf_18_0_7c1dc810-54ee-4442-86d5-6994d4736d92___RS_Erly.B 6430.JPG
19.0,RS_Erly.B 6436.JPG,C:\smart_agriculture\PlantVillage-Dataset\raw\color\Tomato___Early_blight\d8754b7f-53a4-4e69-8f54-1ec9f7581799___RS_Erly.B 6436.JPG,leaf_19_0_d8754b7f-53a4-4e69-8f54-1ec9f7581799___RS_Erly.B 6436.JPG
20.0,RS_Erly.B 6442.JPG,C:\smart_agriculture\PlantVillage-Dataset\raw\color\Tomato___Early_blight\893b7469-eb50-4567-9292-dc8f7610c311___RS_Erly.B 6442.JPG,leaf_20_0_893b7469-eb50-4567-9292-dc8f7610c311___RS_Erly.B 6442.JPG
21.0,RS_Erly.B 6448.JPG,C:\smart_agriculture\PlantVillage-Dataset\raw\color\Tomato___Early_blight\92df4dc7-e952-4454-9fed-a7897d16903b___RS_Erly.B 6448.JPG,leaf_21_0_92df4dc7-e952-4454-9fed-a7897d16903b___RS_Erly.B 6448.JPG
22.0,RS_Erly.B 6453.JPG,C:\smart_agriculture\PlantVillage-Dataset\raw\color\Tomato___Early_blight\b0f9d534-0c29-4185-bdd1-43b83dc586f8___RS_Erly.B 6453.JPG,leaf_22_0_b0f9d534-0c29-4185-bdd1-43b83dc586f8___RS_Erly.B 6453.JPG
23.0,RS_Erly.B 6459.JPG,C:\smart_agriculture\PlantVillage-Dataset\raw\color\Tomato___Early_blight\77b824b4-8d93-44cf-8e8d-b6433fea90b7___RS_Erly.B 6459.JPG,leaf_23_0_77b824b4-8d93-44cf-8e8d-b6433fea90b7___RS_Erly.B 6459.JPG
24.0,RS_Erly.B 6466.JPG,C:\smart_agriculture\PlantVillage-Dataset\raw\color\Tomato___Early_blight\d0efac0c-12e0-4481-bf88-a99d9407b31b___RS_Erly.B 6466.JPG,leaf_24_0_d0efac0c-12e0-4481-bf88-a99d9407b31b___RS_Erly.B 6466.JPG
25.0,RS_Erly.B 6471.JPG,C:\smart_agriculture\PlantVillage-Dataset\raw\color\Tomato___Early_blight\6f8046e5-2fc8-4243-a887-b4e99d16397d___RS_Erly.B 6471.JPG,leaf_25_0_6f8046e5-2fc8-4243-a887-b4e99d16397d___RS_Erly.B 6471.JPG
26.0,RS_Erly.B 6476.JPG,C:\smart_agriculture\PlantVillage-Dataset\raw\color\Tomato___Early_blight\5fef7edb-3b8a-4f74-b980-493366ead004___RS_Erly.B 6476.JPG,leaf_26_0_5fef7edb-3b8a-4f74-b980-493366ead004___RS_Erly.B 6476.JPG
27.0,RS_Erly.B 6481.JPG,C:\smart_agriculture\PlantVillage-Dataset\raw\color\Tomato___Early_blight\765d8e2a-ebad-4fd5-a968-a9d21986268d___RS_Erly.B 6481.JPG,leaf_27_0_765d8e2a-ebad-4fd5-a968-a9d21986268d___RS_Erly.B 6481.JPG
28.0,RS_Erly.B 6487.JPG,C:\smart_agriculture\PlantVillage-Dataset\raw\color\Tomato___Early_blight\eaaea397-5e49-47e8-adad-f9a17e1cce65___RS_Erly.B 6487.JPG,leaf_28_0_eaaea397-5e49-47e8-adad-f9a17e1cce65___RS_Erly.B 6487.JPG
29.0,RS_Erly.B 6491.JPG,C:\smart_agriculture\PlantVillage-Dataset\raw\color\Tomato___Early_blight\2c9fda20-f414-4aaa-8798-faf6bc38f014___RS_Erly.B 6491.JPG,leaf_29_0_2c9fda20-f414-4aaa-8798-faf6bc38f014___RS_Erly.B 6491.JPG
30.0,RS_Erly.B 6662.JPG,C:\smart_agriculture\PlantVillage-Dataset\raw\color\Tomato___Early_blight\d5bddab9-06bd-488f-a844-97bd75c6b061___RS_Erly.B 6662.JPG,leaf_30_0_d5bddab9-06bd-488f-a844-97bd75c6b061___RS_Erly.B 6662.JPG
31.0,RS_Erly.B 7345.JPG,C:\smart_agriculture\PlantVillage-Dataset\raw\color\Tomato___Early_blight\3064e2fc-3a71-4a66-8cd1-dc76ebc0c2e6___RS_Erly.B 7345.JPG,leaf_31_0_3064e2fc-3a71-4a66-8cd1-dc76ebc0c2e6___RS_Erly.B 7345.JPG
32.0,RS_Erly.B 7349.JPG,C:\smart_agriculture\PlantVillage-Dataset\raw\color\Tomato___Early_blight\422802e1-cee5-43b7-b735-7f90b5e5d4e2___RS_Erly.B 7349.JPG,leaf_32_0_422802e1-cee5-43b7-b735-7f90b5e5d4e2___RS_Erly.B 7349.JPG
33.0,RS_Erly.B 7353.JPG,C:\smart_agriculture\PlantVillage-Dataset\raw\color\Tomato___Early_blight\c684e255-de5d-4905-b934-962180be33cb___RS_Erly.B 7353.JPG,leaf_33_0_c684e255-de5d-4905-b934-962180be33cb___RS_Erly.B 7353.JPG
34.0,RS_Erly.B 7357.JPG,C:\smart_agriculture\PlantVillage-Dataset\raw\color\Tomato___Early_blight\a0cb35c3-0ae6-4b64-a42f-d14006f3d315___RS_Erly.B 7357.JPG,leaf_34_0_a0cb35c3-0ae6-4b64-a42f-d14006f3d315___RS_Erly.B 7357.JPG
35.0,RS_Erly.B 7362.JPG,C:\smart_agriculture\PlantVillage-Dataset\raw\color\Tomato___Early_blight\498e5205-4421-4ec6-80b5-e4f79156b1c5___RS_Erly.B 7362.JPG,leaf_35_0_498e5205-4421-4ec6-80b5-e4f79156b1c5___RS_Erly.B 7362.JPG
36.0,RS_Erly.B 7366.JPG,C:\smart_agriculture\PlantVillage-Dataset\raw\color\Tomato___Early_blight\1a8bd88f-309f-4392-b387-7cb423ef0ab6___RS_Erly.B 7366.JPG,leaf_36_0_1a8bd88f-309f-4392-b387-7cb423ef0ab6___RS_Erly.B 7366.JPG
37.0,RS_Erly.B 7370.JPG,C:\smart_agriculture\PlantVillage-Dataset\raw\color\Tomato___Early_blight\28d03063-a772-4136-80fd-3bbff0fffa41___RS_Erly.B 7370.JPG,leaf_37_0_28d03063-a772-4136-80fd-3bbff0fffa41___RS_Erly.B 7370.JPG
38.0,RS_Erly.B 7374.JPG,C:\smart_agriculture\PlantVillage-Dataset\raw\color\Tomato___Early_blight\66779f6e-2eb3-4bd5-82c1-e00bab5b3b9b___RS_Erly.B 7374.JPG,leaf_38_0_66779f6e-2eb3-4bd5-82c1-e00bab5b3b9b___RS_Erly.B 7374.JPG
39.0,RS_Erly.B 7382.JPG,C:\smart_agriculture\PlantVillage-Dataset\raw\color\Tomato___Early_blight\0e2abcfb-e62b-4c61-a24a-0800cad904a8___RS_Erly.B 7382.JPG,leaf_39_0_0e2abcfb-e62b-4c61-a24a-0800cad904a8___RS_Erly.B 7382.JPG
40.0,RS_Erly.B 7386.JPG,C:\smart_agriculture\PlantVillage-Dataset\raw\color\Tomato___Early_blight\b7b39e7d-16ca-4b55-9b3a-9bd68b746055___RS_Erly.B 7386.JPG,leaf_40_0_b7b39e7d-16ca-4b55-9b3a-9bd68b746055___RS_Erly.B 7386.JPG
41.0,RS_Erly.B 7390.JPG,C:\smart_agriculture\PlantVillage-Dataset\raw\color\Tomato___Early_blight\38b7f839-7d01-4062-a858-a64b841b7996___RS_Erly.B 7390.JPG,leaf_41_0_38b7f839-7d01-4062-a858-a64b841b7996___RS_Erly.B 7390.JPG
42.0,RS_Erly.B 7394.JPG,C:\smart_agriculture\PlantVillage-Dataset\raw\color\Tomato___Early_blight\39da27eb-fde9-474b-bf0a-1374901ed82b___RS_Erly.B 7394.JPG,leaf_42_0_39da27eb-fde9-474b-bf0a-1374901ed82b___RS_Erly.B 7394.JPG
43.0,RS_Erly.B 7398.JPG,C:\smart_agriculture\PlantVillage-Dataset\raw\color\Tomato___Early_blight\e31c2f10-8b8d-4aec-9bc7-764d2995ebec___RS_Erly.B 7398.JPG,leaf_43_0_e31c2f10-8b8d-4aec-9bc7-764d2995ebec___RS_Erly.B 7398.JPG
44.0,RS_Erly.B 7402.JPG,C:\smart_agriculture\PlantVillage-Dataset\raw\color\Tomato___Early_blight\345b59b4-87fd-43a2-9783-fed3e492c4d7___RS_Erly.B 7402.JPG,leaf_44_0_345b59b4-87fd-43a2-9783-fed3e492c4d7___RS_Erly.B 7402.JPG
45.0,RS_Erly.B 7406.JPG,C:\smart_agriculture\PlantVillage-Dataset\raw\color\Tomato___Early_blight\342d78c9-af97-4325-ad0f-0f12e0a206c2___RS_Erly.B 7406.JPG,leaf_45_0_342d78c9-af97-4325-ad0f-0f12e0a206c2___RS_Erly.B 7406.JPG
46.0,RS_Erly.B 7410.JPG,C:\smart_agriculture\PlantVillage-Dataset\raw\color\Tomato___Early_blight\93296d31-4bc2-4998-adce-ec243e940152___RS_Erly.B 7410.JPG,leaf_46_0_93296d31-4bc2-4998-adce-ec243e940152___RS_Erly.B 7410.JPG
47.0,RS_Erly.B 7414.JPG,C:\smart_agriculture\PlantVillage-Dataset\raw\color\Tomato___Early_blight\3d8e1f90-be34-4da7-b124-a98eddb346d1___RS_Erly.B 7414.JPG,leaf_47_0_3d8e1f90-be34-4da7-b124-a98eddb346d1___RS_Erly.B 7414.JPG
48.0,RS_Erly.B 7418.JPG,C:\smart_agriculture\PlantVillage-Dataset\raw\color\Tomato___Early_blight\f88be630-f853-48f8-b546-a2f7966368a2___RS_Erly.B 7418.JPG,leaf_48_0_f88be630-f853-48f8-b546-a2f7966368a2___RS_Erly.B 7418.JPG
49.0,RS_Erly.B 7422.JPG,C:\smart_agriculture\PlantVillage-Dataset\raw\color\Tomato___Early_blight\29345423-647e-4e1b-81f4-16d8cfc0e137___RS_Erly.B 7422.JPG,leaf_49_0_29345423-647e-4e1b-81f4-16d8cfc0e137___RS_Erly.B 7422.JPG
50.0,RS_Erly.B 7426.JPG,C:\smart_agriculture\PlantVillage-Dataset\raw\color\Tomato___Early_blight\e7d248e4-a5e5-431f-9061-6383c14d8526___RS_Erly.B 7426.JPG,leaf_50_0_e7d248e4-a5e5-431f-9061-6383c14d8526___RS_Erly.B 7426.JPG
51.0,RS_Erly.B 7430.JPG,C:\smart_agriculture\PlantVillage-Dataset\raw\color\Tomato___Early_blight\4c1481fd-12fa-4729-9de6-35c7fae918a5___RS_Erly.B 7430.JPG,leaf_51_0_4c1481fd-12fa-4729-9de6-35c7fae918a5___RS_Erly.B 7430.JPG
52.0,RS_Erly.B 7434.JPG,C:\smart_agriculture\PlantVillage-Dataset\raw\color\Tomato___Early_blight\6b52f204-547d-47aa-926c-b9508a5e6cbc___RS_Erly.B 7434.JPG,leaf_52_0_6b52f204-547d-47aa-926c-b9508a5e6cbc___RS_Erly.B 7434.JPG
53.0,RS_Erly.B 7438.JPG,C:\smart_agriculture\PlantVillage-Dataset\raw\color\Tomato___Early_blight\a8b2bbbc-5bef-4ef4-8322-48cde639a9aa___RS_Erly.B 7438.JPG,leaf_53_0_a8b2bbbc-5bef-4ef4-8322-48cde639a9aa___RS_Erly.B 7438.JPG
54.0,RS_Erly.B 7448.JPG,C:\smart_agriculture\PlantVillage-Dataset\raw\color\Tomato___Early_blight\8b7b2dbe-cb3d-4ab1-a487-7c7d5553b796___RS_Erly.B 7448.JPG,leaf_54_0_8b7b2dbe-cb3d-4ab1-a487-7c7d5553b796___RS_Erly.B 7448.JPG
55.0,RS_Erly.B 7452.JPG,C:\smart_agriculture\PlantVillage-Dataset\raw\color\Tomato___Early_blight\3387fbf2-ee72-4601-b8de-c863eb96d181___RS_Erly.B 7452.JPG,leaf_55_0_3387fbf2-ee72-4601-b8de-c863eb96d181___RS_Erly.B 7452.JPG
56.0,RS_Erly.B 7456.JPG,C:\smart_agriculture\PlantVillage-Dataset\raw\color\Tomato___Early_blight\fbc07887-0306-4f85-9de9-ebb68a87753a___RS_Erly.B 7456.JPG,leaf_56_0_fbc07887-0306-4f85-9de9-ebb68a87753a___RS_Erly.B 7456.JPG
57.0,RS_Erly.B 7460.JPG,C:\smart_agriculture\PlantVillage-Dataset\raw\color\Tomato___Early_blight\5bb67c87-9449-4365-aad2-0763164a608b___RS_Erly.B 7460.JPG,leaf_57_0_5bb67c87-9449-4365-aad2-0763164a608b___RS_Erly.B 7460.JPG
58.0,RS_Erly.B 7464.JPG,C:\smart_agriculture\PlantVillage-Dataset\raw\color\Tomato___Early_blight\0378db62-5231-4eff-815d-c0deb0043e80___RS_Erly.B 7464.JPG,leaf_58_0_0378db62-5231-4eff-815d-c0deb0043e80___RS_Erly.B 7464.JPG
59.0,RS_Erly.B 7468.JPG,C:\smart_agriculture\PlantVillage-Dataset\raw\color\Tomato___Early_blight\944646f0-3c8f-482b-8009-64d5fad8cdd7___RS_Erly.B 7468.JPG,leaf_59_0_944646f0-3c8f-482b-8009-64d5fad8cdd7___RS_Erly.B 7468.JPG
60.0,RS_Erly.B 7472.JPG,C:\smart_agriculture\PlantVillage-Dataset\raw\color\Tomato___Early_blight\072ae43a-416b-434a-a5a2-1b48bc47fada___RS_Erly.B 7472.JPG,leaf_60_0_072ae43a-416b-434a-a5a2-1b48bc47fada___RS_Erly.B 7472.JPG
61.0,RS_Erly.B 7476.JPG,C:\smart_agriculture\PlantVillage-Dataset\raw\color\Tomato___Early_blight\5bcb328c-9fa4-4abf-a3b6-8a015ada7d94___RS_Erly.B 7476.JPG,leaf_61_0_5bcb328c-9fa4-4abf-a3b6-8a015ada7d94___RS_Erly.B 7476.JPG
62.0,RS_Erly.B 7480.JPG,C:\smart_agriculture\PlantVillage-Dataset\raw\color\Tomato___Early_blight\deed458f-ec5b-46c7-9658-c005cf90fc11___RS_Erly.B 7480.JPG,leaf_62_0_deed458f-ec5b-46c7-9658-c005cf90fc11___RS_Erly.B 7480.JPG
63.0,RS_Erly.B 7484.JPG,C:\smart_agriculture\PlantVillage-Dataset\raw\color\Tomato___Early_blight\71ec70cc-dfa7-4798-8970-80edfa6435f2___RS_Erly.B 7484.JPG,leaf_63_0_71ec70cc-dfa7-4798-8970-80edfa6435f2___RS_Erly.B 7484.JPG
64.0,RS_Erly.B 7492.JPG,C:\smart_agriculture\PlantVillage-Dataset\raw\color\Tomato___Early_blight\a86f36c6-2089-4367-ba3e-5b7c8b3c0084___RS_Erly.B 7492.JPG,leaf_64_0_a86f36c6-2089-4367-ba3e-5b7c8b3c0084___RS_Erly.B 7492.JPG
65.0,RS_Erly.B 7496.JPG,C:\smart_agriculture\PlantVillage-Dataset\raw\color\Tomato___Early_blight\18d8f15c-4948-4506-ae09-54169f95cf36___RS_Erly.B 7496.JPG,leaf_65_0_18d8f15c-4948-4506-ae09-54169f95cf36___RS_Erly.B 7496.JPG
66.0,RS_Erly.B 7500.JPG,C:\smart_agriculture\PlantVillage-Dataset\raw\color\Tomato___Early_blight\b383b96d-13d9-454a-a179-3093e48d8708___RS_Erly.B 7500.JPG,leaf_66_0_b383b96d-13d9-454a-a179-3093e48d8708___RS_Erly.B 7500.JPG
67.0,RS_Erly.B 7504.JPG,C:\smart_agriculture\PlantVillage-Dataset\raw\color\Tomato___Early_blight\a442ef7e-3c93-45d9-85c0-5fa66fe32bb8___RS_Erly.B 7504.JPG,leaf_67_0_a442ef7e-3c93-45d9-85c0-5fa66fe32bb8___RS_Erly.B 7504.JPG
68.0,RS_Erly.B 7508.JPG,C:\smart_agriculture\PlantVillage-Dataset\raw\color\Tomato___Early_blight\0cd1ebaf-3975-4749-b625-50b7b0751c36___RS_Erly.B 7508.JPG,leaf_68_0_0cd1ebaf-3975-4749-b625-50b7b0751c36___RS_Erly.B 7508.JPG
69.0,RS_Erly.B 7512.JPG,C:\smart_agriculture\PlantVillage-Dataset\raw\color\Tomato___Early_blight\121e9cbe-77d2-43ca-8e04-17a556a1c2b2___RS_Erly.B 7512.JPG,leaf_69_0_121e9cbe-77d2-43ca-8e04-17a556a1c2b2___RS_Erly.B 7512.JPG
70.0,RS_Erly.B 7516.JPG,C:\smart_agriculture\PlantVillage-Dataset\raw\color\Tomato___Early_blight\07502bbb-1733-4d49-a3dc-557b1d4391da___RS_Erly.B 7516.JPG,leaf_70_0_07502bbb-1733-4d49-a3dc-557b1d4391da___RS_Erly.B 7516.JPG
71.0,RS_Erly.B 7520.JPG,C:\smart_agriculture\PlantVillage-Dataset\raw\color\Tomato___Early_blight\2a64ed5f-6be9-463b-894f-e2953da0a974___RS_Erly.B 7520.JPG,leaf_71_0_2a64ed5f-6be9-463b-894f-e2953da0a974___RS_Erly.B 7520.JPG
72.0,RS_Erly.B 7525.JPG,C:\smart_agriculture\PlantVillage-Dataset\raw\color\Tomato___Early_blight\f33995ae-6456-476c-b832-4ff4cbaf49f7___RS_Erly.B 7525.JPG,leaf_72_0_f33995ae-6456-476c-b832-4ff4cbaf49f7___RS_Erly.B 7525.JPG
73.0,RS_Erly.B 7529.JPG,C:\smart_agriculture\PlantVillage-Dataset\raw\color\Tomato___Early_blight\51764eb9-fb8b-4c8a-9c30-3b474d659751___RS_Erly.B 7529.JPG,leaf_73_0_51764eb9-fb8b-4c8a-9c30-3b474d659751___RS_Erly.B 7529.JPG
74.0,RS_Erly.B 7533.JPG,C:\smart_agriculture\PlantVillage-Dataset\raw\color\Tomato___Early_blight\1dad664e-ec73-474e-aaf9-a832ca212e3f___RS_Erly.B 7533.JPG,leaf_74_0_1dad664e-ec73-474e-aaf9-a832ca212e3f___RS_Erly.B 7533.JPG
75.0,RS_Erly.B 7537.JPG,C:\smart_agriculture\PlantVillage-Dataset\raw\color\Tomato___Early_blight\cbbd6255-f338-45b2-816d-47903ab67be7___RS_Erly.B 7537.JPG,leaf_75_0_cbbd6255-f338-45b2-816d-47903ab67be7___RS_Erly.B 7537.JPG
76.0,RS_Erly.B 7541.JPG,C:\smart_agriculture\PlantVillage-Dataset\raw\color\Tomato___Early_blight\c78483c5-424f-4a5f-aab3-5b909b62a7e6___RS_Erly.B 7541.JPG,leaf_76_0_c78483c5-424f-4a5f-aab3-5b909b62a7e6___RS_Erly.B 7541.JPG
77.0,RS_Erly.B 7545.JPG,C:\smart_agriculture\PlantVillage-Dataset\raw\color\Tomato___Early_blight\c793a3d2-1f1d-486c-9140-87d2354c4874___RS_Erly.B 7545.JPG,leaf_77_0_c793a3d2-1f1d-486c-9140-87d2354c4874___RS_Erly.B 7545.JPG
78.0,RS_Erly.B 7549.JPG,C:\smart_agriculture\PlantVillage-Dataset\raw\color\Tomato___Early_blight\4aa63e45-c531-40e2-86ca-a788e74d4f18___RS_Erly.B 7549.JPG,leaf_78_0_4aa63e45-c531-40e2-86ca-a788e74d4f18___RS_Erly.B 7549.JPG
79.0,RS_Erly.B 7553.JPG,C:\smart_agriculture\PlantVillage-Dataset\raw\color\Tomato___Early_blight\cc822ace-0411-4ff9-b040-3670031c6467___RS_Erly.B 7553.JPG,leaf_79_0_cc822ace-0411-4ff9-b040-3670031c6467___RS_Erly.B 7553.JPG
80.0,RS_Erly.B 7557.JPG,C:\smart_agriculture\PlantVillage-Dataset\raw\color\Tomato___Early_blight\71eb9b0a-a7ea-47a0-8108-71949d74e22d___RS_Erly.B 7557.JPG,leaf_80_0_71eb9b0a-a7ea-47a0-8108-71949d74e22d___RS_Erly.B 7557.JPG
81.0,RS_Erly.B 7561.JPG,C:\smart_agriculture\PlantVillage-Dataset\raw\color\Tomato___Early_blight\a6abb0cb-af59-4136-a928-f08d5313ae36___RS_Erly.B 7561.JPG,leaf_81_0_a6abb0cb-af59-4136-a928-f08d5313ae36___RS_Erly.B 7561.JPG
82.0,RS_Erly.B 7565.JPG,C:\smart_agriculture\PlantVillage-Dataset\raw\color\Tomato___Early_blight\9d8aacaf-ef28-4f23-a18d-4035f59d92b1___RS_Erly.B 7565.JPG,leaf_82_0_9d8aacaf-ef28-4f23-a18d-4035f59d92b1___RS_Erly.B 7565.JPG
83.0,RS_Erly.B 7569.JPG,C:\smart_agriculture\PlantVillage-Dataset\raw\color\Tomato___Early_blight\8f6562ec-69b1-4d97-85be-844034c98c4d___RS_Erly.B 7569.JPG,leaf_83_0_8f6562ec-69b1-4d97-85be-844034c98c4d___RS_Erly.B 7569.JPG
84.0,RS_Erly.B 7573.JPG,C:\smart_agriculture\PlantVillage-Dataset\raw\color\Tomato___Early_blight\06d0298e-18e5-4bf5-8d33-8feef6600f15___RS_Erly.B 7573.JPG,leaf_84_0_06d0298e-18e5-4bf5-8d33-8feef6600f15___RS_Erly.B 7573.JPG
85.0,RS_Erly.B 7577.JPG,C:\smart_agriculture\PlantVillage-Dataset\raw\color\Tomato___Early_blight\40b67c0a-5dd8-435c-80ed-764593d2147a___RS_Erly.B 7577.JPG,leaf_85_0_40b67c0a-5dd8-435c-80ed-764593d2147a___RS_Erly.B 7577.JPG
86.0,RS_Erly.B 7581.JPG,C:\smart_agriculture\PlantVillage-Dataset\raw\color\Tomato___Early_blight\5bbfc062-042e-4929-98ba-fd034a03092d___RS_Erly.B 7581.JPG,leaf_86_0_5bbfc062-042e-4929-98ba-fd034a03092d___RS_Erly.B 7581.JPG
87.0,RS_Erly.B 7585.JPG,C:\smart_agriculture\PlantVillage-Dataset\raw\color\Tomato___Early_blight\2a5367b1-6732-4213-b095-5953251324ee___RS_Erly.B 7585.JPG,leaf_87_0_2a5367b1-6732-4213-b095-5953251324ee___RS_Erly.B 7585.JPG
88.0,RS_Erly.B 7589.JPG,C:\smart_agriculture\PlantVillage-Dataset\raw\color\Tomato___Early_blight\264bc13b-2bcd-40f8-ae25-23aef0ccdc64___RS_Erly.B 7589.JPG,leaf_88_0_264bc13b-2bcd-40f8-ae25-23aef0ccdc64___RS_Erly.B 7589.JPG
89.0,RS_Erly.B 7593.JPG,C:\smart_agriculture\PlantVillage-Dataset\raw\color\Tomato___Early_blight\73f4d791-745e-49b8-82d8-e29b24ddd0e5___RS_Erly.B 7593.JPG,leaf_89_0_73f4d791-745e-49b8-82d8-e29b24ddd0e5___RS_Erly.B 7593.JPG
90.0,RS_Erly.B 7597.JPG,C:\smart_agriculture\PlantVillage-Dataset\raw\color\Tomato___Early_blight\a67b9ba1-99ff-4826-8f7b-1b89ca61980e___RS_Erly.B 7597.JPG,leaf_90_0_a67b9ba1-99ff-4826-8f7b-1b89ca61980e___RS_Erly.B 7597.JPG
91.0,RS_Erly.B 7601.JPG,C:\smart_agriculture\PlantVillage-Dataset\raw\color\Tomato___Early_blight\e330dc16-fdf9-4eee-8b09-88bfb5537180___RS_Erly.B 7601.JPG,leaf_91_0_e330dc16-fdf9-4eee-8b09-88bfb5537180___RS_Erly.B 7601.JPG
92.0,RS_Erly.B 7605.JPG,C:\smart_agriculture\PlantVillage-Dataset\raw\color\Tomato___Early_blight\eb2537b2-d6fa-4c70-b919-f90bbe2c65f2___RS_Erly.B 7605.JPG,leaf_92_0_eb2537b2-d6fa-4c70-b919-f90bbe2c65f2___RS_Erly.B 7605.JPG
93.0,RS_Erly.B 7609.JPG,C:\smart_agriculture\PlantVillage-Dataset\raw\color\Tomato___Early_blight\0abc57ec-7f3b-482a-8579-21f3b2fb780b___RS_Erly.B 7609.JPG,leaf_93_0_0abc57ec-7f3b-482a-8579-21f3b2fb780b___RS_Erly.B 7609.JPG
94.0,RS_Erly.B 7613.JPG,C:\smart_agriculture\PlantVillage-Dataset\raw\color\Tomato___Early_blight\a52492e3-7916-4a13-a175-6a6c0dd3440a___RS_Erly.B 7613.JPG,leaf_94_0_a52492e3-7916-4a13-a175-6a6c0dd3440a___RS_Erly.B 7613.JPG
95.0,RS_Erly.B 7617.JPG,C:\smart_agriculture\PlantVillage-Dataset\raw\color\Tomato___Early_blight\24379205-969e-4cd0-9232-176c83364d60___RS_Erly.B 7617.JPG,leaf_95_0_24379205-969e-4cd0-9232-176c83364d60___RS_Erly.B 7617.JPG
96.0,RS_Erly.B 7621.JPG,C:\smart_agriculture\PlantVillage-Dataset\raw\color\Tomato___Early_blight\4283992b-ab8a-41aa-baeb-17a5b0f75af1___RS_Erly.B 7621.JPG,leaf_96_0_4283992b-ab8a-41aa-baeb-17a5b0f75af1___RS_Erly.B 7621.JPG
97.0,RS_Erly.B 7625.JPG,C:\smart_agriculture\PlantVillage-Dataset\raw\color\Tomato___Early_blight\8d4ae220-8a79-4ca0-886c-92e90fc7efb2___RS_Erly.B 7625.JPG,leaf_97_0_8d4ae220-8a79-4ca0-886c-92e90fc7efb2___RS_Erly.B 7625.JPG
98.0,RS_Erly.B 7629.JPG,C:\smart_agriculture\PlantVillage-Dataset\raw\color\Tomato___Early_blight\c83d0821-505b-4270-acd7-1a5c79f671b4___RS_Erly.B 7629.JPG,leaf_98_0_c83d0821-505b-4270-acd7-1a5c79f671b4___RS_Erly.B 7629.JPG
99.0,RS_Erly.B 7633.JPG,C:\smart_agriculture\PlantVillage-Dataset\raw\color\Tomato___Early_blight\21ad39db-c205-4220-a7e6-566042e70007___RS_Erly.B 7633.JPG,leaf_99_0_21ad39db-c205-4220-a7e6-566042e70007___RS_Erly.B 7633.JPG
100.0,RS_Erly.B 7637.JPG,C:\smart_agriculture\PlantVillage-Dataset\raw\color\Tomato___Early_blight\397ffe67-e784-44d5-ae1a-d1e2990c041b___RS_Erly.B 7637.JPG,leaf_100_0_397ffe67-e784-44d5-ae1a-d1e2990c041b___RS_Erly.B 7637.JPG
101.0,RS_Erly.B 7641.JPG,C:\smart_agriculture\PlantVillage-Dataset\raw\color\Tomato___Early_blight\36c17d6d-9e00-4e7c-bf14-eaadb64b508d___RS_Erly.B 7641.JPG,leaf_101_0_36c17d6d-9e00-4e7c-bf14-eaadb64b508d___RS_Erly.B 7641.JPG
102.0,RS_Erly.B 7645.JPG,C:\smart_agriculture\PlantVillage-Dataset\raw\color\Tomato___Early_blight\b4cfa208-cee0-4383-b0e2-6988814fbb9a___RS_Erly.B 7645.JPG,leaf_102_0_b4cfa208-cee0-4383-b0e2-6988814fbb9a___RS_Erly.B 7645.JPG
103.0,RS_Erly.B 7649.JPG,C:\smart_agriculture\PlantVillage-Dataset\raw\color\Tomato___Early_blight\16ae1b64-2954-4135-bea5-d599ba56740c___RS_Erly.B 7649.JPG,leaf_103_0_16ae1b64-2954-4135-bea5-d599ba56740c___RS_Erly.B 7649.JPG
104.0,RS_Erly.B 7653.JPG,C:\smart_agriculture\PlantVillage-Dataset\raw\color\Tomato___Early_blight\3a8ed6b0-1566-4ab1-b0e2-6a670dfca65a___RS_Erly.B 7653.JPG,leaf_104_0_3a8ed6b0-1566-4ab1-b0e2-6a670dfca65a___RS_Erly.B 7653.JPG
105.0,RS_Erly.B 7657.JPG,C:\smart_agriculture\PlantVillage-Dataset\raw\color\Tomato___Early_blight\b60702b4-a7dd-4201-bfcc-4a13c7dcc44f___RS_Erly.B 7657.JPG,leaf_105_0_b60702b4-a7dd-4201-bfcc-4a13c7dcc44f___RS_Erly.B 7657.JPG
106.0,RS_Erly.B 7661.JPG,C:\smart_agriculture\PlantVillage-Dataset\raw\color\Tomato___Early_blight\983a04ad-2cc6-4d78-9365-a67012b4ffdc___RS_Erly.B 7661.JPG,leaf_106_0_983a04ad-2cc6-4d78-9365-a67012b4ffdc___RS_Erly.B 7661.JPG
107.0,RS_Erly.B 7665.JPG,C:\smart_agriculture\PlantVillage-Dataset\raw\color\Tomato___Early_blight\3537d467-9926-49dc-8d11-74a76b196354___RS_Erly.B 7665.JPG,leaf_107_0_3537d467-9926-49dc-8d11-74a76b196354___RS_Erly.B 7665.JPG
108.0,RS_Erly.B 7669.JPG,C:\smart_agriculture\PlantVillage-Dataset\raw\color\Tomato___Early_blight\248a61d1-ed39-452b-b985-77120c1edc7a___RS_Erly.B 7669.JPG,leaf_108_0_248a61d1-ed39-452b-b985-77120c1edc7a___RS_Erly.B 7669.JPG
109.0,RS_Erly.B 7673.JPG,C:\smart_agriculture\PlantVillage-Dataset\raw\color\Tomato___Early_blight\e084577f-bb13-4baf-8384-2b37eb430236___RS_Erly.B 7673.JPG,leaf_109_0_e084577f-bb13-4baf-8384-2b37eb430236___RS_Erly.B 7673.JPG
110.0,RS_Erly.B 7677.JPG,C:\smart_agriculture\PlantVillage-Dataset\raw\color\Tomato___Early_blight\8c9b351b-520c-46f9-960f-8850386e54ab___RS_Erly.B 7677.JPG,leaf_110_0_8c9b351b-520c-46f9-960f-8850386e54ab___RS_Erly.B 7677.JPG
111.0,RS_Erly.B 7681.JPG,C:\smart_agriculture\PlantVillage-Dataset\raw\color\Tomato___Early_blight\9eec6625-b337-403b-b93c-e809f4e0b8c4___RS_Erly.B 7681.JPG,leaf_111_0_9eec6625-b337-403b-b93c-e809f4e0b8c4___RS_Erly.B 7681.JPG
112.0,RS_Erly.B 7685.JPG,C:\smart_agriculture\PlantVillage-Dataset\raw\color\Tomato___Early_blight\9d64c577-43dd-4409-b0ed-f5460bc01dc9___RS_Erly.B 7685.JPG,leaf_112_0_9d64c577-43dd-4409-b0ed-f5460bc01dc9___RS_Erly.B 7685.JPG
113.0,RS_Erly.B 7689.JPG,C:\smart_agriculture\PlantVillage-Dataset\raw\color\Tomato___Early_blight\d032b2d0-3c5b-4f1d-9532-4fd09cbd5482___RS_Erly.B 7689.JPG,leaf_113_0_d032b2d0-3c5b-4f1d-9532-4fd09cbd5482___RS_Erly.B 7689.JPG
114.0,RS_Erly.B 7693.JPG,C:\smart_agriculture\PlantVillage-Dataset\raw\color\Tomato___Early_blight\68f9f67d-e84a-4551-871c-7b56aab9defc___RS_Erly.B 7693.JPG,leaf_114_0_68f9f67d-e84a-4551-871c-7b56aab9defc___RS_Erly.B 7693.JPG
115.0,RS_Erly.B 7697.JPG,C:\smart_agriculture\PlantVillage-Dataset\raw\color\Tomato___Early_blight\9a86409c-60ef-4fb5-9783-665065eb5229___RS_Erly.B 7697.JPG,leaf_115_0_9a86409c-60ef-4fb5-9783-665065eb5229___RS_Erly.B 7697.JPG
116.0,RS_Erly.B 7702.JPG,C:\smart_agriculture\PlantVillage-Dataset\raw\color\Tomato___Early_blight\b4d37218-1f10-4232-8eeb-dd4106f0f1af___RS_Erly.B 7702.JPG,leaf_116_0_b4d37218-1f10-4232-8eeb-dd4106f0f1af___RS_Erly.B 7702.JPG
117.0,RS_Erly.B 7706.JPG,C:\smart_agriculture\PlantVillage-Dataset\raw\color\Tomato___Early_blight\b8421c32-9111-49c0-8e78-f86a9912ece4___RS_Erly.B 7706.JPG,leaf_117_0_b8421c32-9111-49c0-8e78-f86a9912ece4___RS_Erly.B 7706.JPG
118.0,RS_Erly.B 7710.JPG,C:\smart_agriculture\PlantVillage-Dataset\raw\color\Tomato___Early_blight\6021f415-8463-41eb-ad4c-4033f7d16798___RS_Erly.B 7710.JPG,leaf_118_0_6021f415-8463-41eb-ad4c-4033f7d16798___RS_Erly.B 7710.JPG
119.0,RS_Erly.B 7714.JPG,C:\smart_agriculture\PlantVillage-Dataset\raw\color\Tomato___Early_blight\c9ff37ca-a310-49ad-8978-0913b3c55f58___RS_Erly.B 7714.JPG,leaf_119_0_c9ff37ca-a310-49ad-8978-0913b3c55f58___RS_Erly.B 7714.JPG
120.0,RS_Erly.B 7718.JPG,C:\smart_agriculture\PlantVillage-Dataset\raw\color\Tomato___Early_blight\48dd3efc-400d-4b81-a569-13a51083df58___RS_Erly.B 7718.JPG,leaf_120_0_48dd3efc-400d-4b81-a569-13a51083df58___RS_Erly.B 7718.JPG
121.0,RS_Erly.B 7722.JPG,C:\smart_agriculture\PlantVillage-Dataset\raw\color\Tomato___Early_blight\f834c581-d183-4a7a-98a5-77e8e2cbfa69___RS_Erly.B 7722.JPG,leaf_121_0_f834c581-d183-4a7a-98a5-77e8e2cbfa69___RS_Erly.B 7722.JPG
122.0,RS_Erly.B 7726.JPG,C:\smart_agriculture\PlantVillage-Dataset\raw\color\Tomato___Early_blight\efb0d54f-53c7-4a6a-a194-2bd449799c8c___RS_Erly.B 7726.JPG,leaf_122_0_efb0d54f-53c7-4a6a-a194-2bd449799c8c___RS_Erly.B 7726.JPG
123.0,RS_Erly.B 7730.JPG,C:\smart_agriculture\PlantVillage-Dataset\raw\color\Tomato___Early_blight\2179421c-3ce3-4581-8b65-17da6fffd3db___RS_Erly.B 7730.JPG,leaf_123_0_2179421c-3ce3-4581-8b65-17da6fffd3db___RS_Erly.B 7730.JPG
124.0,RS_Erly.B 7734.JPG,C:\smart_agriculture\PlantVillage-Dataset\raw\color\Tomato___Early_blight\c882c715-ae30-410e-9585-bd7061cf44a4___RS_Erly.B 7734.JPG,leaf_124_0_c882c715-ae30-410e-9585-bd7061cf44a4___RS_Erly.B 7734.JPG
125.0,RS_Erly.B 7738.JPG,C:\smart_agriculture\PlantVillage-Dataset\raw\color\Tomato___Early_blight\a8d430c0-7dff-4474-a6c1-1fd601198ff6___RS_Erly.B 7738.JPG,leaf_125_0_a8d430c0-7dff-4474-a6c1-1fd601198ff6___RS_Erly.B 7738.JPG
126.0,RS_Erly.B 7742.JPG,C:\smart_agriculture\PlantVillage-Dataset\raw\color\Tomato___Early_blight\be03b7aa-4c59-4ea9-b3cc-33a93a34b402___RS_Erly.B 7742.JPG,leaf_126_0_be03b7aa-4c59-4ea9-b3cc-33a93a34b402___RS_Erly.B 7742.JPG
127.0,RS_Erly.B 7746.JPG,C:\smart_agriculture\PlantVillage-Dataset\raw\color\Tomato___Early_blight\b86c17e0-d24a-4edf-a67f-c16c421d36ae___RS_Erly.B 7746.JPG,leaf_127_0_b86c17e0-d24a-4edf-a67f-c16c421d36ae___RS_Erly.B 7746.JPG
128.0,RS_Erly.B 7750.JPG,C:\smart_agriculture\PlantVillage-Dataset\raw\color\Tomato___Early_blight\bde8917a-9b0c-4a7b-8ff1-26f31609d6d7___RS_Erly.B 7750.JPG,leaf_128_0_bde8917a-9b0c-4a7b-8ff1-26f31609d6d7___RS_Erly.B 7750.JPG
129.0,RS_Erly.B 7754.JPG,C:\smart_agriculture\PlantVillage-Dataset\raw\color\Tomato___Early_blight\243a77c6-b401-43c4-9230-68b4b11f3b83___RS_Erly.B 7754.JPG,leaf_129_0_243a77c6-b401-43c4-9230-68b4b11f3b83___RS_Erly.B 7754.JPG
130.0,RS_Erly.B 7758.JPG,C:\smart_agriculture\PlantVillage-Dataset\raw\color\Tomato___Early_blight\352ced01-4645-44e5-bc3e-1b7172deb883___RS_Erly.B 7758.JPG,leaf_130_0_352ced01-4645-44e5-bc3e-1b7172deb883___RS_Erly.B 7758.JPG
131.0,RS_Erly.B 7762.JPG,C:\smart_agriculture\PlantVillage-Dataset\raw\color\Tomato___Early_blight\240300f1-a601-4363-84e8-670af8a124a1___RS_Erly.B 7762.JPG,leaf_131_0_240300f1-a601-4363-84e8-670af8a124a1___RS_Erly.B 7762.JPG
132.0,RS_Erly.B 7766.JPG,C:\smart_agriculture\PlantVillage-Dataset\raw\color\Tomato___Early_blight\7763d482-8290-46f4-83aa-edb87ae15297___RS_Erly.B 7766.JPG,leaf_132_0_7763d482-8290-46f4-83aa-edb87ae15297___RS_Erly.B 7766.JPG
133.0,RS_Erly.B 7770.JPG,C:\smart_agriculture\PlantVillage-Dataset\raw\color\Tomato___Early_blight\535c3c4f-c082-4dd7-a98b-2e16cb377d89___RS_Erly.B 7770.JPG,leaf_133_0_535c3c4f-c082-4dd7-a98b-2e16cb377d89___RS_Erly.B 7770.JPG
134.0,RS_Erly.B 7774.JPG,C:\smart_agriculture\PlantVillage-Dataset\raw\color\Tomato___Early_blight\5870b25f-914c-4dae-aaf5-88d48cb90803___RS_Erly.B 7774.JPG,leaf_134_0_5870b25f-914c-4dae-aaf5-88d48cb90803___RS_Erly.B 7774.JPG
135.0,RS_Erly.B 7778.JPG,C:\smart_agriculture\PlantVillage-Dataset\raw\color\Tomato___Early_blight\00c5c908-fc25-4710-a109-db143da23112___RS_Erly.B 7778.JPG,leaf_135_0_00c5c908-fc25-4710-a109-db143da23112___RS_Erly.B 7778.JPG
136.0,RS_Erly.B 7782.JPG,C:\smart_agriculture\PlantVillage-Dataset\raw\color\Tomato___Early_blight\90c69e4c-c526-4f72-b0b0-4127fc6acb0a___RS_Erly.B 7782.JPG,leaf_136_0_90c69e4c-c526-4f72-b0b0-4127fc6acb0a___RS_Erly.B 7782.JPG
137.0,RS_Erly.B 7786.JPG,C:\smart_agriculture\PlantVillage-Dataset\raw\color\Tomato___Early_blight\6f8ac19d-d97f-47ee-8ad4-bb53ab7984a0___RS_Erly.B 7786.JPG,leaf_137_0_6f8ac19d-d97f-47ee-8ad4-bb53ab7984a0___RS_Erly.B 7786.JPG
138.0,RS_Erly.B 7790.JPG,C:\smart_agriculture\PlantVillage-Dataset\raw\color\Tomato___Early_blight\d099777c-8b33-4924-af9e-d3dd96c2de37___RS_Erly.B 7790.JPG,leaf_138_0_d099777c-8b33-4924-af9e-d3dd96c2de37___RS_Erly.B 7790.JPG
139.0,RS_Erly.B 7794.JPG,C:\smart_agriculture\PlantVillage-Dataset\raw\color\Tomato___Early_blight\518d8b79-c548-42e4-b78d-f2145eb1d6da___RS_Erly.B 7794.JPG,leaf_139_0_518d8b79-c548-42e4-b78d-f2145eb1d6da___RS_Erly.B 7794.JPG
140.0,RS_Erly.B 7798.JPG,C:\smart_agriculture\PlantVillage-Dataset\raw\color\Tomato___Early_blight\cd76ee4d-d516-4189-b40b-12959dc02f91___RS_Erly.B 7798.JPG,leaf_140_0_cd76ee4d-d516-4189-b40b-12959dc02f91___RS_Erly.B 7798.JPG
141.0,RS_Erly.B 7802.JPG,C:\smart_agriculture\PlantVillage-Dataset\raw\color\Tomato___Early_blight\248f220e-56ac-43f1-8f17-641ed4637138___RS_Erly.B 7802.JPG,leaf_141_0_248f220e-56ac-43f1-8f17-641ed4637138___RS_Erly.B 7802.JPG
142.0,RS_Erly.B 7806.JPG,C:\smart_agriculture\PlantVillage-Dataset\raw\color\Tomato___Early_blight\9f98d981-b130-4238-aa34-21b0edfc1eaf___RS_Erly.B 7806.JPG,leaf_142_0_9f98d981-b130-4238-aa34-21b0edfc1eaf___RS_Erly.B 7806.JPG
143.0,RS_Erly.B 7810.JPG,C:\smart_agriculture\PlantVillage-Dataset\raw\color\Tomato___Early_blight\7fe26a53-b4d8-4069-bb0a-1c6d19cbc4e1___RS_Erly.B 7810.JPG,leaf_143_0_7fe26a53-b4d8-4069-bb0a-1c6d19cbc4e1___RS_Erly.B 7810.JPG
144.0,RS_Erly.B 7814.JPG,C:\smart_agriculture\PlantVillage-Dataset\raw\color\Tomato___Early_blight\22b653c4-9e15-4081-8ece-9b5950a94120___RS_Erly.B 7814.JPG,leaf_144_0_22b653c4-9e15-4081-8ece-9b5950a94120___RS_Erly.B 7814.JPG
145.0,RS_Erly.B 7818.JPG,C:\smart_agriculture\PlantVillage-Dataset\raw\color\Tomato___Early_blight\28d9f1bd-ee80-46e1-b89c-5a855f0c8400___RS_Erly.B 7818.JPG,leaf_145_0_28d9f1bd-ee80-46e1-b89c-5a855f0c8400___RS_Erly.B 7818.JPG
146.0,RS_Erly.B 7821.JPG,C:\smart_agriculture\PlantVillage-Dataset\raw\color\Tomato___Early_blight\96aa2fd2-d8dc-4650-9b56-7b0f25f27edf___RS_Erly.B 7821.JPG,leaf_146_0_96aa2fd2-d8dc-4650-9b56-7b0f25f27edf___RS_Erly.B 7821.JPG
147.0,RS_Erly.B 7825.JPG,C:\smart_agriculture\PlantVillage-Dataset\raw\color\Tomato___Early_blight\2b7c8b0d-d906-4c93-9dc4-554ae46a3ec3___RS_Erly.B 7825.JPG,leaf_147_0_2b7c8b0d-d906-4c93-9dc4-554ae46a3ec3___RS_Erly.B 7825.JPG
148.0,RS_Erly.B 7829.JPG,C:\smart_agriculture\PlantVillage-Dataset\raw\color\Tomato___Early_blight\0208ed52-1b28-4c9c-88e3-4667581e1109___RS_Erly.B 7829.JPG,leaf_148_0_0208ed52-1b28-4c9c-88e3-4667581e1109___RS_Erly.B 7829.JPG
149.0,RS_Erly.B 7833.JPG,C:\smart_agriculture\PlantVillage-Dataset\raw\color\Tomato___Early_blight\2586a260-ecf6-40e8-aa11-4b8a50845575___RS_Erly.B 7833.JPG,leaf_149_0_2586a260-ecf6-40e8-aa11-4b8a50845575___RS_Erly.B 7833.JPG
150.0,RS_Erly.B 7837.JPG,C:\smart_agriculture\PlantVillage-Dataset\raw\color\Tomato___Early_blight\8824899d-1dce-4729-860b-336d563bc268___RS_Erly.B 7837.JPG,leaf_150_0_8824899d-1dce-4729-860b-336d563bc268___RS_Erly.B 7837.JPG
151.0,RS_Erly.B 7841.JPG,C:\smart_agriculture\PlantVillage-Dataset\raw\color\Tomato___Early_blight\3a634ad7-1119-4ea1-9268-bedc8308fdc8___RS_Erly.B 7841.JPG,leaf_151_0_3a634ad7-1119-4ea1-9268-bedc8308fdc8___RS_Erly.B 7841.JPG
152.0,RS_Erly.B 7845.JPG,C:\smart_agriculture\PlantVillage-Dataset\raw\color\Tomato___Early_blight\b58d7a66-097f-4167-abae-92f865407d90___RS_Erly.B 7845.JPG,leaf_152_0_b58d7a66-097f-4167-abae-92f865407d90___RS_Erly.B 7845.JPG
153.0,RS_Erly.B 7849.JPG,C:\smart_agriculture\PlantVillage-Dataset\raw\color\Tomato___Early_blight\c5ab9d87-f1bf-4fce-8133-c80ac2d52dd5___RS_Erly.B 7849.JPG,leaf_153_0_c5ab9d87-f1bf-4fce-8133-c80ac2d52dd5___RS_Erly.B 7849.JPG
154.0,RS_Erly.B 7853.JPG,C:\smart_agriculture\PlantVillage-Dataset\raw\color\Tomato___Early_blight\468dba17-366a-422f-b3b6-061261942b0d___RS_Erly.B 7853.JPG,leaf_154_0_468dba17-366a-422f-b3b6-061261942b0d___RS_Erly.B 7853.JPG
155.0,RS_Erly.B 7857.JPG,C:\smart_agriculture\PlantVillage-Dataset\raw\color\Tomato___Early_blight\d3ebceea-8021-4168-85a4-27ef48cdaacb___RS_Erly.B 7857.JPG,leaf_155_0_d3ebceea-8021-4168-85a4-27ef48cdaacb___RS_Erly.B 7857.JPG
156.0,RS_Erly.B 7861.JPG,C:\smart_agriculture\PlantVillage-Dataset\raw\color\Tomato___Early_blight\427229e9-359c-49c5-8dfd-b721a3802899___RS_Erly.B 7861.JPG,leaf_156_0_427229e9-359c-49c5-8dfd-b721a3802899___RS_Erly.B 7861.JPG
157.0,RS_Erly.B 8212.JPG,C:\smart_agriculture\PlantVillage-Dataset\raw\color\Tomato___Early_blight\77bd1b85-eaed-41f8-97b0-d6e91b6f953d___RS_Erly.B 8212.JPG,leaf_157_0_77bd1b85-eaed-41f8-97b0-d6e91b6f953d___RS_Erly.B 8212.JPG
158.0,RS_Erly.B 8220.JPG,C:\smart_agriculture\PlantVillage-Dataset\raw\color\Tomato___Early_blight\0621aab4-b9fd-4012-b0a6-ba72e63cd87d___RS_Erly.B 8220.JPG,leaf_158_0_0621aab4-b9fd-4012-b0a6-ba72e63cd87d___RS_Erly.B 8220.JPG
159.0,RS_Erly.B 8225.JPG,C:\smart_agriculture\PlantVillage-Dataset\raw\color\Tomato___Early_blight\03b7a13c-f5c0-44c4-beed-443841670e9a___RS_Erly.B 8225.JPG,leaf_159_0_03b7a13c-f5c0-44c4-beed-443841670e9a___RS_Erly.B 8225.JPG
160.0,RS_Erly.B 8231.JPG,C:\smart_agriculture\PlantVillage-Dataset\raw\color\Tomato___Early_blight\7a5ff9e1-b55d-490c-ac89-8b5003e407d9___RS_Erly.B 8231.JPG,leaf_160_0_7a5ff9e1-b55d-490c-ac89-8b5003e407d9___RS_Erly.B 8231.JPG
161.0,RS_Erly.B 8242.JPG,C:\smart_agriculture\PlantVillage-Dataset\raw\color\Tomato___Early_blight\2832ca53-be67-44c0-ac55-eb815bd85fd3___RS_Erly.B 8242.JPG,leaf_161_0_2832ca53-be67-44c0-ac55-eb815bd85fd3___RS_Erly.B 8242.JPG
162.0,RS_Erly.B 8251.JPG,C:\smart_agriculture\PlantVillage-Dataset\raw\color\Tomato___Early_blight\011aa278-a39e-40b0-b6e4-2e2f835889f0___RS_Erly.B 8251.JPG,leaf_162_0_011aa278-a39e-40b0-b6e4-2e2f835889f0___RS_Erly.B 8251.JPG
163.0,RS_Erly.B 8256.JPG,C:\smart_agriculture\PlantVillage-Dataset\raw\color\Tomato___Early_blight\0e2e58b7-1417-49c4-b014-b5efb4b4b831___RS_Erly.B 8256.JPG,leaf_163_0_0e2e58b7-1417-49c4-b014-b5efb4b4b831___RS_Erly.B 8256.JPG
164.0,RS_Erly.B 8265.JPG,C:\smart_agriculture\PlantVillage-Dataset\raw\color\Tomato___Early_blight\df721edd-686e-4bb8-a05b-e8c67743c8ca___RS_Erly.B 8265.JPG,leaf_164_0_df721edd-686e-4bb8-a05b-e8c67743c8ca___RS_Erly.B 8265.JPG
165.0,RS_Erly.B 8275.JPG,C:\smart_agriculture\PlantVillage-Dataset\raw\color\Tomato___Early_blight\df9e0c7e-59cb-4a87-abbd-66f0f78e5130___RS_Erly.B 8275.JPG,leaf_165_0_df9e0c7e-59cb-4a87-abbd-66f0f78e5130___RS_Erly.B 8275.JPG
166.0,RS_Erly.B 8282.JPG,C:\smart_agriculture\PlantVillage-Dataset\raw\color\Tomato___Early_blight\5daba301-b6f9-4fc4-8be7-a918d3a7554c___RS_Erly.B 8282.JPG,leaf_166_0_5daba301-b6f9-4fc4-8be7-a918d3a7554c___RS_Erly.B 8282.JPG
167.0,RS_Erly.B 8291.JPG,C:\smart_agriculture\PlantVillage-Dataset\raw\color\Tomato___Early_blight\cfe67544-6d8c-48e5-af01-51732c571cb5___RS_Erly.B 8291.JPG,leaf_167_0_cfe67544-6d8c-48e5-af01-51732c571cb5___RS_Erly.B 8291.JPG
168.0,RS_Erly.B 8300.JPG,C:\smart_agriculture\PlantVillage-Dataset\raw\color\Tomato___Early_blight\3271f296-5264-4600-94e0-bde6cf1a2b42___RS_Erly.B 8300.JPG,leaf_168_0_3271f296-5264-4600-94e0-bde6cf1a2b42___RS_Erly.B 8300.JPG
169.0,RS_Erly.B 8307.JPG,C:\smart_agriculture\PlantVillage-Dataset\raw\color\Tomato___Early_blight\6043e8e3-0ab2-4b30-b125-e2a26123b487___RS_Erly.B 8307.JPG,leaf_169_0_6043e8e3-0ab2-4b30-b125-e2a26123b487___RS_Erly.B 8307.JPG
170.0,RS_Erly.B 8315.JPG,C:\smart_agriculture\PlantVillage-Dataset\raw\color\Tomato___Early_blight\8a1d3598-cd1d-4978-9e18-b5e205108540___RS_Erly.B 8315.JPG,leaf_170_0_8a1d3598-cd1d-4978-9e18-b5e205108540___RS_Erly.B 8315.JPG
171.0,RS_Erly.B 8322.JPG,C:\smart_agriculture\PlantVillage-Dataset\raw\color\Tomato___Early_blight\7621d943-ed1a-4ffb-8fa4-8c12d50424de___RS_Erly.B 8322.JPG,leaf_171_0_7621d943-ed1a-4ffb-8fa4-8c12d50424de___RS_Erly.B 8322.JPG
172.0,RS_Erly.B 8328.JPG,C:\smart_agriculture\PlantVillage-Dataset\raw\color\Tomato___Early_blight\0bd357fe-1e54-4c65-979c-e894e0b8a3aa___RS_Erly.B 8328.JPG,leaf_172_0_0bd357fe-1e54-4c65-979c-e894e0b8a3aa___RS_Erly.B 8328.JPG
173.0,RS_Erly.B 8338.JPG,C:\smart_agriculture\PlantVillage-Dataset\raw\color\Tomato___Early_blight\829d0a5e-326c-4ae6-a3c6-c65297cb5d2f___RS_Erly.B 8338.JPG,leaf_173_0_829d0a5e-326c-4ae6-a3c6-c65297cb5d2f___RS_Erly.B 8338.JPG
174.0,RS_Erly.B 8345.JPG,C:\smart_agriculture\PlantVillage-Dataset\raw\color\Tomato___Early_blight\16dcb9cd-05ab-46d3-b76e-d19c16077a6a___RS_Erly.B 8345.JPG,leaf_174_0_16dcb9cd-05ab-46d3-b76e-d19c16077a6a___RS_Erly.B 8345.JPG
175.0,RS_Erly.B 8354.JPG,C:\smart_agriculture\PlantVillage-Dataset\raw\color\Tomato___Early_blight\4cbe4896-66b5-4834-8eb7-5baf49ed2f7d___RS_Erly.B 8354.JPG,leaf_175_0_4cbe4896-66b5-4834-8eb7-5baf49ed2f7d___RS_Erly.B 8354.JPG
176.0,RS_Erly.B 8364.JPG,C:\smart_agriculture\PlantVillage-Dataset\raw\color\Tomato___Early_blight\3198b703-d5d5-46e9-9b8f-399d5531b5c4___RS_Erly.B 8364.JPG,leaf_176_0_3198b703-d5d5-46e9-9b8f-399d5531b5c4___RS_Erly.B 8364.JPG
177.0,RS_Erly.B 8370.JPG,C:\smart_agriculture\PlantVillage-Dataset\raw\color\Tomato___Early_blight\bbcccb3c-bcf2-4dc9-b2e2-6aecd86f52d5___RS_Erly.B 8370.JPG,leaf_177_0_bbcccb3c-bcf2-4dc9-b2e2-6aecd86f52d5___RS_Erly.B 8370.JPG
178.0,RS_Erly.B 8377.JPG,C:\smart_agriculture\PlantVillage-Dataset\raw\color\Tomato___Early_blight\cd2d8a7b-2389-4a2c-8647-b986092fa506___RS_Erly.B 8377.JPG,leaf_178_0_cd2d8a7b-2389-4a2c-8647-b986092fa506___RS_Erly.B 8377.JPG
179.0,RS_Erly.B 8386.JPG,C:\smart_agriculture\PlantVillage-Dataset\raw\color\Tomato___Early_blight\7984dac1-acc8-466a-bbee-7377ea702462___RS_Erly.B 8386.JPG,leaf_179_0_7984dac1-acc8-466a-bbee-7377ea702462___RS_Erly.B 8386.JPG
180.0,RS_Erly.B 8393.JPG,C:\smart_agriculture\PlantVillage-Dataset\raw\color\Tomato___Early_blight\eaf0d111-089a-4808-a34c-dd40e3bb4db4___RS_Erly.B 8393.JPG,leaf_180_0_eaf0d111-089a-4808-a34c-dd40e3bb4db4___RS_Erly.B 8393.JPG
181.0,RS_Erly.B 8402.JPG,C:\smart_agriculture\PlantVillage-Dataset\raw\color\Tomato___Early_blight\bb12ec71-c438-43f5-a077-e5924af2409e___RS_Erly.B 8402.JPG,leaf_181_0_bb12ec71-c438-43f5-a077-e5924af2409e___RS_Erly.B 8402.JPG
182.0,RS_Erly.B 8409.JPG,C:\smart_agriculture\PlantVillage-Dataset\raw\color\Tomato___Early_blight\dbbc206a-90ab-4b29-abe0-5613028278be___RS_Erly.B 8409.JPG,leaf_182_0_dbbc206a-90ab-4b29-abe0-5613028278be___RS_Erly.B 8409.JPG
183.0,RS_Erly.B 8417.JPG,C:\smart_agriculture\PlantVillage-Dataset\raw\color\Tomato___Early_blight\4eccde8f-4b47-4e5e-b0aa-9eaa67b20126___RS_Erly.B 8417.JPG,leaf_183_0_4eccde8f-4b47-4e5e-b0aa-9eaa67b20126___RS_Erly.B 8417.JPG
184.0,RS_Erly.B 8422.JPG,C:\smart_agriculture\PlantVillage-Dataset\raw\color\Tomato___Early_blight\2763c9bc-ecc6-4f1a-86a7-ef8ffa370420___RS_Erly.B 8422.JPG,leaf_184_0_2763c9bc-ecc6-4f1a-86a7-ef8ffa370420___RS_Erly.B 8422.JPG
185.0,RS_Erly.B 8430.JPG,C:\smart_agriculture\PlantVillage-Dataset\raw\color\Tomato___Early_blight\42d072db-d17e-4050-882a-6a8d1c1ede05___RS_Erly.B 8430.JPG,leaf_185_0_42d072db-d17e-4050-882a-6a8d1c1ede05___RS_Erly.B 8430.JPG
186.0,RS_Erly.B 8438.JPG,C:\smart_agriculture\PlantVillage-Dataset\raw\color\Tomato___Early_blight\89e7a492-7347-4659-ac0b-2df664ed4c80___RS_Erly.B 8438.JPG,leaf_186_0_89e7a492-7347-4659-ac0b-2df664ed4c80___RS_Erly.B 8438.JPG
187.0,RS_Erly.B 8445.JPG,C:\smart_agriculture\PlantVillage-Dataset\raw\color\Tomato___Early_blight\e468b44a-912b-4e7f-9383-41050a5d421b___RS_Erly.B 8445.JPG,leaf_187_0_e468b44a-912b-4e7f-9383-41050a5d421b___RS_Erly.B 8445.JPG
188.0,RS_Erly.B 8451.JPG,C:\smart_agriculture\PlantVillage-Dataset\raw\color\Tomato___Early_blight\dfd261ab-30ad-456c-93b3-874a4ebaeaaf___RS_Erly.B 8451.JPG,leaf_188_0_dfd261ab-30ad-456c-93b3-874a4ebaeaaf___RS_Erly.B 8451.JPG
189.0,RS_Erly.B 9371.JPG,C:\smart_agriculture\PlantVillage-Dataset\raw\color\Tomato___Early_blight\a2da7455-c116-4d02-b506-89183f817d78___RS_Erly.B 9371.JPG,leaf_189_0_a2da7455-c116-4d02-b506-89183f817d78___RS_Erly.B 9371.JPG
190.0,RS_Erly.B 9375.JPG,C:\smart_agriculture\PlantVillage-Dataset\raw\color\Tomato___Early_blight\b06d301b-8cae-475a-9de3-80a42e908ae5___RS_Erly.B 9375.JPG,leaf_190_0_b06d301b-8cae-475a-9de3-80a42e908ae5___RS_Erly.B 9375.JPG
191.0,RS_Erly.B 9379.JPG,C:\smart_agriculture\PlantVillage-Dataset\raw\color\Tomato___Early_blight\cacbfac0-f563-452c-b506-1ce7bd06d680___RS_Erly.B 9379.JPG,leaf_191_0_cacbfac0-f563-452c-b506-1ce7bd06d680___RS_Erly.B 9379.JPG
192.0,RS_Erly.B 9383.JPG,C:\smart_agriculture\PlantVillage-Dataset\raw\color\Tomato___Early_blight\e29ee209-e895-434f-9078-db727c5a98dd___RS_Erly.B 9383.JPG,leaf_192_0_e29ee209-e895-434f-9078-db727c5a98dd___RS_Erly.B 9383.JPG
193.0,RS_Erly.B 9387.JPG,C:\smart_agriculture\PlantVillage-Dataset\raw\color\Tomato___Early_blight\a8e1a7a4-d45d-4072-9c25-6f7685f8f08b___RS_Erly.B 9387.JPG,leaf_193_0_a8e1a7a4-d45d-4072-9c25-6f7685f8f08b___RS_Erly.B 9387.JPG
194.0,RS_Erly.B 9391.JPG,C:\smart_agriculture\PlantVillage-Dataset\raw\color\Tomato___Early_blight\3592b22c-09cd-4005-97c4-cdd11318cce0___RS_Erly.B 9391.JPG,leaf_194_0_3592b22c-09cd-4005-97c4-cdd11318cce0___RS_Erly.B 9391.JPG
195.0,RS_Erly.B 9395.JPG,C:\smart_agriculture\PlantVillage-Dataset\raw\color\Tomato___Early_blight\2ef629c7-3366-41b5-a1b7-0e3bcb3ac28c___RS_Erly.B 9395.JPG,leaf_195_0_2ef629c7-3366-41b5-a1b7-0e3bcb3ac28c___RS_Erly.B 9395.JPG
196.0,RS_Erly.B 9399.JPG,C:\smart_agriculture\PlantVillage-Dataset\raw\color\Tomato___Early_blight\7a255c73-1a41-47f8-8705-dee13a9a5827___RS_Erly.B 9399.JPG,leaf_196_0_7a255c73-1a41-47f8-8705-dee13a9a5827___RS_Erly.B 9399.JPG
197.0,RS_Erly.B 9403.JPG,C:\smart_agriculture\PlantVillage-Dataset\raw\color\Tomato___Early_blight\fe167aa5-089e-4295-ad85-071819b7b692___RS_Erly.B 9403.JPG,leaf_197_0_fe167aa5-089e-4295-ad85-071819b7b692___RS_Erly.B 9403.JPG
198.0,RS_Erly.B 9407.JPG,C:\smart_agriculture\PlantVillage-Dataset\raw\color\Tomato___Early_blight\beeaf08d-f961-4bd9-8612-a162500a83f6___RS_Erly.B 9407.JPG,leaf_198_0_beeaf08d-f961-4bd9-8612-a162500a83f6___RS_Erly.B 9407.JPG
199.0,RS_Erly.B 9411.JPG,C:\smart_agriculture\PlantVillage-Dataset\raw\color\Tomato___Early_blight\a54e9f9d-e56b-4097-83c2-b137f9111edf___RS_Erly.B 9411.JPG,leaf_199_0_a54e9f9d-e56b-4097-83c2-b137f9111edf___RS_Erly.B 9411.JPG
200.0,RS_Erly.B 9415.JPG,C:\smart_agriculture\PlantVillage-Dataset\raw\color\Tomato___Early_blight\32ae9564-c205-4814-b579-1ebf0d732e7e___RS_Erly.B 9415.JPG,leaf_200_0_32ae9564-c205-4814-b579-1ebf0d732e7e___RS_Erly.B 9415.JPG
201.0,RS_Erly.B 9419.JPG,C:\smart_agriculture\PlantVillage-Dataset\raw\color\Tomato___Early_blight\9f496d43-f56d-4afa-99d9-7ac5fc9d9966___RS_Erly.B 9419.JPG,leaf_201_0_9f496d43-f56d-4afa-99d9-7ac5fc9d9966___RS_Erly.B 9419.JPG
202.0,RS_Erly.B 9423.JPG,C:\smart_agriculture\PlantVillage-Dataset\raw\color\Tomato___Early_blight\b3129245-a3b0-4451-a213-b15fe08734b7___RS_Erly.B 9423.JPG,leaf_202_0_b3129245-a3b0-4451-a213-b15fe08734b7___RS_Erly.B 9423.JPG
203.0,RS_Erly.B 9427.JPG,C:\smart_agriculture\PlantVillage-Dataset\raw\color\Tomato___Early_blight\f79134d0-8c6a-43ad-ba78-9323f9a9f84f___RS_Erly.B 9427.JPG,leaf_203_0_f79134d0-8c6a-43ad-ba78-9323f9a9f84f___RS_Erly.B 9427.JPG
204.0,RS_Erly.B 9431.JPG,C:\smart_agriculture\PlantVillage-Dataset\raw\color\Tomato___Early_blight\aafda29f-64e8-4f9a-8b71-d32b5ee27fef___RS_Erly.B 9431.JPG,leaf_204_0_aafda29f-64e8-4f9a-8b71-d32b5ee27fef___RS_Erly.B 9431.JPG
205.0,RS_Erly.B 9436.JPG,C:\smart_agriculture\PlantVillage-Dataset\raw\color\Tomato___Early_blight\6873f362-d13b-41f7-a44d-da51875e46f1___RS_Erly.B 9436.JPG,leaf_205_0_6873f362-d13b-41f7-a44d-da51875e46f1___RS_Erly.B 9436.JPG
206.0,RS_Erly.B 9440.JPG,C:\smart_agriculture\PlantVillage-Dataset\raw\color\Tomato___Early_blight\0f7a2408-9c26-4ff9-bee5-2bfcd91a11f7___RS_Erly.B 9440.JPG,leaf_206_0_0f7a2408-9c26-4ff9-bee5-2bfcd91a11f7___RS_Erly.B 9440.JPG
207.0,RS_Erly.B 9444.JPG,C:\smart_agriculture\PlantVillage-Dataset\raw\color\Tomato___Early_blight\906f1ca6-2923-40c2-a924-5486fc3d7ba0___RS_Erly.B 9444.JPG,leaf_207_0_906f1ca6-2923-40c2-a924-5486fc3d7ba0___RS_Erly.B 9444.JPG
208.0,RS_Erly.B 9449.JPG,C:\smart_agriculture\PlantVillage-Dataset\raw\color\Tomato___Early_blight\59dbd132-6e6c-4127-a218-b7602cbee670___RS_Erly.B 9449.JPG,leaf_208_0_59dbd132-6e6c-4127-a218-b7602cbee670___RS_Erly.B 9449.JPG
209.0,RS_Erly.B 9453.JPG,C:\smart_agriculture\PlantVillage-Dataset\raw\color\Tomato___Early_blight\fa5e382e-d1ad-42f9-a4e5-afb343f77a53___RS_Erly.B 9453.JPG,leaf_209_0_fa5e382e-d1ad-42f9-a4e5-afb343f77a53___RS_Erly.B 9453.JPG
210.0,RS_Erly.B 9457.JPG,C:\smart_agriculture\PlantVillage-Dataset\raw\color\Tomato___Early_blight\803ac166-670f-4cad-9f37-e36eea3118d9___RS_Erly.B 9457.JPG,leaf_210_0_803ac166-670f-4cad-9f37-e36eea3118d9___RS_Erly.B 9457.JPG
211.0,RS_Erly.B 9461.JPG,C:\smart_agriculture\PlantVillage-Dataset\raw\color\Tomato___Early_blight\b5183a61-b8c0-489e-8d38-46fa5e240d34___RS_Erly.B 9461.JPG,leaf_211_0_b5183a61-b8c0-489e-8d38-46fa5e240d34___RS_Erly.B 9461.JPG
212.0,RS_Erly.B 9465.JPG,C:\smart_agriculture\PlantVillage-Dataset\raw\color\Tomato___Early_blight\a4bf3663-8d32-49e7-8394-cd0d29531704___RS_Erly.B 9465.JPG,leaf_212_0_a4bf3663-8d32-49e7-8394-cd0d29531704___RS_Erly.B 9465.JPG
213.0,RS_Erly.B 9469.JPG,C:\smart_agriculture\PlantVillage-Dataset\raw\color\Tomato___Early_blight\da3ad71b-85ba-4e94-bd12-8eff52776138___RS_Erly.B 9469.JPG,leaf_213_0_da3ad71b-85ba-4e94-bd12-8eff52776138___RS_Erly.B 9469.JPG
214.0,RS_Erly.B 9473.JPG,C:\smart_agriculture\PlantVillage-Dataset\raw\color\Tomato___Early_blight\47465f0e-80ef-4641-b24b-7147dd82596d___RS_Erly.B 9473.JPG,leaf_214_0_47465f0e-80ef-4641-b24b-7147dd82596d___RS_Erly.B 9473.JPG
215.0,RS_Erly.B 9477.JPG,C:\smart_agriculture\PlantVillage-Dataset\raw\color\Tomato___Early_blight\b6bdfe3b-7cb9-48e1-86b2-4ccaf3770af1___RS_Erly.B 9477.JPG,leaf_215_0_b6bdfe3b-7cb9-48e1-86b2-4ccaf3770af1___RS_Erly.B 9477.JPG
216.0,RS_Erly.B 9481.JPG,C:\smart_agriculture\PlantVillage-Dataset\raw\color\Tomato___Early_blight\0982d864-182e-4d36-959a-dcc67d85d9e6___RS_Erly.B 9481.JPG,leaf_216_0_0982d864-182e-4d36-959a-dcc67d85d9e6___RS_Erly.B 9481.JPG
217.0,RS_Erly.B 9485.JPG,C:\smart_agriculture\PlantVillage-Dataset\raw\color\Tomato___Early_blight\8597694d-3162-40ab-9f5b-e8c7cf03e045___RS_Erly.B 9485.JPG,leaf_217_0_8597694d-3162-40ab-9f5b-e8c7cf03e045___RS_Erly.B 9485.JPG
218.0,RS_Erly.B 9489.JPG,C:\smart_agriculture\PlantVillage-Dataset\raw\color\Tomato___Early_blight\5a05e4e9-74d1-40a8-aca2-dc3500ef5fbc___RS_Erly.B 9489.JPG,leaf_218_0_5a05e4e9-74d1-40a8-aca2-dc3500ef5fbc___RS_Erly.B 9489.JPG
219.0,RS_Erly.B 9493.JPG,C:\smart_agriculture\PlantVillage-Dataset\raw\color\Tomato___Early_blight\5a62e38f-8042-4ca8-8df6-2bdeed7e9a7b___RS_Erly.B 9493.JPG,leaf_219_0_5a62e38f-8042-4ca8-8df6-2bdeed7e9a7b___RS_Erly.B 9493.JPG
220.0,RS_Erly.B 9497.JPG,C:\smart_agriculture\PlantVillage-Dataset\raw\color\Tomato___Early_blight\392df5d9-0383-4ce9-a6fa-17d09cdc3c62___RS_Erly.B 9497.JPG,leaf_220_0_392df5d9-0383-4ce9-a6fa-17d09cdc3c62___RS_Erly.B 9497.JPG
221.0,RS_Erly.B 9501.JPG,C:\smart_agriculture\PlantVillage-Dataset\raw\color\Tomato___Early_blight\0e39c18a-9e04-4f6b-b557-dc0e944d22e5___RS_Erly.B 9501.JPG,leaf_221_0_0e39c18a-9e04-4f6b-b557-dc0e944d22e5___RS_Erly.B 9501.JPG
222.0,RS_Erly.B 9505.JPG,C:\smart_agriculture\PlantVillage-Dataset\raw\color\Tomato___Early_blight\fcf8557f-890e-441b-9dc1-c8854f694f2e___RS_Erly.B 9505.JPG,leaf_222_0_fcf8557f-890e-441b-9dc1-c8854f694f2e___RS_Erly.B 9505.JPG
223.0,RS_Erly.B 9509.JPG,C:\smart_agriculture\PlantVillage-Dataset\raw\color\Tomato___Early_blight\b2b63d7c-d8f7-44ff-b53e-6214ddbed5d9___RS_Erly.B 9509.JPG,leaf_223_0_b2b63d7c-d8f7-44ff-b53e-6214ddbed5d9___RS_Erly.B 9509.JPG
224.0,RS_Erly.B 9514.JPG,C:\smart_agriculture\PlantVillage-Dataset\raw\color\Tomato___Early_blight\0fbc786c-62a7-44f3-8db8-2649809bf1aa___RS_Erly.B 9514.JPG,leaf_224_0_0fbc786c-62a7-44f3-8db8-2649809bf1aa___RS_Erly.B 9514.JPG
225.0,RS_Erly.B 9518.JPG,C:\smart_agriculture\PlantVillage-Dataset\raw\color\Tomato___Early_blight\1829d517-53ae-48a9-b721-5043dd10d0d2___RS_Erly.B 9518.JPG,leaf_225_0_1829d517-53ae-48a9-b721-5043dd10d0d2___RS_Erly.B 9518.JPG
226.0,RS_Erly.B 9522.JPG,C:\smart_agriculture\PlantVillage-Dataset\raw\color\Tomato___Early_blight\f459c3ee-91f9-42e4-8a61-8c2b6ba9a435___RS_Erly.B 9522.JPG,leaf_226_0_f459c3ee-91f9-42e4-8a61-8c2b6ba9a435___RS_Erly.B 9522.JPG
227.0,RS_Erly.B 9526.JPG,C:\smart_agriculture\PlantVillage-Dataset\raw\color\Tomato___Early_blight\411f8908-2bb4-45dc-b1d1-314cc951f0a9___RS_Erly.B 9526.JPG,leaf_227_0_411f8908-2bb4-45dc-b1d1-314cc951f0a9___RS_Erly.B 9526.JPG
228.0,RS_Erly.B 9530.JPG,C:\smart_agriculture\PlantVillage-Dataset\raw\color\Tomato___Early_blight\fae08468-fe96-4604-9b86-bfe4c4f06999___RS_Erly.B 9530.JPG,leaf_228_0_fae08468-fe96-4604-9b86-bfe4c4f06999___RS_Erly.B 9530.JPG
229.0,RS_Erly.B 9534.JPG,C:\smart_agriculture\PlantVillage-Dataset\raw\color\Tomato___Early_blight\5bd6338a-0f10-457b-a7bd-69f2ee7c6504___RS_Erly.B 9534.JPG,leaf_229_0_5bd6338a-0f10-457b-a7bd-69f2ee7c6504___RS_Erly.B 9534.JPG
230.0,RS_Erly.B 9538.JPG,C:\smart_agriculture\PlantVillage-Dataset\raw\color\Tomato___Early_blight\4d4da4c4-3de3-4eb5-93d4-a78bf274270b___RS_Erly.B 9538.JPG,leaf_230_0_4d4da4c4-3de3-4eb5-93d4-a78bf274270b___RS_Erly.B 9538.JPG
231.0,RS_Erly.B 9542.JPG,C:\smart_agriculture\PlantVillage-Dataset\raw\color\Tomato___Early_blight\2f823081-0654-47f1-bb1e-88d7e99a94ca___RS_Erly.B 9542.JPG,leaf_231_0_2f823081-0654-47f1-bb1e-88d7e99a94ca___RS_Erly.B 9542.JPG
232.0,RS_Erly.B 9546.JPG,C:\smart_agriculture\PlantVillage-Dataset\raw\color\Tomato___Early_blight\3fa32b26-e7bb-493e-b7c2-c40e3f3df380___RS_Erly.B 9546.JPG,leaf_232_0_3fa32b26-e7bb-493e-b7c2-c40e3f3df380___RS_Erly.B 9546.JPG
233.0,RS_Erly.B 9550.JPG,C:\smart_agriculture\PlantVillage-Dataset\raw\color\Tomato___Early_blight\74c531fc-c39c-429c-b285-909272c4238b___RS_Erly.B 9550.JPG,leaf_233_0_74c531fc-c39c-429c-b285-909272c4238b___RS_Erly.B 9550.JPG
234.0,RS_Erly.B 9554.JPG,C:\smart_agriculture\PlantVillage-Dataset\raw\color\Tomato___Early_blight\95de9f94-ddb1-4303-b3d9-a3ad2b430bbf___RS_Erly.B 9554.JPG,leaf_234_0_95de9f94-ddb1-4303-b3d9-a3ad2b430bbf___RS_Erly.B 9554.JPG
235.0,RS_Erly.B 9558.JPG,C:\smart_agriculture\PlantVillage-Dataset\raw\color\Tomato___Early_blight\93533fec-94de-411f-a52e-38cd4d36dbee___RS_Erly.B 9558.JPG,leaf_235_0_93533fec-94de-411f-a52e-38cd4d36dbee___RS_Erly.B 9558.JPG
236.0,RS_Erly.B 9562.JPG,C:\smart_agriculture\PlantVillage-Dataset\raw\color\Tomato___Early_blight\090af0e4-75f2-495a-8bca-a3370c6dd2a6___RS_Erly.B 9562.JPG,leaf_236_0_090af0e4-75f2-495a-8bca-a3370c6dd2a6___RS_Erly.B 9562.JPG
237.0,RS_Erly.B 9566.JPG,C:\smart_agriculture\PlantVillage-Dataset\raw\color\Tomato___Early_blight\90b9c783-480b-4f9b-a97a-d632f60a8f24___RS_Erly.B 9566.JPG,leaf_237_0_90b9c783-480b-4f9b-a97a-d632f60a8f24___RS_Erly.B 9566.JPG
238.0,RS_Erly.B 9570.JPG,C:\smart_agriculture\PlantVillage-Dataset\raw\color\Tomato___Early_blight\2606a4ae-7b2f-4fd6-a561-fc9dce2ffc02___RS_Erly.B 9570.JPG,leaf_238_0_2606a4ae-7b2f-4fd6-a561-fc9dce2ffc02___RS_Erly.B 9570.JPG
239.0,RS_Erly.B 9574.JPG,C:\smart_agriculture\PlantVillage-Dataset\raw\color\Tomato___Early_blight\2840c2f1-b901-41c2-8d0c-7827bc7f8ab3___RS_Erly.B 9574.JPG,leaf_239_0_2840c2f1-b901-41c2-8d0c-7827bc7f8ab3___RS_Erly.B 9574.JPG
240.0,RS_Erly.B 9578.JPG,C:\smart_agriculture\PlantVillage-Dataset\raw\color\Tomato___Early_blight\07409e2c-a730-4b11-b25e-31025bd63a91___RS_Erly.B 9578.JPG,leaf_240_0_07409e2c-a730-4b11-b25e-31025bd63a91___RS_Erly.B 9578.JPG
241.0,RS_Erly.B 9582.JPG,C:\smart_agriculture\PlantVillage-Dataset\raw\color\Tomato___Early_blight\ff83852f-65e0-4981-8c66-6b86d34b32c2___RS_Erly.B 9582.JPG,leaf_241_0_ff83852f-65e0-4981-8c66-6b86d34b32c2___RS_Erly.B 9582.JPG
242.0,RS_Erly.B 9586.JPG,C:\smart_agriculture\PlantVillage-Dataset\raw\color\Tomato___Early_blight\7c691a49-8a56-49d2-856f-6c20c34e257b___RS_Erly.B 9586.JPG,leaf_242_0_7c691a49-8a56-49d2-856f-6c20c34e257b___RS_Erly.B 9586.JPG
243.0,RS_Erly.B 9590.JPG,C:\smart_agriculture\PlantVillage-Dataset\raw\color\Tomato___Early_blight\f432e10d-7fd7-4517-b635-cc7677f53d8e___RS_Erly.B 9590.JPG,leaf_243_0_f432e10d-7fd7-4517-b635-cc7677f53d8e___RS_Erly.B 9590.JPG
244.0,RS_Erly.B 9594.JPG,C:\smart_agriculture\PlantVillage-Dataset\raw\color\Tomato___Early_blight\a6d7438a-35f6-40fb-ab5c-a46cdfef7e83___RS_Erly.B 9594.JPG,leaf_244_0_a6d7438a-35f6-40fb-ab5c-a46cdfef7e83___RS_Erly.B 9594.JPG
245.0,RS_Erly.B 9598.JPG,C:\smart_agriculture\PlantVillage-Dataset\raw\color\Tomato___Early_blight\e94d68c8-f185-4b3d-9b44-ad12e3dc891d___RS_Erly.B 9598.JPG,leaf_245_0_e94d68c8-f185-4b3d-9b44-ad12e3dc891d___RS_Erly.B 9598.JPG
246.0,RS_Erly.B 9602.JPG,C:\smart_agriculture\PlantVillage-Dataset\raw\color\Tomato___Early_blight\25cc64d3-0ea1-4082-9b2a-bcaee3056580___RS_Erly.B 9602.JPG,leaf_246_0_25cc64d3-0ea1-4082-9b2a-bcaee3056580___RS_Erly.B 9602.JPG
247.0,RS_Erly.B 9606.JPG,C:\smart_agriculture\PlantVillage-Dataset\raw\color\Tomato___Early_blight\48160d05-d3e5-44bb-810e-18d08407b529___RS_Erly.B 9606.JPG,leaf_247_0_48160d05-d3e5-44bb-810e-18d08407b529___RS_Erly.B 9606.JPG
248.0,RS_Erly.B 9610.JPG,C:\smart_agriculture\PlantVillage-Dataset\raw\color\Tomato___Early_blight\f0eb00dc-22da-4c8b-b86d-72157ea9e71d___RS_Erly.B 9610.JPG,leaf_248_0_f0eb00dc-22da-4c8b-b86d-72157ea9e71d___RS_Erly.B 9610.JPG
249.0,RS_Erly.B 9614.JPG,C:\smart_agriculture\PlantVillage-Dataset\raw\color\Tomato___Early_blight\17d051ce-efe1-486e-b5ed-b71b1317a9f0___RS_Erly.B 9614.JPG,leaf_249_0_17d051ce-efe1-486e-b5ed-b71b1317a9f0___RS_Erly.B 9614.JPG
250.0,RS_Erly.B 9618.JPG,C:\smart_agriculture\PlantVillage-Dataset\raw\color\Tomato___Early_blight\9080624e-b5eb-456b-9743-2406cdd01113___RS_Erly.B 9618.JPG,leaf_250_0_9080624e-b5eb-456b-9743-2406cdd01113___RS_Erly.B 9618.JPG
