,Apple___Apple_scab,Apple___Cedar_apple_rust,Corn_(maize)___Cercospora_leaf_spot Gray_leaf_spot,Corn_(maize)___Common_rust_,Grape___Black_rot,"Pepper,_bell___Bacterial_spot",Potato___Early_blight,Potato___Late_blight,Squash___Powdery_mildew,Tomato___Bacterial_spot,Tomato___Early_blight,Tomato___Late_blight,Tomato___Leaf_Mold,Tomato___Septoria_leaf_spot,Tomato___Tomato_mosaic_virus,Tomato___Tomato_Yellow_Leaf_Curl_Virus,Other (22 PlantVillage classes)
Apple___Apple_scab,2,0,0,0,0,0,1,0,0,0,0,0,0,0,0,0,7
Apple___Cedar_apple_rust,0,2,0,0,0,0,0,0,0,0,1,0,0,0,0,0,7
Corn_(maize)___Cercospora_leaf_spot Gray_leaf_spot,0,0,2,0,0,0,0,0,0,0,0,0,0,0,0,0,2
Corn_(maize)___Common_rust_,0,0,1,2,0,0,0,0,0,0,0,0,0,0,0,0,7
Grape___Black_rot,0,1,0,0,3,0,0,0,0,0,0,0,0,0,0,0,4
"Pepper,_bell___Bacterial_spot",0,0,1,0,1,1,0,0,0,0,0,0,1,0,0,0,5
Potato___Early_blight,0,0,0,0,0,0,2,0,0,0,2,0,0,0,0,0,4
Potato___Late_blight,0,0,0,0,0,0,1,0,0,0,0,0,0,0,0,0,7
Squash___Powdery_mildew,0,0,0,0,0,0,0,0,1,0,1,0,0,0,0,0,4
Tomato___Bacterial_spot,0,0,0,1,0,2,0,0,0,0,1,0,2,0,0,0,3
Tomato___Early_blight,0,0,0,0,0,0,0,0,0,0,3,0,0,0,0,0,6
Tomato___Late_blight,0,0,0,0,0,0,0,0,0,0,1,0,0,0,0,0,9
Tomato___Leaf_Mold,0,0,0,0,0,0,0,0,0,0,1,0,1,0,0,0,4
Tomato___Septoria_leaf_spot,0,0,0,0,0,0,0,0,0,0,0,0,4,0,0,0,7
Tomato___Tomato_mosaic_virus,0,0,0,0,0,0,0,0,0,0,0,0,0,0,0,0,10
Tomato___Tomato_Yellow_Leaf_Curl_Virus,0,0,0,0,0,0,0,0,0,0,0,0,0,0,0,0,6
