json_file,image_file,plant,disease,leaf_pixels,disease_pixels,human_severity,human_severity_level,sam2_severity,severity_error,absolute_severity_error,leaf_mask,disease_mask,overlay
001_Apple___Apple_scab_Apple___Apple_scab_0087.json,001_Apple___Apple_scab_Apple___Apple_scab_0087.jpg,Apple,Apple___Apple_scab,29954,3933,13.130132870401281,MEDIUM,0.4639,12.66623287040128,12.66623287040128,E:\smart_agriculture\smart_agriculture\ai\severity\dataset\human_gt_120\masks\001_Apple___Apple_scab_Apple___Apple_scab_0087_leaf.png,E:\smart_agriculture\smart_agriculture\ai\severity\dataset\human_gt_120\masks\001_Apple___Apple_scab_Apple___Apple_scab_0087_disease.png,E:\smart_agriculture\smart_agriculture\ai\severity\dataset\human_gt_120\overlays\001_Apple___Apple_scab_Apple___Apple_scab_0087_overlay.jpg
002_Apple___Apple_scab_Apple___Apple_scab_0221.json,002_Apple___Apple_scab_Apple___Apple_scab_0221.jpg,Apple,Apple___Apple_scab,33946,2135,6.28940081305603,LOW,5.1083,1.1811008130560303,1.1811008130560303,E:\smart_agriculture\smart_agriculture\ai\severity\dataset\human_gt_120\masks\002_Apple___Apple_scab_Apple___Apple_scab_0221_leaf.png,E:\smart_agriculture\smart_agriculture\ai\severity\dataset\human_gt_120\masks\002_Apple___Apple_scab_Apple___Apple_scab_0221_disease.png,E:\smart_agriculture\smart_agriculture\ai\severity\dataset\human_gt_120\overlays\002_Apple___Apple_scab_Apple___Apple_scab_0221_overlay.jpg
003_Apple___Apple_scab_Apple___Apple_scab_0076.json,003_Apple___Apple_scab_Apple___Apple_scab_0076.jpg,Apple,Apple___Apple_scab,27130,1012,3.7301879837817915,LOW,10.1913,-6.461112016218209,6.461112016218209,E:\smart_agriculture\smart_agriculture\ai\severity\dataset\human_gt_120\masks\003_Apple___Apple_scab_Apple___Apple_scab_0076_leaf.png,E:\smart_agriculture\smart_agriculture\ai\severity\dataset\human_gt_120\masks\003_Apple___Apple_scab_Apple___Apple_scab_0076_disease.png,E:\smart_agriculture\smart_agriculture\ai\severity\dataset\human_gt_120\overlays\003_Apple___Apple_scab_Apple___Apple_scab_0076_overlay.jpg
004_Apple___Apple_scab_Apple___Apple_scab_0203.json,004_Apple___Apple_scab_Apple___Apple_scab_0203.jpg,Apple,Apple___Apple_scab,34457,1917,5.563455901558465,LOW,15.5676,-10.004144098441536,10.004144098441536,E:\smart_agriculture\smart_agriculture\ai\severity\dataset\human_gt_120\masks\004_Apple___Apple_scab_Apple___Apple_scab_0203_leaf.png,E:\smart_agriculture\smart_agriculture\ai\severity\dataset\human_gt_120\masks\004_Apple___Apple_scab_Apple___Apple_scab_0203_disease.png,E:\smart_agriculture\smart_agriculture\ai\severity\dataset\human_gt_120\overlays\004_Apple___Apple_scab_Apple___Apple_scab_0203_overlay.jpg
005_Apple___Apple_scab_Apple___Apple_scab_0036.json,005_Apple___Apple_scab_Apple___Apple_scab_0036.jpg,Apple,Apple___Apple_scab,37463,1796,4.79406347596295,LOW,21.3901,-16.59603652403705,16.59603652403705,E:\smart_agriculture\smart_agriculture\ai\severity\dataset\human_gt_120\masks\005_Apple___Apple_scab_Apple___Apple_scab_0036_leaf.png,E:\smart_agriculture\smart_agriculture\ai\severity\dataset\human_gt_120\masks\005_Apple___Apple_scab_Apple___Apple_scab_0036_disease.png,E:\smart_agriculture\smart_agriculture\ai\severity\dataset\human_gt_120\overlays\005_Apple___Apple_scab_Apple___Apple_scab_0036_overlay.jpg
006_Apple___Apple_scab_Apple___Apple_scab_0222.json,006_Apple___Apple_scab_Apple___Apple_scab_0222.jpg,Apple,Apple___Apple_scab,32577,1808,5.5499278632163795,LOW,26.8868,-21.336872136783622,21.336872136783622,E:\smart_agriculture\smart_agriculture\ai\severity\dataset\human_gt_120\masks\006_Apple___Apple_scab_Apple___Apple_scab_0222_leaf.png,E:\smart_agriculture\smart_agriculture\ai\severity\dataset\human_gt_120\masks\006_Apple___Apple_scab_Apple___Apple_scab_0222_disease.png,E:\smart_agriculture\smart_agriculture\ai\severity\dataset\human_gt_120\overlays\006_Apple___Apple_scab_Apple___Apple_scab_0222_overlay.jpg
007_Apple___Apple_scab_Apple___Apple_scab_0128.json,007_Apple___Apple_scab_Apple___Apple_scab_0128.jpg,Apple,Apple___Apple_scab,28040,4270,15.22824536376605,MEDIUM,32.8546,-17.62635463623395,17.62635463623395,E:\smart_agriculture\smart_agriculture\ai\severity\dataset\human_gt_120\masks\007_Apple___Apple_scab_Apple___Apple_scab_0128_leaf.png,E:\smart_agriculture\smart_agriculture\ai\severity\dataset\human_gt_120\masks\007_Apple___Apple_scab_Apple___Apple_scab_0128_disease.png,E:\smart_agriculture\smart_agriculture\ai\severity\dataset\human_gt_120\overlays\007_Apple___Apple_scab_Apple___Apple_scab_0128_overlay.jpg
008_Apple___Apple_scab_Apple___Apple_scab_0072.json,008_Apple___Apple_scab_Apple___Apple_scab_0072.jpg,Apple,Apple___Apple_scab,30868,5964,19.320979655306466,MEDIUM,38.1658,-18.84482034469353,18.84482034469353,E:\smart_agriculture\smart_agriculture\ai\severity\dataset\human_gt_120\masks\008_Apple___Apple_scab_Apple___Apple_scab_0072_leaf.png,E:\smart_agriculture\smart_agriculture\ai\severity\dataset\human_gt_120\masks\008_Apple___Apple_scab_Apple___Apple_scab_0072_disease.png,E:\smart_agriculture\smart_agriculture\ai\severity\dataset\human_gt_120\overlays\008_Apple___Apple_scab_Apple___Apple_scab_0072_overlay.jpg
009_Apple___Apple_scab_Apple___Apple_scab_0071.json,009_Apple___Apple_scab_Apple___Apple_scab_0071.jpg,Apple,Apple___Apple_scab,39051,2651,6.788558551637602,LOW,42.0712,-35.2826414483624,35.2826414483624,E:\smart_agriculture\smart_agriculture\ai\severity\dataset\human_gt_120\masks\009_Apple___Apple_scab_Apple___Apple_scab_0071_leaf.png,E:\smart_agriculture\smart_agriculture\ai\severity\dataset\human_gt_120\masks\009_Apple___Apple_scab_Apple___Apple_scab_0071_disease.png,E:\smart_agriculture\smart_agriculture\ai\severity\dataset\human_gt_120\overlays\009_Apple___Apple_scab_Apple___Apple_scab_0071_overlay.jpg
010_Apple___Apple_scab_Apple___Apple_scab_0029.json,010_Apple___Apple_scab_Apple___Apple_scab_0029.jpg,Apple,Apple___Apple_scab,37098,1053,2.8384279475982535,LOW,44.9921,-42.153672052401745,42.153672052401745,E:\smart_agriculture\smart_agriculture\ai\severity\dataset\human_gt_120\masks\010_Apple___Apple_scab_Apple___Apple_scab_0029_leaf.png,E:\smart_agriculture\smart_agriculture\ai\severity\dataset\human_gt_120\masks\010_Apple___Apple_scab_Apple___Apple_scab_0029_disease.png,E:\smart_agriculture\smart_agriculture\ai\severity\dataset\human_gt_120\overlays\010_Apple___Apple_scab_Apple___Apple_scab_0029_overlay.jpg
011_Apple___Black_rot_Apple___Black_rot_0188.json,011_Apple___Black_rot_Apple___Black_rot_0188.jpg,Apple,Apple___Black_rot,34091,145,0.4253321991141357,LOW,0.5707,-0.14536780088586426,0.14536780088586426,E:\smart_agriculture\smart_agriculture\ai\severity\dataset\human_gt_120\masks\011_Apple___Black_rot_Apple___Black_rot_0188_leaf.png,E:\smart_agriculture\smart_agriculture\ai\severity\dataset\human_gt_120\masks\011_Apple___Black_rot_Apple___Black_rot_0188_disease.png,E:\smart_agriculture\smart_agriculture\ai\severity\dataset\human_gt_120\overlays\011_Apple___Black_rot_Apple___Black_rot_0188_overlay.jpg
012_Apple___Black_rot_Apple___Black_rot_0023.json,012_Apple___Black_rot_Apple___Black_rot_0023.jpg,Apple,Apple___Black_rot,36177,1881,5.199436105813086,LOW,12.5624,-7.362963894186914,7.362963894186914,E:\smart_agriculture\smart_agriculture\ai\severity\dataset\human_gt_120\masks\012_Apple___Black_rot_Apple___Black_rot_0023_leaf.png,E:\smart_agriculture\smart_agriculture\ai\severity\dataset\human_gt_120\masks\012_Apple___Black_rot_Apple___Black_rot_0023_disease.png,E:\smart_agriculture\smart_agriculture\ai\severity\dataset\human_gt_120\overlays\012_Apple___Black_rot_Apple___Black_rot_0023_overlay.jpg
013_Apple___Black_rot_Apple___Black_rot_0221.json,013_Apple___Black_rot_Apple___Black_rot_0221.jpg,Apple,Apple___Black_rot,37427,268,0.7160605979640366,LOW,17.3242,-16.608139402035963,16.608139402035963,E:\smart_agriculture\smart_agriculture\ai\severity\dataset\human_gt_120\masks\013_Apple___Black_rot_Apple___Black_rot_0221_leaf.png,E:\smart_agriculture\smart_agriculture\ai\severity\dataset\human_gt_120\masks\013_Apple___Black_rot_Apple___Black_rot_0221_disease.png,E:\smart_agriculture\smart_agriculture\ai\severity\dataset\human_gt_120\overlays\013_Apple___Black_rot_Apple___Black_rot_0221_overlay.jpg
014_Apple___Black_rot_Apple___Black_rot_0178.json,014_Apple___Black_rot_Apple___Black_rot_0178.jpg,Apple,Apple___Black_rot,30558,1952,6.387852608154984,LOW,23.0593,-16.671447391845017,16.671447391845017,E:\smart_agriculture\smart_agriculture\ai\severity\dataset\human_gt_120\masks\014_Apple___Black_rot_Apple___Black_rot_0178_leaf.png,E:\smart_agriculture\smart_agriculture\ai\severity\dataset\human_gt_120\masks\014_Apple___Black_rot_Apple___Black_rot_0178_disease.png,E:\smart_agriculture\smart_agriculture\ai\severity\dataset\human_gt_120\overlays\014_Apple___Black_rot_Apple___Black_rot_0178_overlay.jpg
015_Apple___Black_rot_Apple___Black_rot_0179.json,015_Apple___Black_rot_Apple___Black_rot_0179.jpg,Apple,Apple___Black_rot,30806,744,2.4151139388430822,LOW,26.0574,-23.64228606115692,23.64228606115692,E:\smart_agriculture\smart_agriculture\ai\severity\dataset\human_gt_120\masks\015_Apple___Black_rot_Apple___Black_rot_0179_leaf.png,E:\smart_agriculture\smart_agriculture\ai\severity\dataset\human_gt_120\masks\015_Apple___Black_rot_Apple___Black_rot_0179_disease.png,E:\smart_agriculture\smart_agriculture\ai\severity\dataset\human_gt_120\overlays\015_Apple___Black_rot_Apple___Black_rot_0179_overlay.jpg
016_Apple___Black_rot_Apple___Black_rot_0175.json,016_Apple___Black_rot_Apple___Black_rot_0175.jpg,Apple,Apple___Black_rot,23842,420,1.7615971814445095,LOW,29.2658,-27.504202818555488,27.504202818555488,E:\smart_agriculture\smart_agriculture\ai\severity\dataset\human_gt_120\masks\016_Apple___Black_rot_Apple___Black_rot_0175_leaf.png,E:\smart_agriculture\smart_agriculture\ai\severity\dataset\human_gt_120\masks\016_Apple___Black_rot_Apple___Black_rot_0175_disease.png,E:\smart_agriculture\smart_agriculture\ai\severity\dataset\human_gt_120\overlays\016_Apple___Black_rot_Apple___Black_rot_0175_overlay.jpg
017_Apple___Black_rot_Apple___Black_rot_0002.json,017_Apple___Black_rot_Apple___Black_rot_0002.jpg,Apple,Apple___Black_rot,27155,1011,3.723071257595286,LOW,32.0135,-28.290428742404714,28.290428742404714,E:\smart_agriculture\smart_agriculture\ai\severity\dataset\human_gt_120\masks\017_Apple___Black_rot_Apple___Black_rot_0002_leaf.png,E:\smart_agriculture\smart_agriculture\ai\severity\dataset\human_gt_120\masks\017_Apple___Black_rot_Apple___Black_rot_0002_disease.png,E:\smart_agriculture\smart_agriculture\ai\severity\dataset\human_gt_120\overlays\017_Apple___Black_rot_Apple___Black_rot_0002_overlay.jpg
018_Apple___Black_rot_Apple___Black_rot_0036.json,018_Apple___Black_rot_Apple___Black_rot_0036.jpg,Apple,Apple___Black_rot,30798,522,1.694915254237288,LOW,34.2834,-32.58848474576271,32.58848474576271,E:\smart_agriculture\smart_agriculture\ai\severity\dataset\human_gt_120\masks\018_Apple___Black_rot_Apple___Black_rot_0036_leaf.png,E:\smart_agriculture\smart_agriculture\ai\severity\dataset\human_gt_120\masks\018_Apple___Black_rot_Apple___Black_rot_0036_disease.png,E:\smart_agriculture\smart_agriculture\ai\severity\dataset\human_gt_120\overlays\018_Apple___Black_rot_Apple___Black_rot_0036_overlay.jpg
019_Apple___Black_rot_Apple___Black_rot_0236.json,019_Apple___Black_rot_Apple___Black_rot_0236.jpg,Apple,Apple___Black_rot,24660,366,1.4841849148418491,LOW,38.3874,-36.90321508515815,36.90321508515815,E:\smart_agriculture\smart_agriculture\ai\severity\dataset\human_gt_120\masks\019_Apple___Black_rot_Apple___Black_rot_0236_leaf.png,E:\smart_agriculture\smart_agriculture\ai\severity\dataset\human_gt_120\masks\019_Apple___Black_rot_Apple___Black_rot_0236_disease.png,E:\smart_agriculture\smart_agriculture\ai\severity\dataset\human_gt_120\overlays\019_Apple___Black_rot_Apple___Black_rot_0236_overlay.jpg
020_Apple___Black_rot_Apple___Black_rot_0052.json,020_Apple___Black_rot_Apple___Black_rot_0052.jpg,Apple,Apple___Black_rot,30765,234,0.7606045831301804,LOW,44.9356,-44.17499541686982,44.17499541686982,E:\smart_agriculture\smart_agriculture\ai\severity\dataset\human_gt_120\masks\020_Apple___Black_rot_Apple___Black_rot_0052_leaf.png,E:\smart_agriculture\smart_agriculture\ai\severity\dataset\human_gt_120\masks\020_Apple___Black_rot_Apple___Black_rot_0052_disease.png,E:\smart_agriculture\smart_agriculture\ai\severity\dataset\human_gt_120\overlays\020_Apple___Black_rot_Apple___Black_rot_0052_overlay.jpg
021_Apple___Cedar_apple_rust_Apple___Cedar_apple_rust_0005.json,021_Apple___Cedar_apple_rust_Apple___Cedar_apple_rust_0005.jpg,Apple,Apple___Cedar_apple_rust,31324,3794,12.112118503383988,MEDIUM,0.1114,12.000718503383988,12.000718503383988,E:\smart_agriculture\smart_agriculture\ai\severity\dataset\human_gt_120\masks\021_Apple___Cedar_apple_rust_Apple___Cedar_apple_rust_0005_leaf.png,E:\smart_agriculture\smart_agriculture\ai\severity\dataset\human_gt_120\masks\021_Apple___Cedar_apple_rust_Apple___Cedar_apple_rust_0005_disease.png,E:\smart_agriculture\smart_agriculture\ai\severity\dataset\human_gt_120\overlays\021_Apple___Cedar_apple_rust_Apple___Cedar_apple_rust_0005_overlay.jpg
022_Apple___Cedar_apple_rust_Apple___Cedar_apple_rust_0001.json,022_Apple___Cedar_apple_rust_Apple___Cedar_apple_rust_0001.jpg,Apple,Apple___Cedar_apple_rust,34972,2115,6.04769529909642,LOW,9.1324,-3.084704700903581,3.084704700903581,E:\smart_agriculture\smart_agriculture\ai\severity\dataset\human_gt_120\masks\022_Apple___Cedar_apple_rust_Apple___Cedar_apple_rust_0001_leaf.png,E:\smart_agriculture\smart_agriculture\ai\severity\dataset\human_gt_120\masks\022_Apple___Cedar_apple_rust_Apple___Cedar_apple_rust_0001_disease.png,E:\smart_agriculture\smart_agriculture\ai\severity\dataset\human_gt_120\overlays\022_Apple___Cedar_apple_rust_Apple___Cedar_apple_rust_0001_overlay.jpg
023_Apple___Cedar_apple_rust_Apple___Cedar_apple_rust_0135.json,023_Apple___Cedar_apple_rust_Apple___Cedar_apple_rust_0135.jpg,Apple,Apple___Cedar_apple_rust,24350,2577,10.583162217659138,MEDIUM,23.3047,-12.721537782340862,12.721537782340862,E:\smart_agriculture\smart_agriculture\ai\severity\dataset\human_gt_120\masks\023_Apple___Cedar_apple_rust_Apple___Cedar_apple_rust_0135_leaf.png,E:\smart_agriculture\smart_agriculture\ai\severity\dataset\human_gt_120\masks\023_Apple___Cedar_apple_rust_Apple___Cedar_apple_rust_0135_disease.png,E:\smart_agriculture\smart_agriculture\ai\severity\dataset\human_gt_120\overlays\023_Apple___Cedar_apple_rust_Apple___Cedar_apple_rust_0135_overlay.jpg
024_Apple___Cedar_apple_rust_Apple___Cedar_apple_rust_0042.json,024_Apple___Cedar_apple_rust_Apple___Cedar_apple_rust_0042.jpg,Apple,Apple___Cedar_apple_rust,26616,1608,6.0414788097385035,LOW,26.6068,-20.565321190261496,20.565321190261496,E:\smart_agriculture\smart_agriculture\ai\severity\dataset\human_gt_120\masks\024_Apple___Cedar_apple_rust_Apple___Cedar_apple_rust_0042_leaf.png,E:\smart_agriculture\smart_agriculture\ai\severity\dataset\human_gt_120\masks\024_Apple___Cedar_apple_rust_Apple___Cedar_apple_rust_0042_disease.png,E:\smart_agriculture\smart_agriculture\ai\severity\dataset\human_gt_120\overlays\024_Apple___Cedar_apple_rust_Apple___Cedar_apple_rust_0042_overlay.jpg
025_Apple___Cedar_apple_rust_Apple___Cedar_apple_rust_0240.json,025_Apple___Cedar_apple_rust_Apple___Cedar_apple_rust_0240.jpg,Apple,Apple___Cedar_apple_rust,24386,485,1.9888460592143034,LOW,28.2227,-26.233853940785696,26.233853940785696,E:\smart_agriculture\smart_agriculture\ai\severity\dataset\human_gt_120\masks\025_Apple___Cedar_apple_rust_Apple___Cedar_apple_rust_0240_leaf.png,E:\smart_agriculture\smart_agriculture\ai\severity\dataset\human_gt_120\masks\025_Apple___Cedar_apple_rust_Apple___Cedar_apple_rust_0240_disease.png,E:\smart_agriculture\smart_agriculture\ai\severity\dataset\human_gt_120\overlays\025_Apple___Cedar_apple_rust_Apple___Cedar_apple_rust_0240_overlay.jpg
026_Apple___Cedar_apple_rust_Apple___Cedar_apple_rust_0205.json,026_Apple___Cedar_apple_rust_Apple___Cedar_apple_rust_0205.jpg,Apple,Apple___Cedar_apple_rust,26816,1454,5.422136038186157,LOW,31.0791,-25.656963961813844,25.656963961813844,E:\smart_agriculture\smart_agriculture\ai\severity\dataset\human_gt_120\masks\026_Apple___Cedar_apple_rust_Apple___Cedar_apple_rust_0205_leaf.png,E:\smart_agriculture\smart_agriculture\ai\severity\dataset\human_gt_120\masks\026_Apple___Cedar_apple_rust_Apple___Cedar_apple_rust_0205_disease.png,E:\smart_agriculture\smart_agriculture\ai\severity\dataset\human_gt_120\overlays\026_Apple___Cedar_apple_rust_Apple___Cedar_apple_rust_0205_overlay.jpg
027_Apple___Cedar_apple_rust_Apple___Cedar_apple_rust_0103.json,027_Apple___Cedar_apple_rust_Apple___Cedar_apple_rust_0103.jpg,Apple,Apple___Cedar_apple_rust,26758,6548,24.47118618730847,MEDIUM,33.0566,-8.585413812691534,8.585413812691534,E:\smart_agriculture\smart_agriculture\ai\severity\dataset\human_gt_120\masks\027_Apple___Cedar_apple_rust_Apple___Cedar_apple_rust_0103_leaf.png,E:\smart_agriculture\smart_agriculture\ai\severity\dataset\human_gt_120\masks\027_Apple___Cedar_apple_rust_Apple___Cedar_apple_rust_0103_disease.png,E:\smart_agriculture\smart_agriculture\ai\severity\dataset\human_gt_120\overlays\027_Apple___Cedar_apple_rust_Apple___Cedar_apple_rust_0103_overlay.jpg
028_Apple___Cedar_apple_rust_Apple___Cedar_apple_rust_0153.json,028_Apple___Cedar_apple_rust_Apple___Cedar_apple_rust_0153.jpg,Apple,Apple___Cedar_apple_rust,29894,8606,28.788385629223257,MEDIUM,35.8022,-7.013814370776743,7.013814370776743,E:\smart_agriculture\smart_agriculture\ai\severity\dataset\human_gt_120\masks\028_Apple___Cedar_apple_rust_Apple___Cedar_apple_rust_0153_leaf.png,E:\smart_agriculture\smart_agriculture\ai\severity\dataset\human_gt_120\masks\028_Apple___Cedar_apple_rust_Apple___Cedar_apple_rust_0153_disease.png,E:\smart_agriculture\smart_agriculture\ai\severity\dataset\human_gt_120\overlays\028_Apple___Cedar_apple_rust_Apple___Cedar_apple_rust_0153_overlay.jpg
029_Apple___Cedar_apple_rust_Apple___Cedar_apple_rust_0022.json,029_Apple___Cedar_apple_rust_Apple___Cedar_apple_rust_0022.jpg,Apple,Apple___Cedar_apple_rust,24007,2284,9.51389178156371,LOW,39.7049,-30.19100821843629,30.19100821843629,E:\smart_agriculture\smart_agriculture\ai\severity\dataset\human_gt_120\masks\029_Apple___Cedar_apple_rust_Apple___Cedar_apple_rust_0022_leaf.png,E:\smart_agriculture\smart_agriculture\ai\severity\dataset\human_gt_120\masks\029_Apple___Cedar_apple_rust_Apple___Cedar_apple_rust_0022_disease.png,E:\smart_agriculture\smart_agriculture\ai\severity\dataset\human_gt_120\overlays\029_Apple___Cedar_apple_rust_Apple___Cedar_apple_rust_0022_overlay.jpg
030_Apple___Cedar_apple_rust_Apple___Cedar_apple_rust_0093.json,030_Apple___Cedar_apple_rust_Apple___Cedar_apple_rust_0093.jpg,Apple,Apple___Cedar_apple_rust,34011,5632,16.559348446090972,MEDIUM,44.8456,-28.286251553909025,28.286251553909025,E:\smart_agriculture\smart_agriculture\ai\severity\dataset\human_gt_120\masks\030_Apple___Cedar_apple_rust_Apple___Cedar_apple_rust_0093_leaf.png,E:\smart_agriculture\smart_agriculture\ai\severity\dataset\human_gt_120\masks\030_Apple___Cedar_apple_rust_Apple___Cedar_apple_rust_0093_disease.png,E:\smart_agriculture\smart_agriculture\ai\severity\dataset\human_gt_120\overlays\030_Apple___Cedar_apple_rust_Apple___Cedar_apple_rust_0093_overlay.jpg
031_Corn_(maize)___Cercospora_leaf_spot_Gray_leaf_spot_Corn_maize___Cercospora_leaf_spot_Gray_leaf_spot_0174.json,031_Corn_(maize)___Cercospora_leaf_spot_Gray_leaf_spot_Corn_maize___Cercospora_leaf_spot_Gray_leaf_spot_0174.jpg,Corn,Corn_(maize)___Cercospora_leaf_spot Gray_leaf_spot,38949,4449,11.422629592544096,MEDIUM,0.383,11.039629592544095,11.039629592544095,E:\smart_agriculture\smart_agriculture\ai\severity\dataset\human_gt_120\masks\031_Corn_(maize)___Cercospora_leaf_spot_Gray_leaf_spot_Corn_maize___Cercospora_leaf_spot_Gray_leaf_spot_0174_leaf.png,E:\smart_agriculture\smart_agriculture\ai\severity\dataset\human_gt_120\masks\031_Corn_(maize)___Cercospora_leaf_spot_Gray_leaf_spot_Corn_maize___Cercospora_leaf_spot_Gray_leaf_spot_0174_disease.png,E:\smart_agriculture\smart_agriculture\ai\severity\dataset\human_gt_120\overlays\031_Corn_(maize)___Cercospora_leaf_spot_Gray_leaf_spot_Corn_maize___Cercospora_leaf_spot_Gray_leaf_spot_0174_overlay.jpg
032_Corn_(maize)___Cercospora_leaf_spot_Gray_leaf_spot_Corn_maize___Cercospora_leaf_spot_Gray_leaf_spot_0240.json,032_Corn_(maize)___Cercospora_leaf_spot_Gray_leaf_spot_Corn_maize___Cercospora_leaf_spot_Gray_leaf_spot_0240.jpg,Corn,Corn_(maize)___Cercospora_leaf_spot Gray_leaf_spot,54936,2154,3.9209261686325907,LOW,1.7136,2.2073261686325907,2.2073261686325907,E:\smart_agriculture\smart_agriculture\ai\severity\dataset\human_gt_120\masks\032_Corn_(maize)___Cercospora_leaf_spot_Gray_leaf_spot_Corn_maize___Cercospora_leaf_spot_Gray_leaf_spot_0240_leaf.png,E:\smart_agriculture\smart_agriculture\ai\severity\dataset\human_gt_120\masks\032_Corn_(maize)___Cercospora_leaf_spot_Gray_leaf_spot_Corn_maize___Cercospora_leaf_spot_Gray_leaf_spot_0240_disease.png,E:\smart_agriculture\smart_agriculture\ai\severity\dataset\human_gt_120\overlays\032_Corn_(maize)___Cercospora_leaf_spot_Gray_leaf_spot_Corn_maize___Cercospora_leaf_spot_Gray_leaf_spot_0240_overlay.jpg
033_Corn_(maize)___Cercospora_leaf_spot_Gray_leaf_spot_Corn_maize___Cercospora_leaf_spot_Gray_leaf_spot_0232.json,033_Corn_(maize)___Cercospora_leaf_spot_Gray_leaf_spot_Corn_maize___Cercospora_leaf_spot_Gray_leaf_spot_0232.jpg,Corn,Corn_(maize)___Cercospora_leaf_spot Gray_leaf_spot,49114,15413,31.382090646251577,MEDIUM,2.1759,29.206190646251578,29.206190646251578,E:\smart_agriculture\smart_agriculture\ai\severity\dataset\human_gt_120\masks\033_Corn_(maize)___Cercospora_leaf_spot_Gray_leaf_spot_Corn_maize___Cercospora_leaf_spot_Gray_leaf_spot_0232_leaf.png,E:\smart_agriculture\smart_agriculture\ai\severity\dataset\human_gt_120\masks\033_Corn_(maize)___Cercospora_leaf_spot_Gray_leaf_spot_Corn_maize___Cercospora_leaf_spot_Gray_leaf_spot_0232_disease.png,E:\smart_agriculture\smart_agriculture\ai\severity\dataset\human_gt_120\overlays\033_Corn_(maize)___Cercospora_leaf_spot_Gray_leaf_spot_Corn_maize___Cercospora_leaf_spot_Gray_leaf_spot_0232_overlay.jpg
034_Corn_(maize)___Cercospora_leaf_spot_Gray_leaf_spot_Corn_maize___Cercospora_leaf_spot_Gray_leaf_spot_0114.json,034_Corn_(maize)___Cercospora_leaf_spot_Gray_leaf_spot_Corn_maize___Cercospora_leaf_spot_Gray_leaf_spot_0114.jpg,Corn,Corn_(maize)___Cercospora_leaf_spot Gray_leaf_spot,47410,2631,5.549462138789285,LOW,2.7481,2.801362138789285,2.801362138789285,E:\smart_agriculture\smart_agriculture\ai\severity\dataset\human_gt_120\masks\034_Corn_(maize)___Cercospora_leaf_spot_Gray_leaf_spot_Corn_maize___Cercospora_leaf_spot_Gray_leaf_spot_0114_leaf.png,E:\smart_agriculture\smart_agriculture\ai\severity\dataset\human_gt_120\masks\034_Corn_(maize)___Cercospora_leaf_spot_Gray_leaf_spot_Corn_maize___Cercospora_leaf_spot_Gray_leaf_spot_0114_disease.png,E:\smart_agriculture\smart_agriculture\ai\severity\dataset\human_gt_120\overlays\034_Corn_(maize)___Cercospora_leaf_spot_Gray_leaf_spot_Corn_maize___Cercospora_leaf_spot_Gray_leaf_spot_0114_overlay.jpg
035_Corn_(maize)___Cercospora_leaf_spot_Gray_leaf_spot_Corn_maize___Cercospora_leaf_spot_Gray_leaf_spot_0248.json,035_Corn_(maize)___Cercospora_leaf_spot_Gray_leaf_spot_Corn_maize___Cercospora_leaf_spot_Gray_leaf_spot_0248.jpg,Corn,Corn_(maize)___Cercospora_leaf_spot Gray_leaf_spot,61276,26354,43.00868202885306,HIGH,3.6819,39.32678202885306,39.32678202885306,E:\smart_agriculture\smart_agriculture\ai\severity\dataset\human_gt_120\masks\035_Corn_(maize)___Cercospora_leaf_spot_Gray_leaf_spot_Corn_maize___Cercospora_leaf_spot_Gray_leaf_spot_0248_leaf.png,E:\smart_agriculture\smart_agriculture\ai\severity\dataset\human_gt_120\masks\035_Corn_(maize)___Cercospora_leaf_spot_Gray_leaf_spot_Corn_maize___Cercospora_leaf_spot_Gray_leaf_spot_0248_disease.png,E:\smart_agriculture\smart_agriculture\ai\severity\dataset\human_gt_120\overlays\035_Corn_(maize)___Cercospora_leaf_spot_Gray_leaf_spot_Corn_maize___Cercospora_leaf_spot_Gray_leaf_spot_0248_overlay.jpg
036_Corn_(maize)___Cercospora_leaf_spot_Gray_leaf_spot_Corn_maize___Cercospora_leaf_spot_Gray_leaf_spot_0044.json,036_Corn_(maize)___Cercospora_leaf_spot_Gray_leaf_spot_Corn_maize___Cercospora_leaf_spot_Gray_leaf_spot_0044.jpg,Corn,Corn_(maize)___Cercospora_leaf_spot Gray_leaf_spot,51707,19334,37.3914557023227,MEDIUM,5.4489,31.9425557023227,31.9425557023227,E:\smart_agriculture\smart_agriculture\ai\severity\dataset\human_gt_120\masks\036_Corn_(maize)___Cercospora_leaf_spot_Gray_leaf_spot_Corn_maize___Cercospora_leaf_spot_Gray_leaf_spot_0044_leaf.png,E:\smart_agriculture\smart_agriculture\ai\severity\dataset\human_gt_120\masks\036_Corn_(maize)___Cercospora_leaf_spot_Gray_leaf_spot_Corn_maize___Cercospora_leaf_spot_Gray_leaf_spot_0044_disease.png,E:\smart_agriculture\smart_agriculture\ai\severity\dataset\human_gt_120\overlays\036_Corn_(maize)___Cercospora_leaf_spot_Gray_leaf_spot_Corn_maize___Cercospora_leaf_spot_Gray_leaf_spot_0044_overlay.jpg
037_Corn_(maize)___Cercospora_leaf_spot_Gray_leaf_spot_Corn_maize___Cercospora_leaf_spot_Gray_leaf_spot_0014.json,037_Corn_(maize)___Cercospora_leaf_spot_Gray_leaf_spot_Corn_maize___Cercospora_leaf_spot_Gray_leaf_spot_0014.jpg,Corn,Corn_(maize)___Cercospora_leaf_spot Gray_leaf_spot,56948,4996,8.77291564234038,LOW,10.191,-1.4180843576596214,1.4180843576596214,E:\smart_agriculture\smart_agriculture\ai\severity\dataset\human_gt_120\masks\037_Corn_(maize)___Cercospora_leaf_spot_Gray_leaf_spot_Corn_maize___Cercospora_leaf_spot_Gray_leaf_spot_0014_leaf.png,E:\smart_agriculture\smart_agriculture\ai\severity\dataset\human_gt_120\masks\037_Corn_(maize)___Cercospora_leaf_spot_Gray_leaf_spot_Corn_maize___Cercospora_leaf_spot_Gray_leaf_spot_0014_disease.png,E:\smart_agriculture\smart_agriculture\ai\severity\dataset\human_gt_120\overlays\037_Corn_(maize)___Cercospora_leaf_spot_Gray_leaf_spot_Corn_maize___Cercospora_leaf_spot_Gray_leaf_spot_0014_overlay.jpg
038_Corn_(maize)___Cercospora_leaf_spot_Gray_leaf_spot_Corn_maize___Cercospora_leaf_spot_Gray_leaf_spot_0104.json,038_Corn_(maize)___Cercospora_leaf_spot_Gray_leaf_spot_Corn_maize___Cercospora_leaf_spot_Gray_leaf_spot_0104.jpg,Corn,Corn_(maize)___Cercospora_leaf_spot Gray_leaf_spot,53757,11330,21.07632494372826,MEDIUM,16.7361,4.340224943728259,4.340224943728259,E:\smart_agriculture\smart_agriculture\ai\severity\dataset\human_gt_120\masks\038_Corn_(maize)___Cercospora_leaf_spot_Gray_leaf_spot_Corn_maize___Cercospora_leaf_spot_Gray_leaf_spot_0104_leaf.png,E:\smart_agriculture\smart_agriculture\ai\severity\dataset\human_gt_120\masks\038_Corn_(maize)___Cercospora_leaf_spot_Gray_leaf_spot_Corn_maize___Cercospora_leaf_spot_Gray_leaf_spot_0104_disease.png,E:\smart_agriculture\smart_agriculture\ai\severity\dataset\human_gt_120\overlays\038_Corn_(maize)___Cercospora_leaf_spot_Gray_leaf_spot_Corn_maize___Cercospora_leaf_spot_Gray_leaf_spot_0104_overlay.jpg
039_Corn_(maize)___Cercospora_leaf_spot_Gray_leaf_spot_Corn_maize___Cercospora_leaf_spot_Gray_leaf_spot_0247.json,039_Corn_(maize)___Cercospora_leaf_spot_Gray_leaf_spot_Corn_maize___Cercospora_leaf_spot_Gray_leaf_spot_0247.jpg,Corn,Corn_(maize)___Cercospora_leaf_spot Gray_leaf_spot,62403,750,1.2018652949377433,LOW,28.1296,-26.927734705062257,26.927734705062257,E:\smart_agriculture\smart_agriculture\ai\severity\dataset\human_gt_120\masks\039_Corn_(maize)___Cercospora_leaf_spot_Gray_leaf_spot_Corn_maize___Cercospora_leaf_spot_Gray_leaf_spot_0247_leaf.png,E:\smart_agriculture\smart_agriculture\ai\severity\dataset\human_gt_120\masks\039_Corn_(maize)___Cercospora_leaf_spot_Gray_leaf_spot_Corn_maize___Cercospora_leaf_spot_Gray_leaf_spot_0247_disease.png,E:\smart_agriculture\smart_agriculture\ai\severity\dataset\human_gt_120\overlays\039_Corn_(maize)___Cercospora_leaf_spot_Gray_leaf_spot_Corn_maize___Cercospora_leaf_spot_Gray_leaf_spot_0247_overlay.jpg
040_Corn_(maize)___Cercospora_leaf_spot_Gray_leaf_spot_Corn_maize___Cercospora_leaf_spot_Gray_leaf_spot_0203.json,040_Corn_(maize)___Cercospora_leaf_spot_Gray_leaf_spot_Corn_maize___Cercospora_leaf_spot_Gray_leaf_spot_0203.jpg,Corn,Corn_(maize)___Cercospora_leaf_spot Gray_leaf_spot,50248,27351,54.43201719471422,HIGH,44.5572,9.874817194714218,9.874817194714218,E:\smart_agriculture\smart_agriculture\ai\severity\dataset\human_gt_120\masks\040_Corn_(maize)___Cercospora_leaf_spot_Gray_leaf_spot_Corn_maize___Cercospora_leaf_spot_Gray_leaf_spot_0203_leaf.png,E:\smart_agriculture\smart_agriculture\ai\severity\dataset\human_gt_120\masks\040_Corn_(maize)___Cercospora_leaf_spot_Gray_leaf_spot_Corn_maize___Cercospora_leaf_spot_Gray_leaf_spot_0203_disease.png,E:\smart_agriculture\smart_agriculture\ai\severity\dataset\human_gt_120\overlays\040_Corn_(maize)___Cercospora_leaf_spot_Gray_leaf_spot_Corn_maize___Cercospora_leaf_spot_Gray_leaf_spot_0203_overlay.jpg
041_Corn_(maize)___Common_rust__Corn_maize___Common_rust__0203.json,041_Corn_(maize)___Common_rust__Corn_maize___Common_rust__0203.jpg,Corn,Corn_(maize)___Common_rust_,31013,25489,82.18811466159353,SEVERE,0.0348,82.15331466159353,82.15331466159353,E:\smart_agriculture\smart_agriculture\ai\severity\dataset\human_gt_120\masks\041_Corn_(maize)___Common_rust__Corn_maize___Common_rust__0203_leaf.png,E:\smart_agriculture\smart_agriculture\ai\severity\dataset\human_gt_120\masks\041_Corn_(maize)___Common_rust__Corn_maize___Common_rust__0203_disease.png,E:\smart_agriculture\smart_agriculture\ai\severity\dataset\human_gt_120\overlays\041_Corn_(maize)___Common_rust__Corn_maize___Common_rust__0203_overlay.jpg
042_Corn_(maize)___Common_rust__Corn_maize___Common_rust__0017.json,042_Corn_(maize)___Common_rust__Corn_maize___Common_rust__0017.jpg,Corn,Corn_(maize)___Common_rust_,51863,34404,66.33630912211017,SEVERE,1.4612,64.87510912211016,64.87510912211016,E:\smart_agriculture\smart_agriculture\ai\severity\dataset\human_gt_120\masks\042_Corn_(maize)___Common_rust__Corn_maize___Common_rust__0017_leaf.png,E:\smart_agriculture\smart_agriculture\ai\severity\dataset\human_gt_120\masks\042_Corn_(maize)___Common_rust__Corn_maize___Common_rust__0017_disease.png,E:\smart_agriculture\smart_agriculture\ai\severity\dataset\human_gt_120\overlays\042_Corn_(maize)___Common_rust__Corn_maize___Common_rust__0017_overlay.jpg
043_Corn_(maize)___Common_rust__Corn_maize___Common_rust__0235.json,043_Corn_(maize)___Common_rust__Corn_maize___Common_rust__0235.jpg,Corn,Corn_(maize)___Common_rust_,52695,11973,22.721320808425848,MEDIUM,2.2285,20.492820808425847,20.492820808425847,E:\smart_agriculture\smart_agriculture\ai\severity\dataset\human_gt_120\masks\043_Corn_(maize)___Common_rust__Corn_maize___Common_rust__0235_leaf.png,E:\smart_agriculture\smart_agriculture\ai\severity\dataset\human_gt_120\masks\043_Corn_(maize)___Common_rust__Corn_maize___Common_rust__0235_disease.png,E:\smart_agriculture\smart_agriculture\ai\severity\dataset\human_gt_120\overlays\043_Corn_(maize)___Common_rust__Corn_maize___Common_rust__0235_overlay.jpg
044_Corn_(maize)___Common_rust__Corn_maize___Common_rust__0199.json,044_Corn_(maize)___Common_rust__Corn_maize___Common_rust__0199.jpg,Corn,Corn_(maize)___Common_rust_,46125,8955,19.414634146341463,MEDIUM,3.5437,15.870934146341463,15.870934146341463,E:\smart_agriculture\smart_agriculture\ai\severity\dataset\human_gt_120\masks\044_Corn_(maize)___Common_rust__Corn_maize___Common_rust__0199_leaf.png,E:\smart_agriculture\smart_agriculture\ai\severity\dataset\human_gt_120\masks\044_Corn_(maize)___Common_rust__Corn_maize___Common_rust__0199_disease.png,E:\smart_agriculture\smart_agriculture\ai\severity\dataset\human_gt_120\overlays\044_Corn_(maize)___Common_rust__Corn_maize___Common_rust__0199_overlay.jpg
045_Corn_(maize)___Common_rust__Corn_maize___Common_rust__0031.json,045_Corn_(maize)___Common_rust__Corn_maize___Common_rust__0031.jpg,Corn,Corn_(maize)___Common_rust_,47128,19792,41.99626548973009,HIGH,5.3283,36.66796548973009,36.66796548973009,E:\smart_agriculture\smart_agriculture\ai\severity\dataset\human_gt_120\masks\045_Corn_(maize)___Common_rust__Corn_maize___Common_rust__0031_leaf.png,E:\smart_agriculture\smart_agriculture\ai\severity\dataset\human_gt_120\masks\045_Corn_(maize)___Common_rust__Corn_maize___Common_rust__0031_disease.png,E:\smart_agriculture\smart_agriculture\ai\severity\dataset\human_gt_120\overlays\045_Corn_(maize)___Common_rust__Corn_maize___Common_rust__0031_overlay.jpg
046_Corn_(maize)___Common_rust__Corn_maize___Common_rust__0107.json,046_Corn_(maize)___Common_rust__Corn_maize___Common_rust__0107.jpg,Corn,Corn_(maize)___Common_rust_,50290,17216,34.23344601312388,MEDIUM,10.3173,23.916146013123882,23.916146013123882,E:\smart_agriculture\smart_agriculture\ai\severity\dataset\human_gt_120\masks\046_Corn_(maize)___Common_rust__Corn_maize___Common_rust__0107_leaf.png,E:\smart_agriculture\smart_agriculture\ai\severity\dataset\human_gt_120\masks\046_Corn_(maize)___Common_rust__Corn_maize___Common_rust__0107_disease.png,E:\smart_agriculture\smart_agriculture\ai\severity\dataset\human_gt_120\overlays\046_Corn_(maize)___Common_rust__Corn_maize___Common_rust__0107_overlay.jpg
047_Corn_(maize)___Common_rust__Corn_maize___Common_rust__0000.json,047_Corn_(maize)___Common_rust__Corn_maize___Common_rust__0000.jpg,Corn,Corn_(maize)___Common_rust_,38993,5746,14.73597825250686,MEDIUM,28.3149,-13.578921747493142,13.578921747493142,E:\smart_agriculture\smart_agriculture\ai\severity\dataset\human_gt_120\masks\047_Corn_(maize)___Common_rust__Corn_maize___Common_rust__0000_leaf.png,E:\smart_agriculture\smart_agriculture\ai\severity\dataset\human_gt_120\masks\047_Corn_(maize)___Common_rust__Corn_maize___Common_rust__0000_disease.png,E:\smart_agriculture\smart_agriculture\ai\severity\dataset\human_gt_120\overlays\047_Corn_(maize)___Common_rust__Corn_maize___Common_rust__0000_overlay.jpg
048_Corn_(maize)___Common_rust__Corn_maize___Common_rust__0188.json,048_Corn_(maize)___Common_rust__Corn_maize___Common_rust__0188.jpg,Corn,Corn_(maize)___Common_rust_,45147,18696,41.41138946109376,HIGH,40.5892,0.8221894610937639,0.8221894610937639,E:\smart_agriculture\smart_agriculture\ai\severity\dataset\human_gt_120\masks\048_Corn_(maize)___Common_rust__Corn_maize___Common_rust__0188_leaf.png,E:\smart_agriculture\smart_agriculture\ai\severity\dataset\human_gt_120\masks\048_Corn_(maize)___Common_rust__Corn_maize___Common_rust__0188_disease.png,E:\smart_agriculture\smart_agriculture\ai\severity\dataset\human_gt_120\overlays\048_Corn_(maize)___Common_rust__Corn_maize___Common_rust__0188_overlay.jpg
049_Corn_(maize)___Common_rust__Corn_maize___Common_rust__0075.json,049_Corn_(maize)___Common_rust__Corn_maize___Common_rust__0075.jpg,Corn,Corn_(maize)___Common_rust_,46978,25141,53.516539656860665,HIGH,42.8938,10.622739656860666,10.622739656860666,E:\smart_agriculture\smart_agriculture\ai\severity\dataset\human_gt_120\masks\049_Corn_(maize)___Common_rust__Corn_maize___Common_rust__0075_leaf.png,E:\smart_agriculture\smart_agriculture\ai\severity\dataset\human_gt_120\masks\049_Corn_(maize)___Common_rust__Corn_maize___Common_rust__0075_disease.png,E:\smart_agriculture\smart_agriculture\ai\severity\dataset\human_gt_120\overlays\049_Corn_(maize)___Common_rust__Corn_maize___Common_rust__0075_overlay.jpg
050_Corn_(maize)___Common_rust__Corn_maize___Common_rust__0095.json,050_Corn_(maize)___Common_rust__Corn_maize___Common_rust__0095.jpg,Corn,Corn_(maize)___Common_rust_,41310,14509,35.12224642943597,MEDIUM,44.9303,-9.808053570564034,9.808053570564034,E:\smart_agriculture\smart_agriculture\ai\severity\dataset\human_gt_120\masks\050_Corn_(maize)___Common_rust__Corn_maize___Common_rust__0095_leaf.png,E:\smart_agriculture\smart_agriculture\ai\severity\dataset\human_gt_120\masks\050_Corn_(maize)___Common_rust__Corn_maize___Common_rust__0095_disease.png,E:\smart_agriculture\smart_agriculture\ai\severity\dataset\human_gt_120\overlays\050_Corn_(maize)___Common_rust__Corn_maize___Common_rust__0095_overlay.jpg
051_Corn_(maize)___Northern_Leaf_Blight_Corn_maize___Northern_Leaf_Blight_0107.json,051_Corn_(maize)___Northern_Leaf_Blight_Corn_maize___Northern_Leaf_Blight_0107.jpg,Corn,Corn_(maize)___Northern_Leaf_Blight,21369,11914,55.75366184660021,HIGH,0.0443,55.70936184660021,55.70936184660021,E:\smart_agriculture\smart_agriculture\ai\severity\dataset\human_gt_120\masks\051_Corn_(maize)___Northern_Leaf_Blight_Corn_maize___Northern_Leaf_Blight_0107_leaf.png,E:\smart_agriculture\smart_agriculture\ai\severity\dataset\human_gt_120\masks\051_Corn_(maize)___Northern_Leaf_Blight_Corn_maize___Northern_Leaf_Blight_0107_disease.png,E:\smart_agriculture\smart_agriculture\ai\severity\dataset\human_gt_120\overlays\051_Corn_(maize)___Northern_Leaf_Blight_Corn_maize___Northern_Leaf_Blight_0107_overlay.jpg
052_Corn_(maize)___Northern_Leaf_Blight_Corn_maize___Northern_Leaf_Blight_0052.json,052_Corn_(maize)___Northern_Leaf_Blight_Corn_maize___Northern_Leaf_Blight_0052.jpg,Corn,Corn_(maize)___Northern_Leaf_Blight,30303,5020,16.566016566016568,MEDIUM,1.6876,14.878416566016568,14.878416566016568,E:\smart_agriculture\smart_agriculture\ai\severity\dataset\human_gt_120\masks\052_Corn_(maize)___Northern_Leaf_Blight_Corn_maize___Northern_Leaf_Blight_0052_leaf.png,E:\smart_agriculture\smart_agriculture\ai\severity\dataset\human_gt_120\masks\052_Corn_(maize)___Northern_Leaf_Blight_Corn_maize___Northern_Leaf_Blight_0052_disease.png,E:\smart_agriculture\smart_agriculture\ai\severity\dataset\human_gt_120\overlays\052_Corn_(maize)___Northern_Leaf_Blight_Corn_maize___Northern_Leaf_Blight_0052_overlay.jpg
053_Corn_(maize)___Northern_Leaf_Blight_Corn_maize___Northern_Leaf_Blight_0114.json,053_Corn_(maize)___Northern_Leaf_Blight_Corn_maize___Northern_Leaf_Blight_0114.jpg,Corn,Corn_(maize)___Northern_Leaf_Blight,51775,14145,27.320135200386286,MEDIUM,5.0339,22.286235200386287,22.286235200386287,E:\smart_agriculture\smart_agriculture\ai\severity\dataset\human_gt_120\masks\053_Corn_(maize)___Northern_Leaf_Blight_Corn_maize___Northern_Leaf_Blight_0114_leaf.png,E:\smart_agriculture\smart_agriculture\ai\severity\dataset\human_gt_120\masks\053_Corn_(maize)___Northern_Leaf_Blight_Corn_maize___Northern_Leaf_Blight_0114_disease.png,E:\smart_agriculture\smart_agriculture\ai\severity\dataset\human_gt_120\overlays\053_Corn_(maize)___Northern_Leaf_Blight_Corn_maize___Northern_Leaf_Blight_0114_overlay.jpg
054_Corn_(maize)___Northern_Leaf_Blight_Corn_maize___Northern_Leaf_Blight_0022.json,054_Corn_(maize)___Northern_Leaf_Blight_Corn_maize___Northern_Leaf_Blight_0022.jpg,Corn,Corn_(maize)___Northern_Leaf_Blight,49903,25780,51.66022082840711,HIGH,9.3,42.36022082840711,42.36022082840711,E:\smart_agriculture\smart_agriculture\ai\severity\dataset\human_gt_120\masks\054_Corn_(maize)___Northern_Leaf_Blight_Corn_maize___Northern_Leaf_Blight_0022_leaf.png,E:\smart_agriculture\smart_agriculture\ai\severity\dataset\human_gt_120\masks\054_Corn_(maize)___Northern_Leaf_Blight_Corn_maize___Northern_Leaf_Blight_0022_disease.png,E:\smart_agriculture\smart_agriculture\ai\severity\dataset\human_gt_120\overlays\054_Corn_(maize)___Northern_Leaf_Blight_Corn_maize___Northern_Leaf_Blight_0022_overlay.jpg
055_Corn_(maize)___Northern_Leaf_Blight_Corn_maize___Northern_Leaf_Blight_0029.json,055_Corn_(maize)___Northern_Leaf_Blight_Corn_maize___Northern_Leaf_Blight_0029.jpg,Corn,Corn_(maize)___Northern_Leaf_Blight,40101,8689,21.66778883319618,MEDIUM,22.3969,-0.7291111668038184,0.7291111668038184,E:\smart_agriculture\smart_agriculture\ai\severity\dataset\human_gt_120\masks\055_Corn_(maize)___Northern_Leaf_Blight_Corn_maize___Northern_Leaf_Blight_0029_leaf.png,E:\smart_agriculture\smart_agriculture\ai\severity\dataset\human_gt_120\masks\055_Corn_(maize)___Northern_Leaf_Blight_Corn_maize___Northern_Leaf_Blight_0029_disease.png,E:\smart_agriculture\smart_agriculture\ai\severity\dataset\human_gt_120\overlays\055_Corn_(maize)___Northern_Leaf_Blight_Corn_maize___Northern_Leaf_Blight_0029_overlay.jpg
056_Corn_(maize)___Northern_Leaf_Blight_Corn_maize___Northern_Leaf_Blight_0168.json,056_Corn_(maize)___Northern_Leaf_Blight_Corn_maize___Northern_Leaf_Blight_0168.jpg,Corn,Corn_(maize)___Northern_Leaf_Blight,50030,18773,37.52348590845493,MEDIUM,29.5837,7.93978590845493,7.93978590845493,E:\smart_agriculture\smart_agriculture\ai\severity\dataset\human_gt_120\masks\056_Corn_(maize)___Northern_Leaf_Blight_Corn_maize___Northern_Leaf_Blight_0168_leaf.png,E:\smart_agriculture\smart_agriculture\ai\severity\dataset\human_gt_120\masks\056_Corn_(maize)___Northern_Leaf_Blight_Corn_maize___Northern_Leaf_Blight_0168_disease.png,E:\smart_agriculture\smart_agriculture\ai\severity\dataset\human_gt_120\overlays\056_Corn_(maize)___Northern_Leaf_Blight_Corn_maize___Northern_Leaf_Blight_0168_overlay.jpg
057_Corn_(maize)___Northern_Leaf_Blight_Corn_maize___Northern_Leaf_Blight_0113.json,057_Corn_(maize)___Northern_Leaf_Blight_Corn_maize___Northern_Leaf_Blight_0113.jpg,Corn,Corn_(maize)___Northern_Leaf_Blight,33568,8325,24.800405147759772,MEDIUM,35.8719,-11.071494852240225,11.071494852240225,E:\smart_agriculture\smart_agriculture\ai\severity\dataset\human_gt_120\masks\057_Corn_(maize)___Northern_Leaf_Blight_Corn_maize___Northern_Leaf_Blight_0113_leaf.png,E:\smart_agriculture\smart_agriculture\ai\severity\dataset\human_gt_120\masks\057_Corn_(maize)___Northern_Leaf_Blight_Corn_maize___Northern_Leaf_Blight_0113_disease.png,E:\smart_agriculture\smart_agriculture\ai\severity\dataset\human_gt_120\overlays\057_Corn_(maize)___Northern_Leaf_Blight_Corn_maize___Northern_Leaf_Blight_0113_overlay.jpg
058_Corn_(maize)___Northern_Leaf_Blight_Corn_maize___Northern_Leaf_Blight_0151.json,058_Corn_(maize)___Northern_Leaf_Blight_Corn_maize___Northern_Leaf_Blight_0151.jpg,Corn,Corn_(maize)___Northern_Leaf_Blight,43682,15687,35.91181722448606,MEDIUM,40.0848,-4.172982775513944,4.172982775513944,E:\smart_agriculture\smart_agriculture\ai\severity\dataset\human_gt_120\masks\058_Corn_(maize)___Northern_Leaf_Blight_Corn_maize___Northern_Leaf_Blight_0151_leaf.png,E:\smart_agriculture\smart_agriculture\ai\severity\dataset\human_gt_120\masks\058_Corn_(maize)___Northern_Leaf_Blight_Corn_maize___Northern_Leaf_Blight_0151_disease.png,E:\smart_agriculture\smart_agriculture\ai\severity\dataset\human_gt_120\overlays\058_Corn_(maize)___Northern_Leaf_Blight_Corn_maize___Northern_Leaf_Blight_0151_overlay.jpg
059_Corn_(maize)___Northern_Leaf_Blight_Corn_maize___Northern_Leaf_Blight_0219.json,059_Corn_(maize)___Northern_Leaf_Blight_Corn_maize___Northern_Leaf_Blight_0219.jpg,Corn,Corn_(maize)___Northern_Leaf_Blight,46790,5507,11.76960889078863,MEDIUM,42.395,-30.62539110921137,30.62539110921137,E:\smart_agriculture\smart_agriculture\ai\severity\dataset\human_gt_120\masks\059_Corn_(maize)___Northern_Leaf_Blight_Corn_maize___Northern_Leaf_Blight_0219_leaf.png,E:\smart_agriculture\smart_agriculture\ai\severity\dataset\human_gt_120\masks\059_Corn_(maize)___Northern_Leaf_Blight_Corn_maize___Northern_Leaf_Blight_0219_disease.png,E:\smart_agriculture\smart_agriculture\ai\severity\dataset\human_gt_120\overlays\059_Corn_(maize)___Northern_Leaf_Blight_Corn_maize___Northern_Leaf_Blight_0219_overlay.jpg
060_Corn_(maize)___Northern_Leaf_Blight_Corn_maize___Northern_Leaf_Blight_0137.json,060_Corn_(maize)___Northern_Leaf_Blight_Corn_maize___Northern_Leaf_Blight_0137.jpg,Corn,Corn_(maize)___Northern_Leaf_Blight,34132,9820,28.770655103714986,MEDIUM,44.9249,-16.154244896285014,16.154244896285014,E:\smart_agriculture\smart_agriculture\ai\severity\dataset\human_gt_120\masks\060_Corn_(maize)___Northern_Leaf_Blight_Corn_maize___Northern_Leaf_Blight_0137_leaf.png,E:\smart_agriculture\smart_agriculture\ai\severity\dataset\human_gt_120\masks\060_Corn_(maize)___Northern_Leaf_Blight_Corn_maize___Northern_Leaf_Blight_0137_disease.png,E:\smart_agriculture\smart_agriculture\ai\severity\dataset\human_gt_120\overlays\060_Corn_(maize)___Northern_Leaf_Blight_Corn_maize___Northern_Leaf_Blight_0137_overlay.jpg
061_Potato___Early_blight_Potato___Early_blight_0119.json,061_Potato___Early_blight_Potato___Early_blight_0119.jpg,Potato,Potato___Early_blight,34671,24380,70.31813331025928,SEVERE,1.4394,68.87873331025928,68.87873331025928,E:\smart_agriculture\smart_agriculture\ai\severity\dataset\human_gt_120\masks\061_Potato___Early_blight_Potato___Early_blight_0119_leaf.png,E:\smart_agriculture\smart_agriculture\ai\severity\dataset\human_gt_120\masks\061_Potato___Early_blight_Potato___Early_blight_0119_disease.png,E:\smart_agriculture\smart_agriculture\ai\severity\dataset\human_gt_120\overlays\061_Potato___Early_blight_Potato___Early_blight_0119_overlay.jpg
063_Potato___Early_blight_Potato___Early_blight_0142.json,063_Potato___Early_blight_Potato___Early_blight_0142.jpg,Potato,Potato___Early_blight,30458,2390,7.846871101188523,LOW,3.1902,4.656671101188523,4.656671101188523,E:\smart_agriculture\smart_agriculture\ai\severity\dataset\human_gt_120\masks\063_Potato___Early_blight_Potato___Early_blight_0142_leaf.png,E:\smart_agriculture\smart_agriculture\ai\severity\dataset\human_gt_120\masks\063_Potato___Early_blight_Potato___Early_blight_0142_disease.png,E:\smart_agriculture\smart_agriculture\ai\severity\dataset\human_gt_120\overlays\063_Potato___Early_blight_Potato___Early_blight_0142_overlay.jpg
064_Potato___Early_blight_Potato___Early_blight_0211.json,064_Potato___Early_blight_Potato___Early_blight_0211.jpg,Potato,Potato___Early_blight,30710,7496,24.408987300553566,MEDIUM,3.814,20.594987300553566,20.594987300553566,E:\smart_agriculture\smart_agriculture\ai\severity\dataset\human_gt_120\masks\064_Potato___Early_blight_Potato___Early_blight_0211_leaf.png,E:\smart_agriculture\smart_agriculture\ai\severity\dataset\human_gt_120\masks\064_Potato___Early_blight_Potato___Early_blight_0211_disease.png,E:\smart_agriculture\smart_agriculture\ai\severity\dataset\human_gt_120\overlays\064_Potato___Early_blight_Potato___Early_blight_0211_overlay.jpg
065_Potato___Early_blight_Potato___Early_blight_0194.json,065_Potato___Early_blight_Potato___Early_blight_0194.jpg,Potato,Potato___Early_blight,34339,9018,26.261684964617487,MEDIUM,4.1685,22.093184964617485,22.093184964617485,E:\smart_agriculture\smart_agriculture\ai\severity\dataset\human_gt_120\masks\065_Potato___Early_blight_Potato___Early_blight_0194_leaf.png,E:\smart_agriculture\smart_agriculture\ai\severity\dataset\human_gt_120\masks\065_Potato___Early_blight_Potato___Early_blight_0194_disease.png,E:\smart_agriculture\smart_agriculture\ai\severity\dataset\human_gt_120\overlays\065_Potato___Early_blight_Potato___Early_blight_0194_overlay.jpg
066_Potato___Early_blight_Potato___Early_blight_0084.json,066_Potato___Early_blight_Potato___Early_blight_0084.jpg,Potato,Potato___Early_blight,35325,7146,20.229299363057322,MEDIUM,4.6244,15.604899363057323,15.604899363057323,E:\smart_agriculture\smart_agriculture\ai\severity\dataset\human_gt_120\masks\066_Potato___Early_blight_Potato___Early_blight_0084_leaf.png,E:\smart_agriculture\smart_agriculture\ai\severity\dataset\human_gt_120\masks\066_Potato___Early_blight_Potato___Early_blight_0084_disease.png,E:\smart_agriculture\smart_agriculture\ai\severity\dataset\human_gt_120\overlays\066_Potato___Early_blight_Potato___Early_blight_0084_overlay.jpg
067_Potato___Early_blight_Potato___Early_blight_0198.json,067_Potato___Early_blight_Potato___Early_blight_0198.jpg,Potato,Potato___Early_blight,37621,9618,25.565508625501714,MEDIUM,5.3196,20.245908625501713,20.245908625501713,E:\smart_agriculture\smart_agriculture\ai\severity\dataset\human_gt_120\masks\067_Potato___Early_blight_Potato___Early_blight_0198_leaf.png,E:\smart_agriculture\smart_agriculture\ai\severity\dataset\human_gt_120\masks\067_Potato___Early_blight_Potato___Early_blight_0198_disease.png,E:\smart_agriculture\smart_agriculture\ai\severity\dataset\human_gt_120\overlays\067_Potato___Early_blight_Potato___Early_blight_0198_overlay.jpg
068_Potato___Early_blight_Potato___Early_blight_0190.json,068_Potato___Early_blight_Potato___Early_blight_0190.jpg,Potato,Potato___Early_blight,38544,8503,22.060502283105023,MEDIUM,6.1749,15.885602283105023,15.885602283105023,E:\smart_agriculture\smart_agriculture\ai\severity\dataset\human_gt_120\masks\068_Potato___Early_blight_Potato___Early_blight_0190_leaf.png,E:\smart_agriculture\smart_agriculture\ai\severity\dataset\human_gt_120\masks\068_Potato___Early_blight_Potato___Early_blight_0190_disease.png,E:\smart_agriculture\smart_agriculture\ai\severity\dataset\human_gt_120\overlays\068_Potato___Early_blight_Potato___Early_blight_0190_overlay.jpg
069_Potato___Early_blight_Potato___Early_blight_0131.json,069_Potato___Early_blight_Potato___Early_blight_0131.jpg,Potato,Potato___Early_blight,24815,2891,11.650211565585332,MEDIUM,34.1429,-22.492688434414667,22.492688434414667,E:\smart_agriculture\smart_agriculture\ai\severity\dataset\human_gt_120\masks\069_Potato___Early_blight_Potato___Early_blight_0131_leaf.png,E:\smart_agriculture\smart_agriculture\ai\severity\dataset\human_gt_120\masks\069_Potato___Early_blight_Potato___Early_blight_0131_disease.png,E:\smart_agriculture\smart_agriculture\ai\severity\dataset\human_gt_120\overlays\069_Potato___Early_blight_Potato___Early_blight_0131_overlay.jpg
070_Potato___Early_blight_Potato___Early_blight_0129.json,070_Potato___Early_blight_Potato___Early_blight_0129.jpg,Potato,Potato___Early_blight,37472,3053,8.147416737830913,LOW,44.8816,-36.73418326216908,36.73418326216908,E:\smart_agriculture\smart_agriculture\ai\severity\dataset\human_gt_120\masks\070_Potato___Early_blight_Potato___Early_blight_0129_leaf.png,E:\smart_agriculture\smart_agriculture\ai\severity\dataset\human_gt_120\masks\070_Potato___Early_blight_Potato___Early_blight_0129_disease.png,E:\smart_agriculture\smart_agriculture\ai\severity\dataset\human_gt_120\overlays\070_Potato___Early_blight_Potato___Early_blight_0129_overlay.jpg
071_Potato___Late_blight_Potato___Late_blight_0119.json,071_Potato___Late_blight_Potato___Late_blight_0119.jpg,Potato,Potato___Late_blight,30125,8870,29.443983402489625,MEDIUM,0.351,29.092983402489626,29.092983402489626,E:\smart_agriculture\smart_agriculture\ai\severity\dataset\human_gt_120\masks\071_Potato___Late_blight_Potato___Late_blight_0119_leaf.png,E:\smart_agriculture\smart_agriculture\ai\severity\dataset\human_gt_120\masks\071_Potato___Late_blight_Potato___Late_blight_0119_disease.png,E:\smart_agriculture\smart_agriculture\ai\severity\dataset\human_gt_120\overlays\071_Potato___Late_blight_Potato___Late_blight_0119_overlay.jpg
072_Potato___Late_blight_Potato___Late_blight_0025.json,072_Potato___Late_blight_Potato___Late_blight_0025.jpg,Potato,Potato___Late_blight,31656,13989,44.190674753601215,HIGH,2.349,41.84167475360121,41.84167475360121,E:\smart_agriculture\smart_agriculture\ai\severity\dataset\human_gt_120\masks\072_Potato___Late_blight_Potato___Late_blight_0025_leaf.png,E:\smart_agriculture\smart_agriculture\ai\severity\dataset\human_gt_120\masks\072_Potato___Late_blight_Potato___Late_blight_0025_disease.png,E:\smart_agriculture\smart_agriculture\ai\severity\dataset\human_gt_120\overlays\072_Potato___Late_blight_Potato___Late_blight_0025_overlay.jpg
073_Potato___Late_blight_Potato___Late_blight_0115.json,073_Potato___Late_blight_Potato___Late_blight_0115.jpg,Potato,Potato___Late_blight,31985,12103,37.83961231827419,MEDIUM,3.8979,33.94171231827419,33.94171231827419,E:\smart_agriculture\smart_agriculture\ai\severity\dataset\human_gt_120\masks\073_Potato___Late_blight_Potato___Late_blight_0115_leaf.png,E:\smart_agriculture\smart_agriculture\ai\severity\dataset\human_gt_120\masks\073_Potato___Late_blight_Potato___Late_blight_0115_disease.png,E:\smart_agriculture\smart_agriculture\ai\severity\dataset\human_gt_120\overlays\073_Potato___Late_blight_Potato___Late_blight_0115_overlay.jpg
074_Potato___Late_blight_Potato___Late_blight_0114.json,074_Potato___Late_blight_Potato___Late_blight_0114.jpg,Potato,Potato___Late_blight,31860,4854,15.235404896421844,MEDIUM,7.3738,7.861604896421844,7.861604896421844,E:\smart_agriculture\smart_agriculture\ai\severity\dataset\human_gt_120\masks\074_Potato___Late_blight_Potato___Late_blight_0114_leaf.png,E:\smart_agriculture\smart_agriculture\ai\severity\dataset\human_gt_120\masks\074_Potato___Late_blight_Potato___Late_blight_0114_disease.png,E:\smart_agriculture\smart_agriculture\ai\severity\dataset\human_gt_120\overlays\074_Potato___Late_blight_Potato___Late_blight_0114_overlay.jpg
075_Potato___Late_blight_Potato___Late_blight_0234.json,075_Potato___Late_blight_Potato___Late_blight_0234.jpg,Potato,Potato___Late_blight,32502,8273,25.453818226570675,MEDIUM,11.2167,14.237118226570676,14.237118226570676,E:\smart_agriculture\smart_agriculture\ai\severity\dataset\human_gt_120\masks\075_Potato___Late_blight_Potato___Late_blight_0234_leaf.png,E:\smart_agriculture\smart_agriculture\ai\severity\dataset\human_gt_120\masks\075_Potato___Late_blight_Potato___Late_blight_0234_disease.png,E:\smart_agriculture\smart_agriculture\ai\severity\dataset\human_gt_120\overlays\075_Potato___Late_blight_Potato___Late_blight_0234_overlay.jpg
076_Potato___Late_blight_Potato___Late_blight_0206.json,076_Potato___Late_blight_Potato___Late_blight_0206.jpg,Potato,Potato___Late_blight,22009,11846,53.823435867145264,HIGH,29.0475,24.775935867145265,24.775935867145265,E:\smart_agriculture\smart_agriculture\ai\severity\dataset\human_gt_120\masks\076_Potato___Late_blight_Potato___Late_blight_0206_leaf.png,E:\smart_agriculture\smart_agriculture\ai\severity\dataset\human_gt_120\masks\076_Potato___Late_blight_Potato___Late_blight_0206_disease.png,E:\smart_agriculture\smart_agriculture\ai\severity\dataset\human_gt_120\overlays\076_Potato___Late_blight_Potato___Late_blight_0206_overlay.jpg
077_Potato___Late_blight_Potato___Late_blight_0178.json,077_Potato___Late_blight_Potato___Late_blight_0178.jpg,Potato,Potato___Late_blight,27482,9696,35.28127501637435,MEDIUM,33.0078,2.2734750163743485,2.2734750163743485,E:\smart_agriculture\smart_agriculture\ai\severity\dataset\human_gt_120\masks\077_Potato___Late_blight_Potato___Late_blight_0178_leaf.png,E:\smart_agriculture\smart_agriculture\ai\severity\dataset\human_gt_120\masks\077_Potato___Late_blight_Potato___Late_blight_0178_disease.png,E:\smart_agriculture\smart_agriculture\ai\severity\dataset\human_gt_120\overlays\077_Potato___Late_blight_Potato___Late_blight_0178_overlay.jpg
078_Potato___Late_blight_Potato___Late_blight_0103.json,078_Potato___Late_blight_Potato___Late_blight_0103.jpg,Potato,Potato___Late_blight,29892,6390,21.376957045363305,MEDIUM,35.8572,-14.480242954636694,14.480242954636694,E:\smart_agriculture\smart_agriculture\ai\severity\dataset\human_gt_120\masks\078_Potato___Late_blight_Potato___Late_blight_0103_leaf.png,E:\smart_agriculture\smart_agriculture\ai\severity\dataset\human_gt_120\masks\078_Potato___Late_blight_Potato___Late_blight_0103_disease.png,E:\smart_agriculture\smart_agriculture\ai\severity\dataset\human_gt_120\overlays\078_Potato___Late_blight_Potato___Late_blight_0103_overlay.jpg
079_Potato___Late_blight_Potato___Late_blight_0184.json,079_Potato___Late_blight_Potato___Late_blight_0184.jpg,Potato,Potato___Late_blight,30497,3998,13.109486178968424,MEDIUM,38.9496,-25.840113821031572,25.840113821031572,E:\smart_agriculture\smart_agriculture\ai\severity\dataset\human_gt_120\masks\079_Potato___Late_blight_Potato___Late_blight_0184_leaf.png,E:\smart_agriculture\smart_agriculture\ai\severity\dataset\human_gt_120\masks\079_Potato___Late_blight_Potato___Late_blight_0184_disease.png,E:\smart_agriculture\smart_agriculture\ai\severity\dataset\human_gt_120\overlays\079_Potato___Late_blight_Potato___Late_blight_0184_overlay.jpg
080_Potato___Late_blight_Potato___Late_blight_0034.json,080_Potato___Late_blight_Potato___Late_blight_0034.jpg,Potato,Potato___Late_blight,35329,2493,7.056525800334003,LOW,44.5291,-37.472574199666,37.472574199666,E:\smart_agriculture\smart_agriculture\ai\severity\dataset\human_gt_120\masks\080_Potato___Late_blight_Potato___Late_blight_0034_leaf.png,E:\smart_agriculture\smart_agriculture\ai\severity\dataset\human_gt_120\masks\080_Potato___Late_blight_Potato___Late_blight_0034_disease.png,E:\smart_agriculture\smart_agriculture\ai\severity\dataset\human_gt_120\overlays\080_Potato___Late_blight_Potato___Late_blight_0034_overlay.jpg
081_Tomato___Bacterial_spot_Tomato___Bacterial_spot_0173.json,081_Tomato___Bacterial_spot_Tomato___Bacterial_spot_0173.jpg,Tomato,Tomato___Bacterial_spot,28682,4269,14.883899309671571,MEDIUM,0.0412,14.842699309671572,14.842699309671572,E:\smart_agriculture\smart_agriculture\ai\severity\dataset\human_gt_120\masks\081_Tomato___Bacterial_spot_Tomato___Bacterial_spot_0173_leaf.png,E:\smart_agriculture\smart_agriculture\ai\severity\dataset\human_gt_120\masks\081_Tomato___Bacterial_spot_Tomato___Bacterial_spot_0173_disease.png,E:\smart_agriculture\smart_agriculture\ai\severity\dataset\human_gt_120\overlays\081_Tomato___Bacterial_spot_Tomato___Bacterial_spot_0173_overlay.jpg
082_Tomato___Bacterial_spot_Tomato___Bacterial_spot_0090.json,082_Tomato___Bacterial_spot_Tomato___Bacterial_spot_0090.jpg,Tomato,Tomato___Bacterial_spot,26581,7790,29.306647605432453,MEDIUM,1.6998,27.606847605432453,27.606847605432453,E:\smart_agriculture\smart_agriculture\ai\severity\dataset\human_gt_120\masks\082_Tomato___Bacterial_spot_Tomato___Bacterial_spot_0090_leaf.png,E:\smart_agriculture\smart_agriculture\ai\severity\dataset\human_gt_120\masks\082_Tomato___Bacterial_spot_Tomato___Bacterial_spot_0090_disease.png,E:\smart_agriculture\smart_agriculture\ai\severity\dataset\human_gt_120\overlays\082_Tomato___Bacterial_spot_Tomato___Bacterial_spot_0090_overlay.jpg
083_Tomato___Bacterial_spot_Tomato___Bacterial_spot_0109.json,083_Tomato___Bacterial_spot_Tomato___Bacterial_spot_0109.jpg,Tomato,Tomato___Bacterial_spot,26763,1267,4.734147890744684,LOW,5.0827,-0.34855210925531566,0.34855210925531566,E:\smart_agriculture\smart_agriculture\ai\severity\dataset\human_gt_120\masks\083_Tomato___Bacterial_spot_Tomato___Bacterial_spot_0109_leaf.png,E:\smart_agriculture\smart_agriculture\ai\severity\dataset\human_gt_120\masks\083_Tomato___Bacterial_spot_Tomato___Bacterial_spot_0109_disease.png,E:\smart_agriculture\smart_agriculture\ai\severity\dataset\human_gt_120\overlays\083_Tomato___Bacterial_spot_Tomato___Bacterial_spot_0109_overlay.jpg
084_Tomato___Bacterial_spot_Tomato___Bacterial_spot_0080.json,084_Tomato___Bacterial_spot_Tomato___Bacterial_spot_0080.jpg,Tomato,Tomato___Bacterial_spot,28004,1831,6.538351664047994,LOW,12.7945,-6.256148335952005,6.256148335952005,E:\smart_agriculture\smart_agriculture\ai\severity\dataset\human_gt_120\masks\084_Tomato___Bacterial_spot_Tomato___Bacterial_spot_0080_leaf.png,E:\smart_agriculture\smart_agriculture\ai\severity\dataset\human_gt_120\masks\084_Tomato___Bacterial_spot_Tomato___Bacterial_spot_0080_disease.png,E:\smart_agriculture\smart_agriculture\ai\severity\dataset\human_gt_120\overlays\084_Tomato___Bacterial_spot_Tomato___Bacterial_spot_0080_overlay.jpg
085_Tomato___Bacterial_spot_Tomato___Bacterial_spot_0071.json,085_Tomato___Bacterial_spot_Tomato___Bacterial_spot_0071.jpg,Tomato,Tomato___Bacterial_spot,18351,4105,22.369353168764643,MEDIUM,20.4826,1.886753168764642,1.886753168764642,E:\smart_agriculture\smart_agriculture\ai\severity\dataset\human_gt_120\masks\085_Tomato___Bacterial_spot_Tomato___Bacterial_spot_0071_leaf.png,E:\smart_agriculture\smart_agriculture\ai\severity\dataset\human_gt_120\masks\085_Tomato___Bacterial_spot_Tomato___Bacterial_spot_0071_disease.png,E:\smart_agriculture\smart_agriculture\ai\severity\dataset\human_gt_120\overlays\085_Tomato___Bacterial_spot_Tomato___Bacterial_spot_0071_overlay.jpg
086_Tomato___Bacterial_spot_Tomato___Bacterial_spot_0133.json,086_Tomato___Bacterial_spot_Tomato___Bacterial_spot_0133.jpg,Tomato,Tomato___Bacterial_spot,25203,7205,28.587866523826527,MEDIUM,32.6828,-4.094933476173473,4.094933476173473,E:\smart_agriculture\smart_agriculture\ai\severity\dataset\human_gt_120\masks\086_Tomato___Bacterial_spot_Tomato___Bacterial_spot_0133_leaf.png,E:\smart_agriculture\smart_agriculture\ai\severity\dataset\human_gt_120\masks\086_Tomato___Bacterial_spot_Tomato___Bacterial_spot_0133_disease.png,E:\smart_agriculture\smart_agriculture\ai\severity\dataset\human_gt_120\overlays\086_Tomato___Bacterial_spot_Tomato___Bacterial_spot_0133_overlay.jpg
087_Tomato___Bacterial_spot_Tomato___Bacterial_spot_0042.json,087_Tomato___Bacterial_spot_Tomato___Bacterial_spot_0042.jpg,Tomato,Tomato___Bacterial_spot,23203,3636,15.67038744989872,MEDIUM,35.6796,-20.00921255010128,20.00921255010128,E:\smart_agriculture\smart_agriculture\ai\severity\dataset\human_gt_120\masks\087_Tomato___Bacterial_spot_Tomato___Bacterial_spot_0042_leaf.png,E:\smart_agriculture\smart_agriculture\ai\severity\dataset\human_gt_120\masks\087_Tomato___Bacterial_spot_Tomato___Bacterial_spot_0042_disease.png,E:\smart_agriculture\smart_agriculture\ai\severity\dataset\human_gt_120\overlays\087_Tomato___Bacterial_spot_Tomato___Bacterial_spot_0042_overlay.jpg
088_Tomato___Bacterial_spot_Tomato___Bacterial_spot_0216.json,088_Tomato___Bacterial_spot_Tomato___Bacterial_spot_0216.jpg,Tomato,Tomato___Bacterial_spot,28901,1995,6.902875333033459,LOW,38.7299,-31.82702466696654,31.82702466696654,E:\smart_agriculture\smart_agriculture\ai\severity\dataset\human_gt_120\masks\088_Tomato___Bacterial_spot_Tomato___Bacterial_spot_0216_leaf.png,E:\smart_agriculture\smart_agriculture\ai\severity\dataset\human_gt_120\masks\088_Tomato___Bacterial_spot_Tomato___Bacterial_spot_0216_disease.png,E:\smart_agriculture\smart_agriculture\ai\severity\dataset\human_gt_120\overlays\088_Tomato___Bacterial_spot_Tomato___Bacterial_spot_0216_overlay.jpg
089_Tomato___Bacterial_spot_Tomato___Bacterial_spot_0128.json,089_Tomato___Bacterial_spot_Tomato___Bacterial_spot_0128.jpg,Tomato,Tomato___Bacterial_spot,30341,3845,12.672621205629348,MEDIUM,41.4261,-28.75347879437065,28.75347879437065,E:\smart_agriculture\smart_agriculture\ai\severity\dataset\human_gt_120\masks\089_Tomato___Bacterial_spot_Tomato___Bacterial_spot_0128_leaf.png,E:\smart_agriculture\smart_agriculture\ai\severity\dataset\human_gt_120\masks\089_Tomato___Bacterial_spot_Tomato___Bacterial_spot_0128_disease.png,E:\smart_agriculture\smart_agriculture\ai\severity\dataset\human_gt_120\overlays\089_Tomato___Bacterial_spot_Tomato___Bacterial_spot_0128_overlay.jpg
090_Tomato___Bacterial_spot_Tomato___Bacterial_spot_0098.json,090_Tomato___Bacterial_spot_Tomato___Bacterial_spot_0098.jpg,Tomato,Tomato___Bacterial_spot,33162,7269,21.91966708883662,MEDIUM,44.9921,-23.072432911163382,23.072432911163382,E:\smart_agriculture\smart_agriculture\ai\severity\dataset\human_gt_120\masks\090_Tomato___Bacterial_spot_Tomato___Bacterial_spot_0098_leaf.png,E:\smart_agriculture\smart_agriculture\ai\severity\dataset\human_gt_120\masks\090_Tomato___Bacterial_spot_Tomato___Bacterial_spot_0098_disease.png,E:\smart_agriculture\smart_agriculture\ai\severity\dataset\human_gt_120\overlays\090_Tomato___Bacterial_spot_Tomato___Bacterial_spot_0098_overlay.jpg
091_Tomato___Early_blight_Tomato___Early_blight_0152.json,091_Tomato___Early_blight_Tomato___Early_blight_0152.jpg,Tomato,Tomato___Early_blight,26503,5751,21.699430253178885,MEDIUM,0.1244,21.575030253178884,21.575030253178884,E:\smart_agriculture\smart_agriculture\ai\severity\dataset\human_gt_120\masks\091_Tomato___Early_blight_Tomato___Early_blight_0152_leaf.png,E:\smart_agriculture\smart_agriculture\ai\severity\dataset\human_gt_120\masks\091_Tomato___Early_blight_Tomato___Early_blight_0152_disease.png,E:\smart_agriculture\smart_agriculture\ai\severity\dataset\human_gt_120\overlays\091_Tomato___Early_blight_Tomato___Early_blight_0152_overlay.jpg
092_Tomato___Early_blight_Tomato___Early_blight_0178.json,092_Tomato___Early_blight_Tomato___Early_blight_0178.jpg,Tomato,Tomato___Early_blight,27011,15988,59.190700085150496,HIGH,3.3543,55.836400085150494,55.836400085150494,E:\smart_agriculture\smart_agriculture\ai\severity\dataset\human_gt_120\masks\092_Tomato___Early_blight_Tomato___Early_blight_0178_leaf.png,E:\smart_agriculture\smart_agriculture\ai\severity\dataset\human_gt_120\masks\092_Tomato___Early_blight_Tomato___Early_blight_0178_disease.png,E:\smart_agriculture\smart_agriculture\ai\severity\dataset\human_gt_120\overlays\092_Tomato___Early_blight_Tomato___Early_blight_0178_overlay.jpg
093_Tomato___Early_blight_Tomato___Early_blight_0019.json,093_Tomato___Early_blight_Tomato___Early_blight_0019.jpg,Tomato,Tomato___Early_blight,21299,6244,29.31593032536739,MEDIUM,5.9652,23.35073032536739,23.35073032536739,E:\smart_agriculture\smart_agriculture\ai\severity\dataset\human_gt_120\masks\093_Tomato___Early_blight_Tomato___Early_blight_0019_leaf.png,E:\smart_agriculture\smart_agriculture\ai\severity\dataset\human_gt_120\masks\093_Tomato___Early_blight_Tomato___Early_blight_0019_disease.png,E:\smart_agriculture\smart_agriculture\ai\severity\dataset\human_gt_120\overlays\093_Tomato___Early_blight_Tomato___Early_blight_0019_overlay.jpg
094_Tomato___Early_blight_Tomato___Early_blight_0090.json,094_Tomato___Early_blight_Tomato___Early_blight_0090.jpg,Tomato,Tomato___Early_blight,25597,11145,43.5402586240575,HIGH,11.8217,31.7185586240575,31.7185586240575,E:\smart_agriculture\smart_agriculture\ai\severity\dataset\human_gt_120\masks\094_Tomato___Early_blight_Tomato___Early_blight_0090_leaf.png,E:\smart_agriculture\smart_agriculture\ai\severity\dataset\human_gt_120\masks\094_Tomato___Early_blight_Tomato___Early_blight_0090_disease.png,E:\smart_agriculture\smart_agriculture\ai\severity\dataset\human_gt_120\overlays\094_Tomato___Early_blight_Tomato___Early_blight_0090_overlay.jpg
095_Tomato___Early_blight_Tomato___Early_blight_0238.json,095_Tomato___Early_blight_Tomato___Early_blight_0238.jpg,Tomato,Tomato___Early_blight,32299,1153,3.569769961918326,LOW,19.2445,-15.674730038081673,15.674730038081673,E:\smart_agriculture\smart_agriculture\ai\severity\dataset\human_gt_120\masks\095_Tomato___Early_blight_Tomato___Early_blight_0238_leaf.png,E:\smart_agriculture\smart_agriculture\ai\severity\dataset\human_gt_120\masks\095_Tomato___Early_blight_Tomato___Early_blight_0238_disease.png,E:\smart_agriculture\smart_agriculture\ai\severity\dataset\human_gt_120\overlays\095_Tomato___Early_blight_Tomato___Early_blight_0238_overlay.jpg
096_Tomato___Early_blight_Tomato___Early_blight_0231.json,096_Tomato___Early_blight_Tomato___Early_blight_0231.jpg,Tomato,Tomato___Early_blight,21214,2819,13.288394456490996,MEDIUM,27.6199,-14.331505543509005,14.331505543509005,E:\smart_agriculture\smart_agriculture\ai\severity\dataset\human_gt_120\masks\096_Tomato___Early_blight_Tomato___Early_blight_0231_leaf.png,E:\smart_agriculture\smart_agriculture\ai\severity\dataset\human_gt_120\masks\096_Tomato___Early_blight_Tomato___Early_blight_0231_disease.png,E:\smart_agriculture\smart_agriculture\ai\severity\dataset\human_gt_120\overlays\096_Tomato___Early_blight_Tomato___Early_blight_0231_overlay.jpg
097_Tomato___Early_blight_Tomato___Early_blight_0031.json,097_Tomato___Early_blight_Tomato___Early_blight_0031.jpg,Tomato,Tomato___Early_blight,26037,10659,40.937896070975924,HIGH,32.9605,7.977396070975921,7.977396070975921,E:\smart_agriculture\smart_agriculture\ai\severity\dataset\human_gt_120\masks\097_Tomato___Early_blight_Tomato___Early_blight_0031_leaf.png,E:\smart_agriculture\smart_agriculture\ai\severity\dataset\human_gt_120\masks\097_Tomato___Early_blight_Tomato___Early_blight_0031_disease.png,E:\smart_agriculture\smart_agriculture\ai\severity\dataset\human_gt_120\overlays\097_Tomato___Early_blight_Tomato___Early_blight_0031_overlay.jpg
098_Tomato___Early_blight_Tomato___Early_blight_0132.json,098_Tomato___Early_blight_Tomato___Early_blight_0132.jpg,Tomato,Tomato___Early_blight,23433,1690,7.212051380531729,LOW,36.9644,-29.75234861946827,29.75234861946827,E:\smart_agriculture\smart_agriculture\ai\severity\dataset\human_gt_120\masks\098_Tomato___Early_blight_Tomato___Early_blight_0132_leaf.png,E:\smart_agriculture\smart_agriculture\ai\severity\dataset\human_gt_120\masks\098_Tomato___Early_blight_Tomato___Early_blight_0132_disease.png,E:\smart_agriculture\smart_agriculture\ai\severity\dataset\human_gt_120\overlays\098_Tomato___Early_blight_Tomato___Early_blight_0132_overlay.jpg
099_Tomato___Early_blight_Tomato___Early_blight_0138.json,099_Tomato___Early_blight_Tomato___Early_blight_0138.jpg,Tomato,Tomato___Early_blight,26834,1337,4.982484907207274,LOW,40.1585,-35.176015092792724,35.176015092792724,E:\smart_agriculture\smart_agriculture\ai\severity\dataset\human_gt_120\masks\099_Tomato___Early_blight_Tomato___Early_blight_0138_leaf.png,E:\smart_agriculture\smart_agriculture\ai\severity\dataset\human_gt_120\masks\099_Tomato___Early_blight_Tomato___Early_blight_0138_disease.png,E:\smart_agriculture\smart_agriculture\ai\severity\dataset\human_gt_120\overlays\099_Tomato___Early_blight_Tomato___Early_blight_0138_overlay.jpg
100_Tomato___Early_blight_Tomato___Early_blight_0206.json,100_Tomato___Early_blight_Tomato___Early_blight_0206.jpg,Tomato,Tomato___Early_blight,33899,12337,36.393403935219325,MEDIUM,44.8578,-8.464396064780672,8.464396064780672,E:\smart_agriculture\smart_agriculture\ai\severity\dataset\human_gt_120\masks\100_Tomato___Early_blight_Tomato___Early_blight_0206_leaf.png,E:\smart_agriculture\smart_agriculture\ai\severity\dataset\human_gt_120\masks\100_Tomato___Early_blight_Tomato___Early_blight_0206_disease.png,E:\smart_agriculture\smart_agriculture\ai\severity\dataset\human_gt_120\overlays\100_Tomato___Early_blight_Tomato___Early_blight_0206_overlay.jpg
101_Tomato___Late_blight_Tomato___Late_blight_0173.json,101_Tomato___Late_blight_Tomato___Late_blight_0173.jpg,Tomato,Tomato___Late_blight,33538,4021,11.989385175025344,MEDIUM,0.229,11.760385175025345,11.760385175025345,E:\smart_agriculture\smart_agriculture\ai\severity\dataset\human_gt_120\masks\101_Tomato___Late_blight_Tomato___Late_blight_0173_leaf.png,E:\smart_agriculture\smart_agriculture\ai\severity\dataset\human_gt_120\masks\101_Tomato___Late_blight_Tomato___Late_blight_0173_disease.png,E:\smart_agriculture\smart_agriculture\ai\severity\dataset\human_gt_120\overlays\101_Tomato___Late_blight_Tomato___Late_blight_0173_overlay.jpg
102_Tomato___Late_blight_Tomato___Late_blight_0208.json,102_Tomato___Late_blight_Tomato___Late_blight_0208.jpg,Tomato,Tomato___Late_blight,16121,10725,66.52813100924261,SEVERE,5.8701,60.65803100924261,60.65803100924261,E:\smart_agriculture\smart_agriculture\ai\severity\dataset\human_gt_120\masks\102_Tomato___Late_blight_Tomato___Late_blight_0208_leaf.png,E:\smart_agriculture\smart_agriculture\ai\severity\dataset\human_gt_120\masks\102_Tomato___Late_blight_Tomato___Late_blight_0208_disease.png,E:\smart_agriculture\smart_agriculture\ai\severity\dataset\human_gt_120\overlays\102_Tomato___Late_blight_Tomato___Late_blight_0208_overlay.jpg
103_Tomato___Late_blight_Tomato___Late_blight_0000.json,103_Tomato___Late_blight_Tomato___Late_blight_0000.jpg,Tomato,Tomato___Late_blight,31971,8421,26.339495167495542,MEDIUM,11.0114,15.328095167495542,15.328095167495542,E:\smart_agriculture\smart_agriculture\ai\severity\dataset\human_gt_120\masks\103_Tomato___Late_blight_Tomato___Late_blight_0000_leaf.png,E:\smart_agriculture\smart_agriculture\ai\severity\dataset\human_gt_120\masks\103_Tomato___Late_blight_Tomato___Late_blight_0000_disease.png,E:\smart_agriculture\smart_agriculture\ai\severity\dataset\human_gt_120\overlays\103_Tomato___Late_blight_Tomato___Late_blight_0000_overlay.jpg
104_Tomato___Late_blight_Tomato___Late_blight_0183.json,104_Tomato___Late_blight_Tomato___Late_blight_0183.jpg,Tomato,Tomato___Late_blight,12271,6597,53.76089968217749,HIGH,16.5878,37.17309968217749,37.17309968217749,E:\smart_agriculture\smart_agriculture\ai\severity\dataset\human_gt_120\masks\104_Tomato___Late_blight_Tomato___Late_blight_0183_leaf.png,E:\smart_agriculture\smart_agriculture\ai\severity\dataset\human_gt_120\masks\104_Tomato___Late_blight_Tomato___Late_blight_0183_disease.png,E:\smart_agriculture\smart_agriculture\ai\severity\dataset\human_gt_120\overlays\104_Tomato___Late_blight_Tomato___Late_blight_0183_overlay.jpg
105_Tomato___Late_blight_Tomato___Late_blight_0244.json,105_Tomato___Late_blight_Tomato___Late_blight_0244.jpg,Tomato,Tomato___Late_blight,23589,4473,18.962228157191912,MEDIUM,21.9382,-2.975971842808086,2.975971842808086,E:\smart_agriculture\smart_agriculture\ai\severity\dataset\human_gt_120\masks\105_Tomato___Late_blight_Tomato___Late_blight_0244_leaf.png,E:\smart_agriculture\smart_agriculture\ai\severity\dataset\human_gt_120\masks\105_Tomato___Late_blight_Tomato___Late_blight_0244_disease.png,E:\smart_agriculture\smart_agriculture\ai\severity\dataset\human_gt_120\overlays\105_Tomato___Late_blight_Tomato___Late_blight_0244_overlay.jpg
106_Tomato___Late_blight_Tomato___Late_blight_0008.json,106_Tomato___Late_blight_Tomato___Late_blight_0008.jpg,Tomato,Tomato___Late_blight,9896,5668,57.27566693613581,HIGH,29.2908,27.984866936135813,27.984866936135813,E:\smart_agriculture\smart_agriculture\ai\severity\dataset\human_gt_120\masks\106_Tomato___Late_blight_Tomato___Late_blight_0008_leaf.png,E:\smart_agriculture\smart_agriculture\ai\severity\dataset\human_gt_120\masks\106_Tomato___Late_blight_Tomato___Late_blight_0008_disease.png,E:\smart_agriculture\smart_agriculture\ai\severity\dataset\human_gt_120\overlays\106_Tomato___Late_blight_Tomato___Late_blight_0008_overlay.jpg
107_Tomato___Late_blight_Tomato___Late_blight_0017.json,107_Tomato___Late_blight_Tomato___Late_blight_0017.jpg,Tomato,Tomato___Late_blight,40685,17480,42.964237433943715,HIGH,32.8217,10.142537433943716,10.142537433943716,E:\smart_agriculture\smart_agriculture\ai\severity\dataset\human_gt_120\masks\107_Tomato___Late_blight_Tomato___Late_blight_0017_leaf.png,E:\smart_agriculture\smart_agriculture\ai\severity\dataset\human_gt_120\masks\107_Tomato___Late_blight_Tomato___Late_blight_0017_disease.png,E:\smart_agriculture\smart_agriculture\ai\severity\dataset\human_gt_120\overlays\107_Tomato___Late_blight_Tomato___Late_blight_0017_overlay.jpg
108_Tomato___Late_blight_Tomato___Late_blight_0162.json,108_Tomato___Late_blight_Tomato___Late_blight_0162.jpg,Tomato,Tomato___Late_blight,25187,20707,82.21304641283201,SEVERE,36.5448,45.66824641283201,45.66824641283201,E:\smart_agriculture\smart_agriculture\ai\severity\dataset\human_gt_120\masks\108_Tomato___Late_blight_Tomato___Late_blight_0162_leaf.png,E:\smart_agriculture\smart_agriculture\ai\severity\dataset\human_gt_120\masks\108_Tomato___Late_blight_Tomato___Late_blight_0162_disease.png,E:\smart_agriculture\smart_agriculture\ai\severity\dataset\human_gt_120\overlays\108_Tomato___Late_blight_Tomato___Late_blight_0162_overlay.jpg
109_Tomato___Late_blight_Tomato___Late_blight_0011.json,109_Tomato___Late_blight_Tomato___Late_blight_0011.jpg,Tomato,Tomato___Late_blight,14925,4915,32.93132328308207,MEDIUM,40.4522,-7.520876716917925,7.520876716917925,E:\smart_agriculture\smart_agriculture\ai\severity\dataset\human_gt_120\masks\109_Tomato___Late_blight_Tomato___Late_blight_0011_leaf.png,E:\smart_agriculture\smart_agriculture\ai\severity\dataset\human_gt_120\masks\109_Tomato___Late_blight_Tomato___Late_blight_0011_disease.png,E:\smart_agriculture\smart_agriculture\ai\severity\dataset\human_gt_120\overlays\109_Tomato___Late_blight_Tomato___Late_blight_0011_overlay.jpg
110_Tomato___Late_blight_Tomato___Late_blight_0193.json,110_Tomato___Late_blight_Tomato___Late_blight_0193.jpg,Tomato,Tomato___Late_blight,7155,1833,25.61844863731656,MEDIUM,44.7388,-19.120351362683436,19.120351362683436,E:\smart_agriculture\smart_agriculture\ai\severity\dataset\human_gt_120\masks\110_Tomato___Late_blight_Tomato___Late_blight_0193_leaf.png,E:\smart_agriculture\smart_agriculture\ai\severity\dataset\human_gt_120\masks\110_Tomato___Late_blight_Tomato___Late_blight_0193_disease.png,E:\smart_agriculture\smart_agriculture\ai\severity\dataset\human_gt_120\overlays\110_Tomato___Late_blight_Tomato___Late_blight_0193_overlay.jpg
111_Tomato___Leaf_Mold_Tomato___Leaf_Mold_0015.json,111_Tomato___Leaf_Mold_Tomato___Leaf_Mold_0015.jpg,Tomato,Tomato___Leaf_Mold,16197,1846,11.397172315860962,MEDIUM,0.385,11.012172315860962,11.012172315860962,E:\smart_agriculture\smart_agriculture\ai\severity\dataset\human_gt_120\masks\111_Tomato___Leaf_Mold_Tomato___Leaf_Mold_0015_leaf.png,E:\smart_agriculture\smart_agriculture\ai\severity\dataset\human_gt_120\masks\111_Tomato___Leaf_Mold_Tomato___Leaf_Mold_0015_disease.png,E:\smart_agriculture\smart_agriculture\ai\severity\dataset\human_gt_120\overlays\111_Tomato___Leaf_Mold_Tomato___Leaf_Mold_0015_overlay.jpg
112_Tomato___Leaf_Mold_Tomato___Leaf_Mold_0166.json,112_Tomato___Leaf_Mold_Tomato___Leaf_Mold_0166.jpg,Tomato,Tomato___Leaf_Mold,18860,6888,36.52173913043478,MEDIUM,4.1772,32.34453913043478,32.34453913043478,E:\smart_agriculture\smart_agriculture\ai\severity\dataset\human_gt_120\masks\112_Tomato___Leaf_Mold_Tomato___Leaf_Mold_0166_leaf.png,E:\smart_agriculture\smart_agriculture\ai\severity\dataset\human_gt_120\masks\112_Tomato___Leaf_Mold_Tomato___Leaf_Mold_0166_disease.png,E:\smart_agriculture\smart_agriculture\ai\severity\dataset\human_gt_120\overlays\112_Tomato___Leaf_Mold_Tomato___Leaf_Mold_0166_overlay.jpg
113_Tomato___Leaf_Mold_Tomato___Leaf_Mold_0138.json,113_Tomato___Leaf_Mold_Tomato___Leaf_Mold_0138.jpg,Tomato,Tomato___Leaf_Mold,24621,14323,58.17391657528126,HIGH,7.387,50.78691657528126,50.78691657528126,E:\smart_agriculture\smart_agriculture\ai\severity\dataset\human_gt_120\masks\113_Tomato___Leaf_Mold_Tomato___Leaf_Mold_0138_leaf.png,E:\smart_agriculture\smart_agriculture\ai\severity\dataset\human_gt_120\masks\113_Tomato___Leaf_Mold_Tomato___Leaf_Mold_0138_disease.png,E:\smart_agriculture\smart_agriculture\ai\severity\dataset\human_gt_120\overlays\113_Tomato___Leaf_Mold_Tomato___Leaf_Mold_0138_overlay.jpg
114_Tomato___Leaf_Mold_Tomato___Leaf_Mold_0076.json,114_Tomato___Leaf_Mold_Tomato___Leaf_Mold_0076.jpg,Tomato,Tomato___Leaf_Mold,26147,6638,25.387233717061232,MEDIUM,14.4069,10.980333717061232,10.980333717061232,E:\smart_agriculture\smart_agriculture\ai\severity\dataset\human_gt_120\masks\114_Tomato___Leaf_Mold_Tomato___Leaf_Mold_0076_leaf.png,E:\smart_agriculture\smart_agriculture\ai\severity\dataset\human_gt_120\masks\114_Tomato___Leaf_Mold_Tomato___Leaf_Mold_0076_disease.png,E:\smart_agriculture\smart_agriculture\ai\severity\dataset\human_gt_120\overlays\114_Tomato___Leaf_Mold_Tomato___Leaf_Mold_0076_overlay.jpg
115_Tomato___Leaf_Mold_Tomato___Leaf_Mold_0194.json,115_Tomato___Leaf_Mold_Tomato___Leaf_Mold_0194.jpg,Tomato,Tomato___Leaf_Mold,14894,3900,26.1850409560897,MEDIUM,21.5088,4.6762409560897,4.6762409560897,E:\smart_agriculture\smart_agriculture\ai\severity\dataset\human_gt_120\masks\115_Tomato___Leaf_Mold_Tomato___Leaf_Mold_0194_leaf.png,E:\smart_agriculture\smart_agriculture\ai\severity\dataset\human_gt_120\masks\115_Tomato___Leaf_Mold_Tomato___Leaf_Mold_0194_disease.png,E:\smart_agriculture\smart_agriculture\ai\severity\dataset\human_gt_120\overlays\115_Tomato___Leaf_Mold_Tomato___Leaf_Mold_0194_overlay.jpg
116_Tomato___Leaf_Mold_Tomato___Leaf_Mold_0124.json,116_Tomato___Leaf_Mold_Tomato___Leaf_Mold_0124.jpg,Tomato,Tomato___Leaf_Mold,22485,4307,19.154992217033577,MEDIUM,25.6639,-6.508907782966425,6.508907782966425,E:\smart_agriculture\smart_agriculture\ai\severity\dataset\human_gt_120\masks\116_Tomato___Leaf_Mold_Tomato___Leaf_Mold_0124_leaf.png,E:\smart_agriculture\smart_agriculture\ai\severity\dataset\human_gt_120\masks\116_Tomato___Leaf_Mold_Tomato___Leaf_Mold_0124_disease.png,E:\smart_agriculture\smart_agriculture\ai\severity\dataset\human_gt_120\overlays\116_Tomato___Leaf_Mold_Tomato___Leaf_Mold_0124_overlay.jpg
117_Tomato___Leaf_Mold_Tomato___Leaf_Mold_0119.json,117_Tomato___Leaf_Mold_Tomato___Leaf_Mold_0119.jpg,Tomato,Tomato___Leaf_Mold,19774,4009,20.27409729948417,MEDIUM,29.9469,-9.672802700515831,9.672802700515831,E:\smart_agriculture\smart_agriculture\ai\severity\dataset\human_gt_120\masks\117_Tomato___Leaf_Mold_Tomato___Leaf_Mold_0119_leaf.png,E:\smart_agriculture\smart_agriculture\ai\severity\dataset\human_gt_120\masks\117_Tomato___Leaf_Mold_Tomato___Leaf_Mold_0119_disease.png,E:\smart_agriculture\smart_agriculture\ai\severity\dataset\human_gt_120\overlays\117_Tomato___Leaf_Mold_Tomato___Leaf_Mold_0119_overlay.jpg
118_Tomato___Leaf_Mold_Tomato___Leaf_Mold_0059.json,118_Tomato___Leaf_Mold_Tomato___Leaf_Mold_0059.jpg,Tomato,Tomato___Leaf_Mold,21923,8105,36.97030515896547,MEDIUM,32.3302,4.640105158965476,4.640105158965476,E:\smart_agriculture\smart_agriculture\ai\severity\dataset\human_gt_120\masks\118_Tomato___Leaf_Mold_Tomato___Leaf_Mold_0059_leaf.png,E:\smart_agriculture\smart_agriculture\ai\severity\dataset\human_gt_120\masks\118_Tomato___Leaf_Mold_Tomato___Leaf_Mold_0059_disease.png,E:\smart_agriculture\smart_agriculture\ai\severity\dataset\human_gt_120\overlays\118_Tomato___Leaf_Mold_Tomato___Leaf_Mold_0059_overlay.jpg
119_Tomato___Leaf_Mold_Tomato___Leaf_Mold_0248.json,119_Tomato___Leaf_Mold_Tomato___Leaf_Mold_0248.jpg,Tomato,Tomato___Leaf_Mold,11630,3870,33.27601031814274,MEDIUM,41.5222,-8.24618968185726,8.24618968185726,E:\smart_agriculture\smart_agriculture\ai\severity\dataset\human_gt_120\masks\119_Tomato___Leaf_Mold_Tomato___Leaf_Mold_0248_leaf.png,E:\smart_agriculture\smart_agriculture\ai\severity\dataset\human_gt_120\masks\119_Tomato___Leaf_Mold_Tomato___Leaf_Mold_0248_disease.png,E:\smart_agriculture\smart_agriculture\ai\severity\dataset\human_gt_120\overlays\119_Tomato___Leaf_Mold_Tomato___Leaf_Mold_0248_overlay.jpg
120_Tomato___Leaf_Mold_Tomato___Leaf_Mold_0107.json,120_Tomato___Leaf_Mold_Tomato___Leaf_Mold_0107.jpg,Tomato,Tomato___Leaf_Mold,23890,9044,37.85684386772708,MEDIUM,44.4513,-6.594456132272924,6.594456132272924,E:\smart_agriculture\smart_agriculture\ai\severity\dataset\human_gt_120\masks\120_Tomato___Leaf_Mold_Tomato___Leaf_Mold_0107_leaf.png,E:\smart_agriculture\smart_agriculture\ai\severity\dataset\human_gt_120\masks\120_Tomato___Leaf_Mold_Tomato___Leaf_Mold_0107_disease.png,E:\smart_agriculture\smart_agriculture\ai\severity\dataset\human_gt_120\overlays\120_Tomato___Leaf_Mold_Tomato___Leaf_Mold_0107_overlay.jpg
