disease,samples,human_mean,human_median,human_min,human_max,sam2_mae,sam2_rmse,correlation
Apple___Apple_scab,10,8.323338042628526,5.926428357307247,2.8384279475982535,19.320979655306466,18.215298694062938,21.73007213387972,0.1108899050431227
Apple___Black_rot,10,2.456816864113844,1.7282562178408987,0.4253321991141357,6.387852608154984,23.389153135886158,26.64409106101907,-0.11286145926992604
Apple___Cedar_apple_rust,10,12.152824897146493,10.048526999611425,1.9888460592143034,28.788385629223257,17.433958803530306,19.797245833194207,0.3234868692802494
Corn_(maize)___Cercospora_leaf_spot Gray_leaf_spot,10,21.815836935311392,16.24947726813618,1.2018652949377433,54.43201719471422,15.908470747855768,20.971363781540024,0.3429735645223817
Corn_(maize)___Common_rust_,10,41.16762440412223,38.26681794526486,14.73597825250686,82.18811466159353,27.88081946773366,37.336864498948394,-0.173027706447757
Corn_(maize)___Northern_Leaf_Blight,10,31.174379554981073,28.045395152050638,11.76960889078863,55.75366184660021,20.59272451499195,26.492268042847126,-0.37106508564187496
Potato___Early_blight,9,24.05429058352213,22.060502283105023,7.846871101188523,70.31813331025928,25.242984293874073,30.62190596616852,-0.47355896405251985
Potato___Late_blight,10,28.28111735055429,27.44890081453015,7.056525800334003,53.823435867145264,23.18174354562114,26.294992020699656,-0.3793088660441215
Tomato___Bacterial_spot,10,16.3585817239886,15.277143379785146,4.734147890744684,29.306647605432453,15.869808292785132,19.53064449786697,0.047515831200619564
Tomato___Early_blight,10,26.01303200000978,25.50768028927314,3.569769961918326,59.190700085150496,24.38571107173625,28.006137578606236,-0.3674978968887556
Tomato___Late_blight,10,41.8582861894443,37.947780358512894,11.989385175025344,82.21304641283201,23.8332461739262,29.72728314447211,0.17309556965300105
Tomato___Leaf_Mold,10,30.5197351556081,29.73052563711622,11.397172315860962,58.17391657528126,14.546266415130589,20.391491040045672,0.058141720425030755
