id,new_filename,image_path,original_filename,original_image_path,plant,disease,sam2_severity,selection_rank,human_annotation_status,human_severity,human_leaf_mask,human_disease_mask
1,001_Apple___Apple_scab_Apple___Apple_scab_0087.jpg,E:\smart_agriculture\smart_agriculture\ai\severity\dataset\human_gt_120\images\001_Apple___Apple_scab_Apple___Apple_scab_0087.jpg,Apple___Apple_scab_0087.jpg,E:\smart_agriculture\smart_agriculture\ai\severity\dataset\general_3000\images\Apple___Apple_scab\Apple___Apple_scab_0087.jpg,Apple,Apple___Apple_scab,0.4639,1,NOT_ANNOTATED,,,
2,002_Apple___Apple_scab_Apple___Apple_scab_0221.jpg,E:\smart_agriculture\smart_agriculture\ai\severity\dataset\human_gt_120\images\002_Apple___Apple_scab_Apple___Apple_scab_0221.jpg,Apple___Apple_scab_0221.jpg,E:\smart_agriculture\smart_agriculture\ai\severity\dataset\general_3000\images\Apple___Apple_scab\Apple___Apple_scab_0221.jpg,Apple,Apple___Apple_scab,5.1083,2,NOT_ANNOTATED,,,
3,003_Apple___Apple_scab_Apple___Apple_scab_0076.jpg,E:\smart_agriculture\smart_agriculture\ai\severity\dataset\human_gt_120\images\003_Apple___Apple_scab_Apple___Apple_scab_0076.jpg,Apple___Apple_scab_0076.jpg,E:\smart_agriculture\smart_agriculture\ai\severity\dataset\general_3000\images\Apple___Apple_scab\Apple___Apple_scab_0076.jpg,Apple,Apple___Apple_scab,10.1913,3,NOT_ANNOTATED,,,
4,004_Apple___Apple_scab_Apple___Apple_scab_0203.jpg,E:\smart_agriculture\smart_agriculture\ai\severity\dataset\human_gt_120\images\004_Apple___Apple_scab_Apple___Apple_scab_0203.jpg,Apple___Apple_scab_0203.jpg,E:\smart_agriculture\smart_agriculture\ai\severity\dataset\general_3000\images\Apple___Apple_scab\Apple___Apple_scab_0203.jpg,Apple,Apple___Apple_scab,15.5676,4,NOT_ANNOTATED,,,
5,005_Apple___Apple_scab_Apple___Apple_scab_0036.jpg,E:\smart_agriculture\smart_agriculture\ai\severity\dataset\human_gt_120\images\005_Apple___Apple_scab_Apple___Apple_scab_0036.jpg,Apple___Apple_scab_0036.jpg,E:\smart_agriculture\smart_agriculture\ai\severity\dataset\general_3000\images\Apple___Apple_scab\Apple___Apple_scab_0036.jpg,Apple,Apple___Apple_scab,21.3901,5,NOT_ANNOTATED,,,
6,006_Apple___Apple_scab_Apple___Apple_scab_0222.jpg,E:\smart_agriculture\smart_agriculture\ai\severity\dataset\human_gt_120\images\006_Apple___Apple_scab_Apple___Apple_scab_0222.jpg,Apple___Apple_scab_0222.jpg,E:\smart_agriculture\smart_agriculture\ai\severity\dataset\general_3000\images\Apple___Apple_scab\Apple___Apple_scab_0222.jpg,Apple,Apple___Apple_scab,26.8868,6,NOT_ANNOTATED,,,
7,007_Apple___Apple_scab_Apple___Apple_scab_0128.jpg,E:\smart_agriculture\smart_agriculture\ai\severity\dataset\human_gt_120\images\007_Apple___Apple_scab_Apple___Apple_scab_0128.jpg,Apple___Apple_scab_0128.jpg,E:\smart_agriculture\smart_agriculture\ai\severity\dataset\general_3000\images\Apple___Apple_scab\Apple___Apple_scab_0128.jpg,Apple,Apple___Apple_scab,32.8546,7,NOT_ANNOTATED,,,
8,008_Apple___Apple_scab_Apple___Apple_scab_0072.jpg,E:\smart_agriculture\smart_agriculture\ai\severity\dataset\human_gt_120\images\008_Apple___Apple_scab_Apple___Apple_scab_0072.jpg,Apple___Apple_scab_0072.jpg,E:\smart_agriculture\smart_agriculture\ai\severity\dataset\general_3000\images\Apple___Apple_scab\Apple___Apple_scab_0072.jpg,Apple,Apple___Apple_scab,38.1658,8,NOT_ANNOTATED,,,
9,009_Apple___Apple_scab_Apple___Apple_scab_0071.jpg,E:\smart_agriculture\smart_agriculture\ai\severity\dataset\human_gt_120\images\009_Apple___Apple_scab_Apple___Apple_scab_0071.jpg,Apple___Apple_scab_0071.jpg,E:\smart_agriculture\smart_agriculture\ai\severity\dataset\general_3000\images\Apple___Apple_scab\Apple___Apple_scab_0071.jpg,Apple,Apple___Apple_scab,42.0712,9,NOT_ANNOTATED,,,
10,010_Apple___Apple_scab_Apple___Apple_scab_0029.jpg,E:\smart_agriculture\smart_agriculture\ai\severity\dataset\human_gt_120\images\010_Apple___Apple_scab_Apple___Apple_scab_0029.jpg,Apple___Apple_scab_0029.jpg,E:\smart_agriculture\smart_agriculture\ai\severity\dataset\general_3000\images\Apple___Apple_scab\Apple___Apple_scab_0029.jpg,Apple,Apple___Apple_scab,44.9921,10,NOT_ANNOTATED,,,
11,011_Apple___Black_rot_Apple___Black_rot_0188.jpg,E:\smart_agriculture\smart_agriculture\ai\severity\dataset\human_gt_120\images\011_Apple___Black_rot_Apple___Black_rot_0188.jpg,Apple___Black_rot_0188.jpg,E:\smart_agriculture\smart_agriculture\ai\severity\dataset\general_3000\images\Apple___Black_rot\Apple___Black_rot_0188.jpg,Apple,Apple___Black_rot,0.5707,1,NOT_ANNOTATED,,,
12,012_Apple___Black_rot_Apple___Black_rot_0023.jpg,E:\smart_agriculture\smart_agriculture\ai\severity\dataset\human_gt_120\images\012_Apple___Black_rot_Apple___Black_rot_0023.jpg,Apple___Black_rot_0023.jpg,E:\smart_agriculture\smart_agriculture\ai\severity\dataset\general_3000\images\Apple___Black_rot\Apple___Black_rot_0023.jpg,Apple,Apple___Black_rot,12.5624,2,NOT_ANNOTATED,,,
13,013_Apple___Black_rot_Apple___Black_rot_0221.jpg,E:\smart_agriculture\smart_agriculture\ai\severity\dataset\human_gt_120\images\013_Apple___Black_rot_Apple___Black_rot_0221.jpg,Apple___Black_rot_0221.jpg,E:\smart_agriculture\smart_agriculture\ai\severity\dataset\general_3000\images\Apple___Black_rot\Apple___Black_rot_0221.jpg,Apple,Apple___Black_rot,17.3242,3,NOT_ANNOTATED,,,
14,014_Apple___Black_rot_Apple___Black_rot_0178.jpg,E:\smart_agriculture\smart_agriculture\ai\severity\dataset\human_gt_120\images\014_Apple___Black_rot_Apple___Black_rot_0178.jpg,Apple___Black_rot_0178.jpg,E:\smart_agriculture\smart_agriculture\ai\severity\dataset\general_3000\images\Apple___Black_rot\Apple___Black_rot_0178.jpg,Apple,Apple___Black_rot,23.0593,4,NOT_ANNOTATED,,,
15,015_Apple___Black_rot_Apple___Black_rot_0179.jpg,E:\smart_agriculture\smart_agriculture\ai\severity\dataset\human_gt_120\images\015_Apple___Black_rot_Apple___Black_rot_0179.jpg,Apple___Black_rot_0179.jpg,E:\smart_agriculture\smart_agriculture\ai\severity\dataset\general_3000\images\Apple___Black_rot\Apple___Black_rot_0179.jpg,Apple,Apple___Black_rot,26.0574,5,NOT_ANNOTATED,,,
16,016_Apple___Black_rot_Apple___Black_rot_0175.jpg,E:\smart_agriculture\smart_agriculture\ai\severity\dataset\human_gt_120\images\016_Apple___Black_rot_Apple___Black_rot_0175.jpg,Apple___Black_rot_0175.jpg,E:\smart_agriculture\smart_agriculture\ai\severity\dataset\general_3000\images\Apple___Black_rot\Apple___Black_rot_0175.jpg,Apple,Apple___Black_rot,29.2658,6,NOT_ANNOTATED,,,
17,017_Apple___Black_rot_Apple___Black_rot_0002.jpg,E:\smart_agriculture\smart_agriculture\ai\severity\dataset\human_gt_120\images\017_Apple___Black_rot_Apple___Black_rot_0002.jpg,Apple___Black_rot_0002.jpg,E:\smart_agriculture\smart_agriculture\ai\severity\dataset\general_3000\images\Apple___Black_rot\Apple___Black_rot_0002.jpg,Apple,Apple___Black_rot,32.0135,7,NOT_ANNOTATED,,,
18,018_Apple___Black_rot_Apple___Black_rot_0036.jpg,E:\smart_agriculture\smart_agriculture\ai\severity\dataset\human_gt_120\images\018_Apple___Black_rot_Apple___Black_rot_0036.jpg,Apple___Black_rot_0036.jpg,E:\smart_agriculture\smart_agriculture\ai\severity\dataset\general_3000\images\Apple___Black_rot\Apple___Black_rot_0036.jpg,Apple,Apple___Black_rot,34.2834,8,NOT_ANNOTATED,,,
19,019_Apple___Black_rot_Apple___Black_rot_0236.jpg,E:\smart_agriculture\smart_agriculture\ai\severity\dataset\human_gt_120\images\019_Apple___Black_rot_Apple___Black_rot_0236.jpg,Apple___Black_rot_0236.jpg,E:\smart_agriculture\smart_agriculture\ai\severity\dataset\general_3000\images\Apple___Black_rot\Apple___Black_rot_0236.jpg,Apple,Apple___Black_rot,38.3874,9,NOT_ANNOTATED,,,
20,020_Apple___Black_rot_Apple___Black_rot_0052.jpg,E:\smart_agriculture\smart_agriculture\ai\severity\dataset\human_gt_120\images\020_Apple___Black_rot_Apple___Black_rot_0052.jpg,Apple___Black_rot_0052.jpg,E:\smart_agriculture\smart_agriculture\ai\severity\dataset\general_3000\images\Apple___Black_rot\Apple___Black_rot_0052.jpg,Apple,Apple___Black_rot,44.9356,10,NOT_ANNOTATED,,,
21,021_Apple___Cedar_apple_rust_Apple___Cedar_apple_rust_0005.jpg,E:\smart_agriculture\smart_agriculture\ai\severity\dataset\human_gt_120\images\021_Apple___Cedar_apple_rust_Apple___Cedar_apple_rust_0005.jpg,Apple___Cedar_apple_rust_0005.jpg,E:\smart_agriculture\smart_agriculture\ai\severity\dataset\general_3000\images\Apple___Cedar_apple_rust\Apple___Cedar_apple_rust_0005.jpg,Apple,Apple___Cedar_apple_rust,0.1114,1,NOT_ANNOTATED,,,
22,022_Apple___Cedar_apple_rust_Apple___Cedar_apple_rust_0001.jpg,E:\smart_agriculture\smart_agriculture\ai\severity\dataset\human_gt_120\images\022_Apple___Cedar_apple_rust_Apple___Cedar_apple_rust_0001.jpg,Apple___Cedar_apple_rust_0001.jpg,E:\smart_agriculture\smart_agriculture\ai\severity\dataset\general_3000\images\Apple___Cedar_apple_rust\Apple___Cedar_apple_rust_0001.jpg,Apple,Apple___Cedar_apple_rust,9.1324,2,NOT_ANNOTATED,,,
23,023_Apple___Cedar_apple_rust_Apple___Cedar_apple_rust_0135.jpg,E:\smart_agriculture\smart_agriculture\ai\severity\dataset\human_gt_120\images\023_Apple___Cedar_apple_rust_Apple___Cedar_apple_rust_0135.jpg,Apple___Cedar_apple_rust_0135.jpg,E:\smart_agriculture\smart_agriculture\ai\severity\dataset\general_3000\images\Apple___Cedar_apple_rust\Apple___Cedar_apple_rust_0135.jpg,Apple,Apple___Cedar_apple_rust,23.3047,3,NOT_ANNOTATED,,,
24,024_Apple___Cedar_apple_rust_Apple___Cedar_apple_rust_0042.jpg,E:\smart_agriculture\smart_agriculture\ai\severity\dataset\human_gt_120\images\024_Apple___Cedar_apple_rust_Apple___Cedar_apple_rust_0042.jpg,Apple___Cedar_apple_rust_0042.jpg,E:\smart_agriculture\smart_agriculture\ai\severity\dataset\general_3000\images\Apple___Cedar_apple_rust\Apple___Cedar_apple_rust_0042.jpg,Apple,Apple___Cedar_apple_rust,26.6068,4,NOT_ANNOTATED,,,
25,025_Apple___Cedar_apple_rust_Apple___Cedar_apple_rust_0240.jpg,E:\smart_agriculture\smart_agriculture\ai\severity\dataset\human_gt_120\images\025_Apple___Cedar_apple_rust_Apple___Cedar_apple_rust_0240.jpg,Apple___Cedar_apple_rust_0240.jpg,E:\smart_agriculture\smart_agriculture\ai\severity\dataset\general_3000\images\Apple___Cedar_apple_rust\Apple___Cedar_apple_rust_0240.jpg,Apple,Apple___Cedar_apple_rust,28.2227,5,NOT_ANNOTATED,,,
26,026_Apple___Cedar_apple_rust_Apple___Cedar_apple_rust_0205.jpg,E:\smart_agriculture\smart_agriculture\ai\severity\dataset\human_gt_120\images\026_Apple___Cedar_apple_rust_Apple___Cedar_apple_rust_0205.jpg,Apple___Cedar_apple_rust_0205.jpg,E:\smart_agriculture\smart_agriculture\ai\severity\dataset\general_3000\images\Apple___Cedar_apple_rust\Apple___Cedar_apple_rust_0205.jpg,Apple,Apple___Cedar_apple_rust,31.0791,6,NOT_ANNOTATED,,,
27,027_Apple___Cedar_apple_rust_Apple___Cedar_apple_rust_0103.jpg,E:\smart_agriculture\smart_agriculture\ai\severity\dataset\human_gt_120\images\027_Apple___Cedar_apple_rust_Apple___Cedar_apple_rust_0103.jpg,Apple___Cedar_apple_rust_0103.jpg,E:\smart_agriculture\smart_agriculture\ai\severity\dataset\general_3000\images\Apple___Cedar_apple_rust\Apple___Cedar_apple_rust_0103.jpg,Apple,Apple___Cedar_apple_rust,33.0566,7,NOT_ANNOTATED,,,
28,028_Apple___Cedar_apple_rust_Apple___Cedar_apple_rust_0153.jpg,E:\smart_agriculture\smart_agriculture\ai\severity\dataset\human_gt_120\images\028_Apple___Cedar_apple_rust_Apple___Cedar_apple_rust_0153.jpg,Apple___Cedar_apple_rust_0153.jpg,E:\smart_agriculture\smart_agriculture\ai\severity\dataset\general_3000\images\Apple___Cedar_apple_rust\Apple___Cedar_apple_rust_0153.jpg,Apple,Apple___Cedar_apple_rust,35.8022,8,NOT_ANNOTATED,,,
29,029_Apple___Cedar_apple_rust_Apple___Cedar_apple_rust_0022.jpg,E:\smart_agriculture\smart_agriculture\ai\severity\dataset\human_gt_120\images\029_Apple___Cedar_apple_rust_Apple___Cedar_apple_rust_0022.jpg,Apple___Cedar_apple_rust_0022.jpg,E:\smart_agriculture\smart_agriculture\ai\severity\dataset\general_3000\images\Apple___Cedar_apple_rust\Apple___Cedar_apple_rust_0022.jpg,Apple,Apple___Cedar_apple_rust,39.7049,9,NOT_ANNOTATED,,,
30,030_Apple___Cedar_apple_rust_Apple___Cedar_apple_rust_0093.jpg,E:\smart_agriculture\smart_agriculture\ai\severity\dataset\human_gt_120\images\030_Apple___Cedar_apple_rust_Apple___Cedar_apple_rust_0093.jpg,Apple___Cedar_apple_rust_0093.jpg,E:\smart_agriculture\smart_agriculture\ai\severity\dataset\general_3000\images\Apple___Cedar_apple_rust\Apple___Cedar_apple_rust_0093.jpg,Apple,Apple___Cedar_apple_rust,44.8456,10,NOT_ANNOTATED,,,
31,031_Corn_(maize)___Cercospora_leaf_spot_Gray_leaf_spot_Corn_maize___Cercospora_leaf_spot_Gray_leaf_spot_0174.jpg,E:\smart_agriculture\smart_agriculture\ai\severity\dataset\human_gt_120\images\031_Corn_(maize)___Cercospora_leaf_spot_Gray_leaf_spot_Corn_maize___Cercospora_leaf_spot_Gray_leaf_spot_0174.jpg,Corn_maize___Cercospora_leaf_spot_Gray_leaf_spot_0174.jpg,E:\smart_agriculture\smart_agriculture\ai\severity\dataset\general_3000\images\Corn_maize___Cercospora_leaf_spot_Gray_leaf_spot\Corn_maize___Cercospora_leaf_spot_Gray_leaf_spot_0174.jpg,Corn,Corn_(maize)___Cercospora_leaf_spot Gray_leaf_spot,0.383,1,NOT_ANNOTATED,,,
32,032_Corn_(maize)___Cercospora_leaf_spot_Gray_leaf_spot_Corn_maize___Cercospora_leaf_spot_Gray_leaf_spot_0240.jpg,E:\smart_agriculture\smart_agriculture\ai\severity\dataset\human_gt_120\images\032_Corn_(maize)___Cercospora_leaf_spot_Gray_leaf_spot_Corn_maize___Cercospora_leaf_spot_Gray_leaf_spot_0240.jpg,Corn_maize___Cercospora_leaf_spot_Gray_leaf_spot_0240.jpg,E:\smart_agriculture\smart_agriculture\ai\severity\dataset\general_3000\images\Corn_maize___Cercospora_leaf_spot_Gray_leaf_spot\Corn_maize___Cercospora_leaf_spot_Gray_leaf_spot_0240.jpg,Corn,Corn_(maize)___Cercospora_leaf_spot Gray_leaf_spot,1.7136,2,NOT_ANNOTATED,,,
33,033_Corn_(maize)___Cercospora_leaf_spot_Gray_leaf_spot_Corn_maize___Cercospora_leaf_spot_Gray_leaf_spot_0232.jpg,E:\smart_agriculture\smart_agriculture\ai\severity\dataset\human_gt_120\images\033_Corn_(maize)___Cercospora_leaf_spot_Gray_leaf_spot_Corn_maize___Cercospora_leaf_spot_Gray_leaf_spot_0232.jpg,Corn_maize___Cercospora_leaf_spot_Gray_leaf_spot_0232.jpg,E:\smart_agriculture\smart_agriculture\ai\severity\dataset\general_3000\images\Corn_maize___Cercospora_leaf_spot_Gray_leaf_spot\Corn_maize___Cercospora_leaf_spot_Gray_leaf_spot_0232.jpg,Corn,Corn_(maize)___Cercospora_leaf_spot Gray_leaf_spot,2.1759,3,NOT_ANNOTATED,,,
34,034_Corn_(maize)___Cercospora_leaf_spot_Gray_leaf_spot_Corn_maize___Cercospora_leaf_spot_Gray_leaf_spot_0114.jpg,E:\smart_agriculture\smart_agriculture\ai\severity\dataset\human_gt_120\images\034_Corn_(maize)___Cercospora_leaf_spot_Gray_leaf_spot_Corn_maize___Cercospora_leaf_spot_Gray_leaf_spot_0114.jpg,Corn_maize___Cercospora_leaf_spot_Gray_leaf_spot_0114.jpg,E:\smart_agriculture\smart_agriculture\ai\severity\dataset\general_3000\images\Corn_maize___Cercospora_leaf_spot_Gray_leaf_spot\Corn_maize___Cercospora_leaf_spot_Gray_leaf_spot_0114.jpg,Corn,Corn_(maize)___Cercospora_leaf_spot Gray_leaf_spot,2.7481,4,NOT_ANNOTATED,,,
35,035_Corn_(maize)___Cercospora_leaf_spot_Gray_leaf_spot_Corn_maize___Cercospora_leaf_spot_Gray_leaf_spot_0248.jpg,E:\smart_agriculture\smart_agriculture\ai\severity\dataset\human_gt_120\images\035_Corn_(maize)___Cercospora_leaf_spot_Gray_leaf_spot_Corn_maize___Cercospora_leaf_spot_Gray_leaf_spot_0248.jpg,Corn_maize___Cercospora_leaf_spot_Gray_leaf_spot_0248.jpg,E:\smart_agriculture\smart_agriculture\ai\severity\dataset\general_3000\images\Corn_maize___Cercospora_leaf_spot_Gray_leaf_spot\Corn_maize___Cercospora_leaf_spot_Gray_leaf_spot_0248.jpg,Corn,Corn_(maize)___Cercospora_leaf_spot Gray_leaf_spot,3.6819,5,NOT_ANNOTATED,,,
36,036_Corn_(maize)___Cercospora_leaf_spot_Gray_leaf_spot_Corn_maize___Cercospora_leaf_spot_Gray_leaf_spot_0044.jpg,E:\smart_agriculture\smart_agriculture\ai\severity\dataset\human_gt_120\images\036_Corn_(maize)___Cercospora_leaf_spot_Gray_leaf_spot_Corn_maize___Cercospora_leaf_spot_Gray_leaf_spot_0044.jpg,Corn_maize___Cercospora_leaf_spot_Gray_leaf_spot_0044.jpg,E:\smart_agriculture\smart_agriculture\ai\severity\dataset\general_3000\images\Corn_maize___Cercospora_leaf_spot_Gray_leaf_spot\Corn_maize___Cercospora_leaf_spot_Gray_leaf_spot_0044.jpg,Corn,Corn_(maize)___Cercospora_leaf_spot Gray_leaf_spot,5.4489,6,NOT_ANNOTATED,,,
37,037_Corn_(maize)___Cercospora_leaf_spot_Gray_leaf_spot_Corn_maize___Cercospora_leaf_spot_Gray_leaf_spot_0014.jpg,E:\smart_agriculture\smart_agriculture\ai\severity\dataset\human_gt_120\images\037_Corn_(maize)___Cercospora_leaf_spot_Gray_leaf_spot_Corn_maize___Cercospora_leaf_spot_Gray_leaf_spot_0014.jpg,Corn_maize___Cercospora_leaf_spot_Gray_leaf_spot_0014.jpg,E:\smart_agriculture\smart_agriculture\ai\severity\dataset\general_3000\images\Corn_maize___Cercospora_leaf_spot_Gray_leaf_spot\Corn_maize___Cercospora_leaf_spot_Gray_leaf_spot_0014.jpg,Corn,Corn_(maize)___Cercospora_leaf_spot Gray_leaf_spot,10.191,7,NOT_ANNOTATED,,,
38,038_Corn_(maize)___Cercospora_leaf_spot_Gray_leaf_spot_Corn_maize___Cercospora_leaf_spot_Gray_leaf_spot_0104.jpg,E:\smart_agriculture\smart_agriculture\ai\severity\dataset\human_gt_120\images\038_Corn_(maize)___Cercospora_leaf_spot_Gray_leaf_spot_Corn_maize___Cercospora_leaf_spot_Gray_leaf_spot_0104.jpg,Corn_maize___Cercospora_leaf_spot_Gray_leaf_spot_0104.jpg,E:\smart_agriculture\smart_agriculture\ai\severity\dataset\general_3000\images\Corn_maize___Cercospora_leaf_spot_Gray_leaf_spot\Corn_maize___Cercospora_leaf_spot_Gray_leaf_spot_0104.jpg,Corn,Corn_(maize)___Cercospora_leaf_spot Gray_leaf_spot,16.7361,8,NOT_ANNOTATED,,,
39,039_Corn_(maize)___Cercospora_leaf_spot_Gray_leaf_spot_Corn_maize___Cercospora_leaf_spot_Gray_leaf_spot_0247.jpg,E:\smart_agriculture\smart_agriculture\ai\severity\dataset\human_gt_120\images\039_Corn_(maize)___Cercospora_leaf_spot_Gray_leaf_spot_Corn_maize___Cercospora_leaf_spot_Gray_leaf_spot_0247.jpg,Corn_maize___Cercospora_leaf_spot_Gray_leaf_spot_0247.jpg,E:\smart_agriculture\smart_agriculture\ai\severity\dataset\general_3000\images\Corn_maize___Cercospora_leaf_spot_Gray_leaf_spot\Corn_maize___Cercospora_leaf_spot_Gray_leaf_spot_0247.jpg,Corn,Corn_(maize)___Cercospora_leaf_spot Gray_leaf_spot,28.1296,9,NOT_ANNOTATED,,,
40,040_Corn_(maize)___Cercospora_leaf_spot_Gray_leaf_spot_Corn_maize___Cercospora_leaf_spot_Gray_leaf_spot_0203.jpg,E:\smart_agriculture\smart_agriculture\ai\severity\dataset\human_gt_120\images\040_Corn_(maize)___Cercospora_leaf_spot_Gray_leaf_spot_Corn_maize___Cercospora_leaf_spot_Gray_leaf_spot_0203.jpg,Corn_maize___Cercospora_leaf_spot_Gray_leaf_spot_0203.jpg,E:\smart_agriculture\smart_agriculture\ai\severity\dataset\general_3000\images\Corn_maize___Cercospora_leaf_spot_Gray_leaf_spot\Corn_maize___Cercospora_leaf_spot_Gray_leaf_spot_0203.jpg,Corn,Corn_(maize)___Cercospora_leaf_spot Gray_leaf_spot,44.5572,10,NOT_ANNOTATED,,,
41,041_Corn_(maize)___Common_rust__Corn_maize___Common_rust__0203.jpg,E:\smart_agriculture\smart_agriculture\ai\severity\dataset\human_gt_120\images\041_Corn_(maize)___Common_rust__Corn_maize___Common_rust__0203.jpg,Corn_maize___Common_rust__0203.jpg,E:\smart_agriculture\smart_agriculture\ai\severity\dataset\general_3000\images\Corn_maize___Common_rust_\Corn_maize___Common_rust__0203.jpg,Corn,Corn_(maize)___Common_rust_,0.0348,1,NOT_ANNOTATED,,,
42,042_Corn_(maize)___Common_rust__Corn_maize___Common_rust__0017.jpg,E:\smart_agriculture\smart_agriculture\ai\severity\dataset\human_gt_120\images\042_Corn_(maize)___Common_rust__Corn_maize___Common_rust__0017.jpg,Corn_maize___Common_rust__0017.jpg,E:\smart_agriculture\smart_agriculture\ai\severity\dataset\general_3000\images\Corn_maize___Common_rust_\Corn_maize___Common_rust__0017.jpg,Corn,Corn_(maize)___Common_rust_,1.4612,2,NOT_ANNOTATED,,,
43,043_Corn_(maize)___Common_rust__Corn_maize___Common_rust__0235.jpg,E:\smart_agriculture\smart_agriculture\ai\severity\dataset\human_gt_120\images\043_Corn_(maize)___Common_rust__Corn_maize___Common_rust__0235.jpg,Corn_maize___Common_rust__0235.jpg,E:\smart_agriculture\smart_agriculture\ai\severity\dataset\general_3000\images\Corn_maize___Common_rust_\Corn_maize___Common_rust__0235.jpg,Corn,Corn_(maize)___Common_rust_,2.2285,3,NOT_ANNOTATED,,,
44,044_Corn_(maize)___Common_rust__Corn_maize___Common_rust__0199.jpg,E:\smart_agriculture\smart_agriculture\ai\severity\dataset\human_gt_120\images\044_Corn_(maize)___Common_rust__Corn_maize___Common_rust__0199.jpg,Corn_maize___Common_rust__0199.jpg,E:\smart_agriculture\smart_agriculture\ai\severity\dataset\general_3000\images\Corn_maize___Common_rust_\Corn_maize___Common_rust__0199.jpg,Corn,Corn_(maize)___Common_rust_,3.5437,4,NOT_ANNOTATED,,,
45,045_Corn_(maize)___Common_rust__Corn_maize___Common_rust__0031.jpg,E:\smart_agriculture\smart_agriculture\ai\severity\dataset\human_gt_120\images\045_Corn_(maize)___Common_rust__Corn_maize___Common_rust__0031.jpg,Corn_maize___Common_rust__0031.jpg,E:\smart_agriculture\smart_agriculture\ai\severity\dataset\general_3000\images\Corn_maize___Common_rust_\Corn_maize___Common_rust__0031.jpg,Corn,Corn_(maize)___Common_rust_,5.3283,5,NOT_ANNOTATED,,,
46,046_Corn_(maize)___Common_rust__Corn_maize___Common_rust__0107.jpg,E:\smart_agriculture\smart_agriculture\ai\severity\dataset\human_gt_120\images\046_Corn_(maize)___Common_rust__Corn_maize___Common_rust__0107.jpg,Corn_maize___Common_rust__0107.jpg,E:\smart_agriculture\smart_agriculture\ai\severity\dataset\general_3000\images\Corn_maize___Common_rust_\Corn_maize___Common_rust__0107.jpg,Corn,Corn_(maize)___Common_rust_,10.3173,6,NOT_ANNOTATED,,,
47,047_Corn_(maize)___Common_rust__Corn_maize___Common_rust__0000.jpg,E:\smart_agriculture\smart_agriculture\ai\severity\dataset\human_gt_120\images\047_Corn_(maize)___Common_rust__Corn_maize___Common_rust__0000.jpg,Corn_maize___Common_rust__0000.jpg,E:\smart_agriculture\smart_agriculture\ai\severity\dataset\general_3000\images\Corn_maize___Common_rust_\Corn_maize___Common_rust__0000.jpg,Corn,Corn_(maize)___Common_rust_,28.3149,7,NOT_ANNOTATED,,,
48,048_Corn_(maize)___Common_rust__Corn_maize___Common_rust__0188.jpg,E:\smart_agriculture\smart_agriculture\ai\severity\dataset\human_gt_120\images\048_Corn_(maize)___Common_rust__Corn_maize___Common_rust__0188.jpg,Corn_maize___Common_rust__0188.jpg,E:\smart_agriculture\smart_agriculture\ai\severity\dataset\general_3000\images\Corn_maize___Common_rust_\Corn_maize___Common_rust__0188.jpg,Corn,Corn_(maize)___Common_rust_,40.5892,8,NOT_ANNOTATED,,,
49,049_Corn_(maize)___Common_rust__Corn_maize___Common_rust__0075.jpg,E:\smart_agriculture\smart_agriculture\ai\severity\dataset\human_gt_120\images\049_Corn_(maize)___Common_rust__Corn_maize___Common_rust__0075.jpg,Corn_maize___Common_rust__0075.jpg,E:\smart_agriculture\smart_agriculture\ai\severity\dataset\general_3000\images\Corn_maize___Common_rust_\Corn_maize___Common_rust__0075.jpg,Corn,Corn_(maize)___Common_rust_,42.8938,9,NOT_ANNOTATED,,,
50,050_Corn_(maize)___Common_rust__Corn_maize___Common_rust__0095.jpg,E:\smart_agriculture\smart_agriculture\ai\severity\dataset\human_gt_120\images\050_Corn_(maize)___Common_rust__Corn_maize___Common_rust__0095.jpg,Corn_maize___Common_rust__0095.jpg,E:\smart_agriculture\smart_agriculture\ai\severity\dataset\general_3000\images\Corn_maize___Common_rust_\Corn_maize___Common_rust__0095.jpg,Corn,Corn_(maize)___Common_rust_,44.9303,10,NOT_ANNOTATED,,,
51,051_Corn_(maize)___Northern_Leaf_Blight_Corn_maize___Northern_Leaf_Blight_0107.jpg,E:\smart_agriculture\smart_agriculture\ai\severity\dataset\human_gt_120\images\051_Corn_(maize)___Northern_Leaf_Blight_Corn_maize___Northern_Leaf_Blight_0107.jpg,Corn_maize___Northern_Leaf_Blight_0107.jpg,E:\smart_agriculture\smart_agriculture\ai\severity\dataset\general_3000\images\Corn_maize___Northern_Leaf_Blight\Corn_maize___Northern_Leaf_Blight_0107.jpg,Corn,Corn_(maize)___Northern_Leaf_Blight,0.0443,1,NOT_ANNOTATED,,,
52,052_Corn_(maize)___Northern_Leaf_Blight_Corn_maize___Northern_Leaf_Blight_0052.jpg,E:\smart_agriculture\smart_agriculture\ai\severity\dataset\human_gt_120\images\052_Corn_(maize)___Northern_Leaf_Blight_Corn_maize___Northern_Leaf_Blight_0052.jpg,Corn_maize___Northern_Leaf_Blight_0052.jpg,E:\smart_agriculture\smart_agriculture\ai\severity\dataset\general_3000\images\Corn_maize___Northern_Leaf_Blight\Corn_maize___Northern_Leaf_Blight_0052.jpg,Corn,Corn_(maize)___Northern_Leaf_Blight,1.6876,2,NOT_ANNOTATED,,,
53,053_Corn_(maize)___Northern_Leaf_Blight_Corn_maize___Northern_Leaf_Blight_0114.jpg,E:\smart_agriculture\smart_agriculture\ai\severity\dataset\human_gt_120\images\053_Corn_(maize)___Northern_Leaf_Blight_Corn_maize___Northern_Leaf_Blight_0114.jpg,Corn_maize___Northern_Leaf_Blight_0114.jpg,E:\smart_agriculture\smart_agriculture\ai\severity\dataset\general_3000\images\Corn_maize___Northern_Leaf_Blight\Corn_maize___Northern_Leaf_Blight_0114.jpg,Corn,Corn_(maize)___Northern_Leaf_Blight,5.0339,3,NOT_ANNOTATED,,,
54,054_Corn_(maize)___Northern_Leaf_Blight_Corn_maize___Northern_Leaf_Blight_0022.jpg,E:\smart_agriculture\smart_agriculture\ai\severity\dataset\human_gt_120\images\054_Corn_(maize)___Northern_Leaf_Blight_Corn_maize___Northern_Leaf_Blight_0022.jpg,Corn_maize___Northern_Leaf_Blight_0022.jpg,E:\smart_agriculture\smart_agriculture\ai\severity\dataset\general_3000\images\Corn_maize___Northern_Leaf_Blight\Corn_maize___Northern_Leaf_Blight_0022.jpg,Corn,Corn_(maize)___Northern_Leaf_Blight,9.3,4,NOT_ANNOTATED,,,
55,055_Corn_(maize)___Northern_Leaf_Blight_Corn_maize___Northern_Leaf_Blight_0029.jpg,E:\smart_agriculture\smart_agriculture\ai\severity\dataset\human_gt_120\images\055_Corn_(maize)___Northern_Leaf_Blight_Corn_maize___Northern_Leaf_Blight_0029.jpg,Corn_maize___Northern_Leaf_Blight_0029.jpg,E:\smart_agriculture\smart_agriculture\ai\severity\dataset\general_3000\images\Corn_maize___Northern_Leaf_Blight\Corn_maize___Northern_Leaf_Blight_0029.jpg,Corn,Corn_(maize)___Northern_Leaf_Blight,22.3969,5,NOT_ANNOTATED,,,
56,056_Corn_(maize)___Northern_Leaf_Blight_Corn_maize___Northern_Leaf_Blight_0168.jpg,E:\smart_agriculture\smart_agriculture\ai\severity\dataset\human_gt_120\images\056_Corn_(maize)___Northern_Leaf_Blight_Corn_maize___Northern_Leaf_Blight_0168.jpg,Corn_maize___Northern_Leaf_Blight_0168.jpg,E:\smart_agriculture\smart_agriculture\ai\severity\dataset\general_3000\images\Corn_maize___Northern_Leaf_Blight\Corn_maize___Northern_Leaf_Blight_0168.jpg,Corn,Corn_(maize)___Northern_Leaf_Blight,29.5837,6,NOT_ANNOTATED,,,
57,057_Corn_(maize)___Northern_Leaf_Blight_Corn_maize___Northern_Leaf_Blight_0113.jpg,E:\smart_agriculture\smart_agriculture\ai\severity\dataset\human_gt_120\images\057_Corn_(maize)___Northern_Leaf_Blight_Corn_maize___Northern_Leaf_Blight_0113.jpg,Corn_maize___Northern_Leaf_Blight_0113.jpg,E:\smart_agriculture\smart_agriculture\ai\severity\dataset\general_3000\images\Corn_maize___Northern_Leaf_Blight\Corn_maize___Northern_Leaf_Blight_0113.jpg,Corn,Corn_(maize)___Northern_Leaf_Blight,35.8719,7,NOT_ANNOTATED,,,
58,058_Corn_(maize)___Northern_Leaf_Blight_Corn_maize___Northern_Leaf_Blight_0151.jpg,E:\smart_agriculture\smart_agriculture\ai\severity\dataset\human_gt_120\images\058_Corn_(maize)___Northern_Leaf_Blight_Corn_maize___Northern_Leaf_Blight_0151.jpg,Corn_maize___Northern_Leaf_Blight_0151.jpg,E:\smart_agriculture\smart_agriculture\ai\severity\dataset\general_3000\images\Corn_maize___Northern_Leaf_Blight\Corn_maize___Northern_Leaf_Blight_0151.jpg,Corn,Corn_(maize)___Northern_Leaf_Blight,40.0848,8,NOT_ANNOTATED,,,
59,059_Corn_(maize)___Northern_Leaf_Blight_Corn_maize___Northern_Leaf_Blight_0219.jpg,E:\smart_agriculture\smart_agriculture\ai\severity\dataset\human_gt_120\images\059_Corn_(maize)___Northern_Leaf_Blight_Corn_maize___Northern_Leaf_Blight_0219.jpg,Corn_maize___Northern_Leaf_Blight_0219.jpg,E:\smart_agriculture\smart_agriculture\ai\severity\dataset\general_3000\images\Corn_maize___Northern_Leaf_Blight\Corn_maize___Northern_Leaf_Blight_0219.jpg,Corn,Corn_(maize)___Northern_Leaf_Blight,42.395,9,NOT_ANNOTATED,,,
60,060_Corn_(maize)___Northern_Leaf_Blight_Corn_maize___Northern_Leaf_Blight_0137.jpg,E:\smart_agriculture\smart_agriculture\ai\severity\dataset\human_gt_120\images\060_Corn_(maize)___Northern_Leaf_Blight_Corn_maize___Northern_Leaf_Blight_0137.jpg,Corn_maize___Northern_Leaf_Blight_0137.jpg,E:\smart_agriculture\smart_agriculture\ai\severity\dataset\general_3000\images\Corn_maize___Northern_Leaf_Blight\Corn_maize___Northern_Leaf_Blight_0137.jpg,Corn,Corn_(maize)___Northern_Leaf_Blight,44.9249,10,NOT_ANNOTATED,,,
61,061_Potato___Early_blight_Potato___Early_blight_0119.jpg,E:\smart_agriculture\smart_agriculture\ai\severity\dataset\human_gt_120\images\061_Potato___Early_blight_Potato___Early_blight_0119.jpg,Potato___Early_blight_0119.jpg,E:\smart_agriculture\smart_agriculture\ai\severity\dataset\general_3000\images\Potato___Early_blight\Potato___Early_blight_0119.jpg,Potato,Potato___Early_blight,1.4394,1,NOT_ANNOTATED,,,
62,062_Potato___Early_blight_Potato___Early_blight_0183.jpg,E:\smart_agriculture\smart_agriculture\ai\severity\dataset\human_gt_120\images\062_Potato___Early_blight_Potato___Early_blight_0183.jpg,Potato___Early_blight_0183.jpg,E:\smart_agriculture\smart_agriculture\ai\severity\dataset\general_3000\images\Potato___Early_blight\Potato___Early_blight_0183.jpg,Potato,Potato___Early_blight,2.5317,2,NOT_ANNOTATED,,,
63,063_Potato___Early_blight_Potato___Early_blight_0142.jpg,E:\smart_agriculture\smart_agriculture\ai\severity\dataset\human_gt_120\images\063_Potato___Early_blight_Potato___Early_blight_0142.jpg,Potato___Early_blight_0142.jpg,E:\smart_agriculture\smart_agriculture\ai\severity\dataset\general_3000\images\Potato___Early_blight\Potato___Early_blight_0142.jpg,Potato,Potato___Early_blight,3.1902,3,NOT_ANNOTATED,,,
64,064_Potato___Early_blight_Potato___Early_blight_0211.jpg,E:\smart_agriculture\smart_agriculture\ai\severity\dataset\human_gt_120\images\064_Potato___Early_blight_Potato___Early_blight_0211.jpg,Potato___Early_blight_0211.jpg,E:\smart_agriculture\smart_agriculture\ai\severity\dataset\general_3000\images\Potato___Early_blight\Potato___Early_blight_0211.jpg,Potato,Potato___Early_blight,3.814,4,NOT_ANNOTATED,,,
65,065_Potato___Early_blight_Potato___Early_blight_0194.jpg,E:\smart_agriculture\smart_agriculture\ai\severity\dataset\human_gt_120\images\065_Potato___Early_blight_Potato___Early_blight_0194.jpg,Potato___Early_blight_0194.jpg,E:\smart_agriculture\smart_agriculture\ai\severity\dataset\general_3000\images\Potato___Early_blight\Potato___Early_blight_0194.jpg,Potato,Potato___Early_blight,4.1685,5,NOT_ANNOTATED,,,
66,066_Potato___Early_blight_Potato___Early_blight_0084.jpg,E:\smart_agriculture\smart_agriculture\ai\severity\dataset\human_gt_120\images\066_Potato___Early_blight_Potato___Early_blight_0084.jpg,Potato___Early_blight_0084.jpg,E:\smart_agriculture\smart_agriculture\ai\severity\dataset\general_3000\images\Potato___Early_blight\Potato___Early_blight_0084.jpg,Potato,Potato___Early_blight,4.6244,6,NOT_ANNOTATED,,,
67,067_Potato___Early_blight_Potato___Early_blight_0198.jpg,E:\smart_agriculture\smart_agriculture\ai\severity\dataset\human_gt_120\images\067_Potato___Early_blight_Potato___Early_blight_0198.jpg,Potato___Early_blight_0198.jpg,E:\smart_agriculture\smart_agriculture\ai\severity\dataset\general_3000\images\Potato___Early_blight\Potato___Early_blight_0198.jpg,Potato,Potato___Early_blight,5.3196,7,NOT_ANNOTATED,,,
68,068_Potato___Early_blight_Potato___Early_blight_0190.jpg,E:\smart_agriculture\smart_agriculture\ai\severity\dataset\human_gt_120\images\068_Potato___Early_blight_Potato___Early_blight_0190.jpg,Potato___Early_blight_0190.jpg,E:\smart_agriculture\smart_agriculture\ai\severity\dataset\general_3000\images\Potato___Early_blight\Potato___Early_blight_0190.jpg,Potato,Potato___Early_blight,6.1749,8,NOT_ANNOTATED,,,
69,069_Potato___Early_blight_Potato___Early_blight_0131.jpg,E:\smart_agriculture\smart_agriculture\ai\severity\dataset\human_gt_120\images\069_Potato___Early_blight_Potato___Early_blight_0131.jpg,Potato___Early_blight_0131.jpg,E:\smart_agriculture\smart_agriculture\ai\severity\dataset\general_3000\images\Potato___Early_blight\Potato___Early_blight_0131.jpg,Potato,Potato___Early_blight,34.1429,9,NOT_ANNOTATED,,,
70,070_Potato___Early_blight_Potato___Early_blight_0129.jpg,E:\smart_agriculture\smart_agriculture\ai\severity\dataset\human_gt_120\images\070_Potato___Early_blight_Potato___Early_blight_0129.jpg,Potato___Early_blight_0129.jpg,E:\smart_agriculture\smart_agriculture\ai\severity\dataset\general_3000\images\Potato___Early_blight\Potato___Early_blight_0129.jpg,Potato,Potato___Early_blight,44.8816,10,NOT_ANNOTATED,,,
71,071_Potato___Late_blight_Potato___Late_blight_0119.jpg,E:\smart_agriculture\smart_agriculture\ai\severity\dataset\human_gt_120\images\071_Potato___Late_blight_Potato___Late_blight_0119.jpg,Potato___Late_blight_0119.jpg,E:\smart_agriculture\smart_agriculture\ai\severity\dataset\general_3000\images\Potato___Late_blight\Potato___Late_blight_0119.jpg,Potato,Potato___Late_blight,0.351,1,NOT_ANNOTATED,,,
72,072_Potato___Late_blight_Potato___Late_blight_0025.jpg,E:\smart_agriculture\smart_agriculture\ai\severity\dataset\human_gt_120\images\072_Potato___Late_blight_Potato___Late_blight_0025.jpg,Potato___Late_blight_0025.jpg,E:\smart_agriculture\smart_agriculture\ai\severity\dataset\general_3000\images\Potato___Late_blight\Potato___Late_blight_0025.jpg,Potato,Potato___Late_blight,2.349,2,NOT_ANNOTATED,,,
73,073_Potato___Late_blight_Potato___Late_blight_0115.jpg,E:\smart_agriculture\smart_agriculture\ai\severity\dataset\human_gt_120\images\073_Potato___Late_blight_Potato___Late_blight_0115.jpg,Potato___Late_blight_0115.jpg,E:\smart_agriculture\smart_agriculture\ai\severity\dataset\general_3000\images\Potato___Late_blight\Potato___Late_blight_0115.jpg,Potato,Potato___Late_blight,3.8979,3,NOT_ANNOTATED,,,
74,074_Potato___Late_blight_Potato___Late_blight_0114.jpg,E:\smart_agriculture\smart_agriculture\ai\severity\dataset\human_gt_120\images\074_Potato___Late_blight_Potato___Late_blight_0114.jpg,Potato___Late_blight_0114.jpg,E:\smart_agriculture\smart_agriculture\ai\severity\dataset\general_3000\images\Potato___Late_blight\Potato___Late_blight_0114.jpg,Potato,Potato___Late_blight,7.3738,4,NOT_ANNOTATED,,,
75,075_Potato___Late_blight_Potato___Late_blight_0234.jpg,E:\smart_agriculture\smart_agriculture\ai\severity\dataset\human_gt_120\images\075_Potato___Late_blight_Potato___Late_blight_0234.jpg,Potato___Late_blight_0234.jpg,E:\smart_agriculture\smart_agriculture\ai\severity\dataset\general_3000\images\Potato___Late_blight\Potato___Late_blight_0234.jpg,Potato,Potato___Late_blight,11.2167,5,NOT_ANNOTATED,,,
76,076_Potato___Late_blight_Potato___Late_blight_0206.jpg,E:\smart_agriculture\smart_agriculture\ai\severity\dataset\human_gt_120\images\076_Potato___Late_blight_Potato___Late_blight_0206.jpg,Potato___Late_blight_0206.jpg,E:\smart_agriculture\smart_agriculture\ai\severity\dataset\general_3000\images\Potato___Late_blight\Potato___Late_blight_0206.jpg,Potato,Potato___Late_blight,29.0475,6,NOT_ANNOTATED,,,
77,077_Potato___Late_blight_Potato___Late_blight_0178.jpg,E:\smart_agriculture\smart_agriculture\ai\severity\dataset\human_gt_120\images\077_Potato___Late_blight_Potato___Late_blight_0178.jpg,Potato___Late_blight_0178.jpg,E:\smart_agriculture\smart_agriculture\ai\severity\dataset\general_3000\images\Potato___Late_blight\Potato___Late_blight_0178.jpg,Potato,Potato___Late_blight,33.0078,7,NOT_ANNOTATED,,,
78,078_Potato___Late_blight_Potato___Late_blight_0103.jpg,E:\smart_agriculture\smart_agriculture\ai\severity\dataset\human_gt_120\images\078_Potato___Late_blight_Potato___Late_blight_0103.jpg,Potato___Late_blight_0103.jpg,E:\smart_agriculture\smart_agriculture\ai\severity\dataset\general_3000\images\Potato___Late_blight\Potato___Late_blight_0103.jpg,Potato,Potato___Late_blight,35.8572,8,NOT_ANNOTATED,,,
79,079_Potato___Late_blight_Potato___Late_blight_0184.jpg,E:\smart_agriculture\smart_agriculture\ai\severity\dataset\human_gt_120\images\079_Potato___Late_blight_Potato___Late_blight_0184.jpg,Potato___Late_blight_0184.jpg,E:\smart_agriculture\smart_agriculture\ai\severity\dataset\general_3000\images\Potato___Late_blight\Potato___Late_blight_0184.jpg,Potato,Potato___Late_blight,38.9496,9,NOT_ANNOTATED,,,
80,080_Potato___Late_blight_Potato___Late_blight_0034.jpg,E:\smart_agriculture\smart_agriculture\ai\severity\dataset\human_gt_120\images\080_Potato___Late_blight_Potato___Late_blight_0034.jpg,Potato___Late_blight_0034.jpg,E:\smart_agriculture\smart_agriculture\ai\severity\dataset\general_3000\images\Potato___Late_blight\Potato___Late_blight_0034.jpg,Potato,Potato___Late_blight,44.5291,10,NOT_ANNOTATED,,,
81,081_Tomato___Bacterial_spot_Tomato___Bacterial_spot_0173.jpg,E:\smart_agriculture\smart_agriculture\ai\severity\dataset\human_gt_120\images\081_Tomato___Bacterial_spot_Tomato___Bacterial_spot_0173.jpg,Tomato___Bacterial_spot_0173.jpg,E:\smart_agriculture\smart_agriculture\ai\severity\dataset\general_3000\images\Tomato___Bacterial_spot\Tomato___Bacterial_spot_0173.jpg,Tomato,Tomato___Bacterial_spot,0.0412,1,NOT_ANNOTATED,,,
82,082_Tomato___Bacterial_spot_Tomato___Bacterial_spot_0090.jpg,E:\smart_agriculture\smart_agriculture\ai\severity\dataset\human_gt_120\images\082_Tomato___Bacterial_spot_Tomato___Bacterial_spot_0090.jpg,Tomato___Bacterial_spot_0090.jpg,E:\smart_agriculture\smart_agriculture\ai\severity\dataset\general_3000\images\Tomato___Bacterial_spot\Tomato___Bacterial_spot_0090.jpg,Tomato,Tomato___Bacterial_spot,1.6998,2,NOT_ANNOTATED,,,
83,083_Tomato___Bacterial_spot_Tomato___Bacterial_spot_0109.jpg,E:\smart_agriculture\smart_agriculture\ai\severity\dataset\human_gt_120\images\083_Tomato___Bacterial_spot_Tomato___Bacterial_spot_0109.jpg,Tomato___Bacterial_spot_0109.jpg,E:\smart_agriculture\smart_agriculture\ai\severity\dataset\general_3000\images\Tomato___Bacterial_spot\Tomato___Bacterial_spot_0109.jpg,Tomato,Tomato___Bacterial_spot,5.0827,3,NOT_ANNOTATED,,,
84,084_Tomato___Bacterial_spot_Tomato___Bacterial_spot_0080.jpg,E:\smart_agriculture\smart_agriculture\ai\severity\dataset\human_gt_120\images\084_Tomato___Bacterial_spot_Tomato___Bacterial_spot_0080.jpg,Tomato___Bacterial_spot_0080.jpg,E:\smart_agriculture\smart_agriculture\ai\severity\dataset\general_3000\images\Tomato___Bacterial_spot\Tomato___Bacterial_spot_0080.jpg,Tomato,Tomato___Bacterial_spot,12.7945,4,NOT_ANNOTATED,,,
85,085_Tomato___Bacterial_spot_Tomato___Bacterial_spot_0071.jpg,E:\smart_agriculture\smart_agriculture\ai\severity\dataset\human_gt_120\images\085_Tomato___Bacterial_spot_Tomato___Bacterial_spot_0071.jpg,Tomato___Bacterial_spot_0071.jpg,E:\smart_agriculture\smart_agriculture\ai\severity\dataset\general_3000\images\Tomato___Bacterial_spot\Tomato___Bacterial_spot_0071.jpg,Tomato,Tomato___Bacterial_spot,20.4826,5,NOT_ANNOTATED,,,
86,086_Tomato___Bacterial_spot_Tomato___Bacterial_spot_0133.jpg,E:\smart_agriculture\smart_agriculture\ai\severity\dataset\human_gt_120\images\086_Tomato___Bacterial_spot_Tomato___Bacterial_spot_0133.jpg,Tomato___Bacterial_spot_0133.jpg,E:\smart_agriculture\smart_agriculture\ai\severity\dataset\general_3000\images\Tomato___Bacterial_spot\Tomato___Bacterial_spot_0133.jpg,Tomato,Tomato___Bacterial_spot,32.6828,6,NOT_ANNOTATED,,,
87,087_Tomato___Bacterial_spot_Tomato___Bacterial_spot_0042.jpg,E:\smart_agriculture\smart_agriculture\ai\severity\dataset\human_gt_120\images\087_Tomato___Bacterial_spot_Tomato___Bacterial_spot_0042.jpg,Tomato___Bacterial_spot_0042.jpg,E:\smart_agriculture\smart_agriculture\ai\severity\dataset\general_3000\images\Tomato___Bacterial_spot\Tomato___Bacterial_spot_0042.jpg,Tomato,Tomato___Bacterial_spot,35.6796,7,NOT_ANNOTATED,,,
88,088_Tomato___Bacterial_spot_Tomato___Bacterial_spot_0216.jpg,E:\smart_agriculture\smart_agriculture\ai\severity\dataset\human_gt_120\images\088_Tomato___Bacterial_spot_Tomato___Bacterial_spot_0216.jpg,Tomato___Bacterial_spot_0216.jpg,E:\smart_agriculture\smart_agriculture\ai\severity\dataset\general_3000\images\Tomato___Bacterial_spot\Tomato___Bacterial_spot_0216.jpg,Tomato,Tomato___Bacterial_spot,38.7299,8,NOT_ANNOTATED,,,
89,089_Tomato___Bacterial_spot_Tomato___Bacterial_spot_0128.jpg,E:\smart_agriculture\smart_agriculture\ai\severity\dataset\human_gt_120\images\089_Tomato___Bacterial_spot_Tomato___Bacterial_spot_0128.jpg,Tomato___Bacterial_spot_0128.jpg,E:\smart_agriculture\smart_agriculture\ai\severity\dataset\general_3000\images\Tomato___Bacterial_spot\Tomato___Bacterial_spot_0128.jpg,Tomato,Tomato___Bacterial_spot,41.4261,9,NOT_ANNOTATED,,,
90,090_Tomato___Bacterial_spot_Tomato___Bacterial_spot_0098.jpg,E:\smart_agriculture\smart_agriculture\ai\severity\dataset\human_gt_120\images\090_Tomato___Bacterial_spot_Tomato___Bacterial_spot_0098.jpg,Tomato___Bacterial_spot_0098.jpg,E:\smart_agriculture\smart_agriculture\ai\severity\dataset\general_3000\images\Tomato___Bacterial_spot\Tomato___Bacterial_spot_0098.jpg,Tomato,Tomato___Bacterial_spot,44.9921,10,NOT_ANNOTATED,,,
91,091_Tomato___Early_blight_Tomato___Early_blight_0152.jpg,E:\smart_agriculture\smart_agriculture\ai\severity\dataset\human_gt_120\images\091_Tomato___Early_blight_Tomato___Early_blight_0152.jpg,Tomato___Early_blight_0152.jpg,E:\smart_agriculture\smart_agriculture\ai\severity\dataset\general_3000\images\Tomato___Early_blight\Tomato___Early_blight_0152.jpg,Tomato,Tomato___Early_blight,0.1244,1,NOT_ANNOTATED,,,
92,092_Tomato___Early_blight_Tomato___Early_blight_0178.jpg,E:\smart_agriculture\smart_agriculture\ai\severity\dataset\human_gt_120\images\092_Tomato___Early_blight_Tomato___Early_blight_0178.jpg,Tomato___Early_blight_0178.jpg,E:\smart_agriculture\smart_agriculture\ai\severity\dataset\general_3000\images\Tomato___Early_blight\Tomato___Early_blight_0178.jpg,Tomato,Tomato___Early_blight,3.3543,2,NOT_ANNOTATED,,,
93,093_Tomato___Early_blight_Tomato___Early_blight_0019.jpg,E:\smart_agriculture\smart_agriculture\ai\severity\dataset\human_gt_120\images\093_Tomato___Early_blight_Tomato___Early_blight_0019.jpg,Tomato___Early_blight_0019.jpg,E:\smart_agriculture\smart_agriculture\ai\severity\dataset\general_3000\images\Tomato___Early_blight\Tomato___Early_blight_0019.jpg,Tomato,Tomato___Early_blight,5.9652,3,NOT_ANNOTATED,,,
94,094_Tomato___Early_blight_Tomato___Early_blight_0090.jpg,E:\smart_agriculture\smart_agriculture\ai\severity\dataset\human_gt_120\images\094_Tomato___Early_blight_Tomato___Early_blight_0090.jpg,Tomato___Early_blight_0090.jpg,E:\smart_agriculture\smart_agriculture\ai\severity\dataset\general_3000\images\Tomato___Early_blight\Tomato___Early_blight_0090.jpg,Tomato,Tomato___Early_blight,11.8217,4,NOT_ANNOTATED,,,
95,095_Tomato___Early_blight_Tomato___Early_blight_0238.jpg,E:\smart_agriculture\smart_agriculture\ai\severity\dataset\human_gt_120\images\095_Tomato___Early_blight_Tomato___Early_blight_0238.jpg,Tomato___Early_blight_0238.jpg,E:\smart_agriculture\smart_agriculture\ai\severity\dataset\general_3000\images\Tomato___Early_blight\Tomato___Early_blight_0238.jpg,Tomato,Tomato___Early_blight,19.2445,5,NOT_ANNOTATED,,,
96,096_Tomato___Early_blight_Tomato___Early_blight_0231.jpg,E:\smart_agriculture\smart_agriculture\ai\severity\dataset\human_gt_120\images\096_Tomato___Early_blight_Tomato___Early_blight_0231.jpg,Tomato___Early_blight_0231.jpg,E:\smart_agriculture\smart_agriculture\ai\severity\dataset\general_3000\images\Tomato___Early_blight\Tomato___Early_blight_0231.jpg,Tomato,Tomato___Early_blight,27.6199,6,NOT_ANNOTATED,,,
97,097_Tomato___Early_blight_Tomato___Early_blight_0031.jpg,E:\smart_agriculture\smart_agriculture\ai\severity\dataset\human_gt_120\images\097_Tomato___Early_blight_Tomato___Early_blight_0031.jpg,Tomato___Early_blight_0031.jpg,E:\smart_agriculture\smart_agriculture\ai\severity\dataset\general_3000\images\Tomato___Early_blight\Tomato___Early_blight_0031.jpg,Tomato,Tomato___Early_blight,32.9605,7,NOT_ANNOTATED,,,
98,098_Tomato___Early_blight_Tomato___Early_blight_0132.jpg,E:\smart_agriculture\smart_agriculture\ai\severity\dataset\human_gt_120\images\098_Tomato___Early_blight_Tomato___Early_blight_0132.jpg,Tomato___Early_blight_0132.jpg,E:\smart_agriculture\smart_agriculture\ai\severity\dataset\general_3000\images\Tomato___Early_blight\Tomato___Early_blight_0132.jpg,Tomato,Tomato___Early_blight,36.9644,8,NOT_ANNOTATED,,,
99,099_Tomato___Early_blight_Tomato___Early_blight_0138.jpg,E:\smart_agriculture\smart_agriculture\ai\severity\dataset\human_gt_120\images\099_Tomato___Early_blight_Tomato___Early_blight_0138.jpg,Tomato___Early_blight_0138.jpg,E:\smart_agriculture\smart_agriculture\ai\severity\dataset\general_3000\images\Tomato___Early_blight\Tomato___Early_blight_0138.jpg,Tomato,Tomato___Early_blight,40.1585,9,NOT_ANNOTATED,,,
100,100_Tomato___Early_blight_Tomato___Early_blight_0206.jpg,E:\smart_agriculture\smart_agriculture\ai\severity\dataset\human_gt_120\images\100_Tomato___Early_blight_Tomato___Early_blight_0206.jpg,Tomato___Early_blight_0206.jpg,E:\smart_agriculture\smart_agriculture\ai\severity\dataset\general_3000\images\Tomato___Early_blight\Tomato___Early_blight_0206.jpg,Tomato,Tomato___Early_blight,44.8578,10,NOT_ANNOTATED,,,
101,101_Tomato___Late_blight_Tomato___Late_blight_0173.jpg,E:\smart_agriculture\smart_agriculture\ai\severity\dataset\human_gt_120\images\101_Tomato___Late_blight_Tomato___Late_blight_0173.jpg,Tomato___Late_blight_0173.jpg,E:\smart_agriculture\smart_agriculture\ai\severity\dataset\general_3000\images\Tomato___Late_blight\Tomato___Late_blight_0173.jpg,Tomato,Tomato___Late_blight,0.229,1,NOT_ANNOTATED,,,
102,102_Tomato___Late_blight_Tomato___Late_blight_0208.jpg,E:\smart_agriculture\smart_agriculture\ai\severity\dataset\human_gt_120\images\102_Tomato___Late_blight_Tomato___Late_blight_0208.jpg,Tomato___Late_blight_0208.jpg,E:\smart_agriculture\smart_agriculture\ai\severity\dataset\general_3000\images\Tomato___Late_blight\Tomato___Late_blight_0208.jpg,Tomato,Tomato___Late_blight,5.8701,2,NOT_ANNOTATED,,,
103,103_Tomato___Late_blight_Tomato___Late_blight_0000.jpg,E:\smart_agriculture\smart_agriculture\ai\severity\dataset\human_gt_120\images\103_Tomato___Late_blight_Tomato___Late_blight_0000.jpg,Tomato___Late_blight_0000.jpg,E:\smart_agriculture\smart_agriculture\ai\severity\dataset\general_3000\images\Tomato___Late_blight\Tomato___Late_blight_0000.jpg,Tomato,Tomato___Late_blight,11.0114,3,NOT_ANNOTATED,,,
104,104_Tomato___Late_blight_Tomato___Late_blight_0183.jpg,E:\smart_agriculture\smart_agriculture\ai\severity\dataset\human_gt_120\images\104_Tomato___Late_blight_Tomato___Late_blight_0183.jpg,Tomato___Late_blight_0183.jpg,E:\smart_agriculture\smart_agriculture\ai\severity\dataset\general_3000\images\Tomato___Late_blight\Tomato___Late_blight_0183.jpg,Tomato,Tomato___Late_blight,16.5878,4,NOT_ANNOTATED,,,
105,105_Tomato___Late_blight_Tomato___Late_blight_0244.jpg,E:\smart_agriculture\smart_agriculture\ai\severity\dataset\human_gt_120\images\105_Tomato___Late_blight_Tomato___Late_blight_0244.jpg,Tomato___Late_blight_0244.jpg,E:\smart_agriculture\smart_agriculture\ai\severity\dataset\general_3000\images\Tomato___Late_blight\Tomato___Late_blight_0244.jpg,Tomato,Tomato___Late_blight,21.9382,5,NOT_ANNOTATED,,,
106,106_Tomato___Late_blight_Tomato___Late_blight_0008.jpg,E:\smart_agriculture\smart_agriculture\ai\severity\dataset\human_gt_120\images\106_Tomato___Late_blight_Tomato___Late_blight_0008.jpg,Tomato___Late_blight_0008.jpg,E:\smart_agriculture\smart_agriculture\ai\severity\dataset\general_3000\images\Tomato___Late_blight\Tomato___Late_blight_0008.jpg,Tomato,Tomato___Late_blight,29.2908,6,NOT_ANNOTATED,,,
107,107_Tomato___Late_blight_Tomato___Late_blight_0017.jpg,E:\smart_agriculture\smart_agriculture\ai\severity\dataset\human_gt_120\images\107_Tomato___Late_blight_Tomato___Late_blight_0017.jpg,Tomato___Late_blight_0017.jpg,E:\smart_agriculture\smart_agriculture\ai\severity\dataset\general_3000\images\Tomato___Late_blight\Tomato___Late_blight_0017.jpg,Tomato,Tomato___Late_blight,32.8217,7,NOT_ANNOTATED,,,
108,108_Tomato___Late_blight_Tomato___Late_blight_0162.jpg,E:\smart_agriculture\smart_agriculture\ai\severity\dataset\human_gt_120\images\108_Tomato___Late_blight_Tomato___Late_blight_0162.jpg,Tomato___Late_blight_0162.jpg,E:\smart_agriculture\smart_agriculture\ai\severity\dataset\general_3000\images\Tomato___Late_blight\Tomato___Late_blight_0162.jpg,Tomato,Tomato___Late_blight,36.5448,8,NOT_ANNOTATED,,,
109,109_Tomato___Late_blight_Tomato___Late_blight_0011.jpg,E:\smart_agriculture\smart_agriculture\ai\severity\dataset\human_gt_120\images\109_Tomato___Late_blight_Tomato___Late_blight_0011.jpg,Tomato___Late_blight_0011.jpg,E:\smart_agriculture\smart_agriculture\ai\severity\dataset\general_3000\images\Tomato___Late_blight\Tomato___Late_blight_0011.jpg,Tomato,Tomato___Late_blight,40.4522,9,NOT_ANNOTATED,,,
110,110_Tomato___Late_blight_Tomato___Late_blight_0193.jpg,E:\smart_agriculture\smart_agriculture\ai\severity\dataset\human_gt_120\images\110_Tomato___Late_blight_Tomato___Late_blight_0193.jpg,Tomato___Late_blight_0193.jpg,E:\smart_agriculture\smart_agriculture\ai\severity\dataset\general_3000\images\Tomato___Late_blight\Tomato___Late_blight_0193.jpg,Tomato,Tomato___Late_blight,44.7388,10,NOT_ANNOTATED,,,
111,111_Tomato___Leaf_Mold_Tomato___Leaf_Mold_0015.jpg,E:\smart_agriculture\smart_agriculture\ai\severity\dataset\human_gt_120\images\111_Tomato___Leaf_Mold_Tomato___Leaf_Mold_0015.jpg,Tomato___Leaf_Mold_0015.jpg,E:\smart_agriculture\smart_agriculture\ai\severity\dataset\general_3000\images\Tomato___Leaf_Mold\Tomato___Leaf_Mold_0015.jpg,Tomato,Tomato___Leaf_Mold,0.385,1,NOT_ANNOTATED,,,
112,112_Tomato___Leaf_Mold_Tomato___Leaf_Mold_0166.jpg,E:\smart_agriculture\smart_agriculture\ai\severity\dataset\human_gt_120\images\112_Tomato___Leaf_Mold_Tomato___Leaf_Mold_0166.jpg,Tomato___Leaf_Mold_0166.jpg,E:\smart_agriculture\smart_agriculture\ai\severity\dataset\general_3000\images\Tomato___Leaf_Mold\Tomato___Leaf_Mold_0166.jpg,Tomato,Tomato___Leaf_Mold,4.1772,2,NOT_ANNOTATED,,,
113,113_Tomato___Leaf_Mold_Tomato___Leaf_Mold_0138.jpg,E:\smart_agriculture\smart_agriculture\ai\severity\dataset\human_gt_120\images\113_Tomato___Leaf_Mold_Tomato___Leaf_Mold_0138.jpg,Tomato___Leaf_Mold_0138.jpg,E:\smart_agriculture\smart_agriculture\ai\severity\dataset\general_3000\images\Tomato___Leaf_Mold\Tomato___Leaf_Mold_0138.jpg,Tomato,Tomato___Leaf_Mold,7.387,3,NOT_ANNOTATED,,,
114,114_Tomato___Leaf_Mold_Tomato___Leaf_Mold_0076.jpg,E:\smart_agriculture\smart_agriculture\ai\severity\dataset\human_gt_120\images\114_Tomato___Leaf_Mold_Tomato___Leaf_Mold_0076.jpg,Tomato___Leaf_Mold_0076.jpg,E:\smart_agriculture\smart_agriculture\ai\severity\dataset\general_3000\images\Tomato___Leaf_Mold\Tomato___Leaf_Mold_0076.jpg,Tomato,Tomato___Leaf_Mold,14.4069,4,NOT_ANNOTATED,,,
115,115_Tomato___Leaf_Mold_Tomato___Leaf_Mold_0194.jpg,E:\smart_agriculture\smart_agriculture\ai\severity\dataset\human_gt_120\images\115_Tomato___Leaf_Mold_Tomato___Leaf_Mold_0194.jpg,Tomato___Leaf_Mold_0194.jpg,E:\smart_agriculture\smart_agriculture\ai\severity\dataset\general_3000\images\Tomato___Leaf_Mold\Tomato___Leaf_Mold_0194.jpg,Tomato,Tomato___Leaf_Mold,21.5088,5,NOT_ANNOTATED,,,
116,116_Tomato___Leaf_Mold_Tomato___Leaf_Mold_0124.jpg,E:\smart_agriculture\smart_agriculture\ai\severity\dataset\human_gt_120\images\116_Tomato___Leaf_Mold_Tomato___Leaf_Mold_0124.jpg,Tomato___Leaf_Mold_0124.jpg,E:\smart_agriculture\smart_agriculture\ai\severity\dataset\general_3000\images\Tomato___Leaf_Mold\Tomato___Leaf_Mold_0124.jpg,Tomato,Tomato___Leaf_Mold,25.6639,6,NOT_ANNOTATED,,,
117,117_Tomato___Leaf_Mold_Tomato___Leaf_Mold_0119.jpg,E:\smart_agriculture\smart_agriculture\ai\severity\dataset\human_gt_120\images\117_Tomato___Leaf_Mold_Tomato___Leaf_Mold_0119.jpg,Tomato___Leaf_Mold_0119.jpg,E:\smart_agriculture\smart_agriculture\ai\severity\dataset\general_3000\images\Tomato___Leaf_Mold\Tomato___Leaf_Mold_0119.jpg,Tomato,Tomato___Leaf_Mold,29.9469,7,NOT_ANNOTATED,,,
118,118_Tomato___Leaf_Mold_Tomato___Leaf_Mold_0059.jpg,E:\smart_agriculture\smart_agriculture\ai\severity\dataset\human_gt_120\images\118_Tomato___Leaf_Mold_Tomato___Leaf_Mold_0059.jpg,Tomato___Leaf_Mold_0059.jpg,E:\smart_agriculture\smart_agriculture\ai\severity\dataset\general_3000\images\Tomato___Leaf_Mold\Tomato___Leaf_Mold_0059.jpg,Tomato,Tomato___Leaf_Mold,32.3302,8,NOT_ANNOTATED,,,
119,119_Tomato___Leaf_Mold_Tomato___Leaf_Mold_0248.jpg,E:\smart_agriculture\smart_agriculture\ai\severity\dataset\human_gt_120\images\119_Tomato___Leaf_Mold_Tomato___Leaf_Mold_0248.jpg,Tomato___Leaf_Mold_0248.jpg,E:\smart_agriculture\smart_agriculture\ai\severity\dataset\general_3000\images\Tomato___Leaf_Mold\Tomato___Leaf_Mold_0248.jpg,Tomato,Tomato___Leaf_Mold,41.5222,9,NOT_ANNOTATED,,,
120,120_Tomato___Leaf_Mold_Tomato___Leaf_Mold_0107.jpg,E:\smart_agriculture\smart_agriculture\ai\severity\dataset\human_gt_120\images\120_Tomato___Leaf_Mold_Tomato___Leaf_Mold_0107.jpg,Tomato___Leaf_Mold_0107.jpg,E:\smart_agriculture\smart_agriculture\ai\severity\dataset\general_3000\images\Tomato___Leaf_Mold\Tomato___Leaf_Mold_0107.jpg,Tomato,Tomato___Leaf_Mold,44.4513,10,NOT_ANNOTATED,,,
