selection_rank,disease,plant,original_filename,original_image_path,sam2_severity
1,Apple___Apple_scab,Apple,Apple___Apple_scab_0087.jpg,E:\smart_agriculture\smart_agriculture\ai\severity\dataset\general_3000\images\Apple___Apple_scab\Apple___Apple_scab_0087.jpg,0.4639
2,Apple___Apple_scab,Apple,Apple___Apple_scab_0221.jpg,E:\smart_agriculture\smart_agriculture\ai\severity\dataset\general_3000\images\Apple___Apple_scab\Apple___Apple_scab_0221.jpg,5.1083
3,Apple___Apple_scab,Apple,Apple___Apple_scab_0076.jpg,E:\smart_agriculture\smart_agriculture\ai\severity\dataset\general_3000\images\Apple___Apple_scab\Apple___Apple_scab_0076.jpg,10.1913
4,Apple___Apple_scab,Apple,Apple___Apple_scab_0203.jpg,E:\smart_agriculture\smart_agriculture\ai\severity\dataset\general_3000\images\Apple___Apple_scab\Apple___Apple_scab_0203.jpg,15.5676
5,Apple___Apple_scab,Apple,Apple___Apple_scab_0036.jpg,E:\smart_agriculture\smart_agriculture\ai\severity\dataset\general_3000\images\Apple___Apple_scab\Apple___Apple_scab_0036.jpg,21.3901
6,Apple___Apple_scab,Apple,Apple___Apple_scab_0222.jpg,E:\smart_agriculture\smart_agriculture\ai\severity\dataset\general_3000\images\Apple___Apple_scab\Apple___Apple_scab_0222.jpg,26.8868
7,Apple___Apple_scab,Apple,Apple___Apple_scab_0128.jpg,E:\smart_agriculture\smart_agriculture\ai\severity\dataset\general_3000\images\Apple___Apple_scab\Apple___Apple_scab_0128.jpg,32.8546
8,Apple___Apple_scab,Apple,Apple___Apple_scab_0072.jpg,E:\smart_agriculture\smart_agriculture\ai\severity\dataset\general_3000\images\Apple___Apple_scab\Apple___Apple_scab_0072.jpg,38.1658
9,Apple___Apple_scab,Apple,Apple___Apple_scab_0071.jpg,E:\smart_agriculture\smart_agriculture\ai\severity\dataset\general_3000\images\Apple___Apple_scab\Apple___Apple_scab_0071.jpg,42.0712
10,Apple___Apple_scab,Apple,Apple___Apple_scab_0029.jpg,E:\smart_agriculture\smart_agriculture\ai\severity\dataset\general_3000\images\Apple___Apple_scab\Apple___Apple_scab_0029.jpg,44.9921
1,Apple___Black_rot,Apple,Apple___Black_rot_0188.jpg,E:\smart_agriculture\smart_agriculture\ai\severity\dataset\general_3000\images\Apple___Black_rot\Apple___Black_rot_0188.jpg,0.5707
2,Apple___Black_rot,Apple,Apple___Black_rot_0023.jpg,E:\smart_agriculture\smart_agriculture\ai\severity\dataset\general_3000\images\Apple___Black_rot\Apple___Black_rot_0023.jpg,12.5624
3,Apple___Black_rot,Apple,Apple___Black_rot_0221.jpg,E:\smart_agriculture\smart_agriculture\ai\severity\dataset\general_3000\images\Apple___Black_rot\Apple___Black_rot_0221.jpg,17.3242
4,Apple___Black_rot,Apple,Apple___Black_rot_0178.jpg,E:\smart_agriculture\smart_agriculture\ai\severity\dataset\general_3000\images\Apple___Black_rot\Apple___Black_rot_0178.jpg,23.0593
5,Apple___Black_rot,Apple,Apple___Black_rot_0179.jpg,E:\smart_agriculture\smart_agriculture\ai\severity\dataset\general_3000\images\Apple___Black_rot\Apple___Black_rot_0179.jpg,26.0574
6,Apple___Black_rot,Apple,Apple___Black_rot_0175.jpg,E:\smart_agriculture\smart_agriculture\ai\severity\dataset\general_3000\images\Apple___Black_rot\Apple___Black_rot_0175.jpg,29.2658
7,Apple___Black_rot,Apple,Apple___Black_rot_0002.jpg,E:\smart_agriculture\smart_agriculture\ai\severity\dataset\general_3000\images\Apple___Black_rot\Apple___Black_rot_0002.jpg,32.0135
8,Apple___Black_rot,Apple,Apple___Black_rot_0036.jpg,E:\smart_agriculture\smart_agriculture\ai\severity\dataset\general_3000\images\Apple___Black_rot\Apple___Black_rot_0036.jpg,34.2834
9,Apple___Black_rot,Apple,Apple___Black_rot_0236.jpg,E:\smart_agriculture\smart_agriculture\ai\severity\dataset\general_3000\images\Apple___Black_rot\Apple___Black_rot_0236.jpg,38.3874
10,Apple___Black_rot,Apple,Apple___Black_rot_0052.jpg,E:\smart_agriculture\smart_agriculture\ai\severity\dataset\general_3000\images\Apple___Black_rot\Apple___Black_rot_0052.jpg,44.9356
1,Apple___Cedar_apple_rust,Apple,Apple___Cedar_apple_rust_0005.jpg,E:\smart_agriculture\smart_agriculture\ai\severity\dataset\general_3000\images\Apple___Cedar_apple_rust\Apple___Cedar_apple_rust_0005.jpg,0.1114
2,Apple___Cedar_apple_rust,Apple,Apple___Cedar_apple_rust_0001.jpg,E:\smart_agriculture\smart_agriculture\ai\severity\dataset\general_3000\images\Apple___Cedar_apple_rust\Apple___Cedar_apple_rust_0001.jpg,9.1324
3,Apple___Cedar_apple_rust,Apple,Apple___Cedar_apple_rust_0135.jpg,E:\smart_agriculture\smart_agriculture\ai\severity\dataset\general_3000\images\Apple___Cedar_apple_rust\Apple___Cedar_apple_rust_0135.jpg,23.3047
4,Apple___Cedar_apple_rust,Apple,Apple___Cedar_apple_rust_0042.jpg,E:\smart_agriculture\smart_agriculture\ai\severity\dataset\general_3000\images\Apple___Cedar_apple_rust\Apple___Cedar_apple_rust_0042.jpg,26.6068
5,Apple___Cedar_apple_rust,Apple,Apple___Cedar_apple_rust_0240.jpg,E:\smart_agriculture\smart_agriculture\ai\severity\dataset\general_3000\images\Apple___Cedar_apple_rust\Apple___Cedar_apple_rust_0240.jpg,28.2227
6,Apple___Cedar_apple_rust,Apple,Apple___Cedar_apple_rust_0205.jpg,E:\smart_agriculture\smart_agriculture\ai\severity\dataset\general_3000\images\Apple___Cedar_apple_rust\Apple___Cedar_apple_rust_0205.jpg,31.0791
7,Apple___Cedar_apple_rust,Apple,Apple___Cedar_apple_rust_0103.jpg,E:\smart_agriculture\smart_agriculture\ai\severity\dataset\general_3000\images\Apple___Cedar_apple_rust\Apple___Cedar_apple_rust_0103.jpg,33.0566
8,Apple___Cedar_apple_rust,Apple,Apple___Cedar_apple_rust_0153.jpg,E:\smart_agriculture\smart_agriculture\ai\severity\dataset\general_3000\images\Apple___Cedar_apple_rust\Apple___Cedar_apple_rust_0153.jpg,35.8022
9,Apple___Cedar_apple_rust,Apple,Apple___Cedar_apple_rust_0022.jpg,E:\smart_agriculture\smart_agriculture\ai\severity\dataset\general_3000\images\Apple___Cedar_apple_rust\Apple___Cedar_apple_rust_0022.jpg,39.7049
10,Apple___Cedar_apple_rust,Apple,Apple___Cedar_apple_rust_0093.jpg,E:\smart_agriculture\smart_agriculture\ai\severity\dataset\general_3000\images\Apple___Cedar_apple_rust\Apple___Cedar_apple_rust_0093.jpg,44.8456
1,Corn_(maize)___Cercospora_leaf_spot Gray_leaf_spot,Corn,Corn_maize___Cercospora_leaf_spot_Gray_leaf_spot_0174.jpg,E:\smart_agriculture\smart_agriculture\ai\severity\dataset\general_3000\images\Corn_maize___Cercospora_leaf_spot_Gray_leaf_spot\Corn_maize___Cercospora_leaf_spot_Gray_leaf_spot_0174.jpg,0.383
2,Corn_(maize)___Cercospora_leaf_spot Gray_leaf_spot,Corn,Corn_maize___Cercospora_leaf_spot_Gray_leaf_spot_0240.jpg,E:\smart_agriculture\smart_agriculture\ai\severity\dataset\general_3000\images\Corn_maize___Cercospora_leaf_spot_Gray_leaf_spot\Corn_maize___Cercospora_leaf_spot_Gray_leaf_spot_0240.jpg,1.7136
3,Corn_(maize)___Cercospora_leaf_spot Gray_leaf_spot,Corn,Corn_maize___Cercospora_leaf_spot_Gray_leaf_spot_0232.jpg,E:\smart_agriculture\smart_agriculture\ai\severity\dataset\general_3000\images\Corn_maize___Cercospora_leaf_spot_Gray_leaf_spot\Corn_maize___Cercospora_leaf_spot_Gray_leaf_spot_0232.jpg,2.1759
4,Corn_(maize)___Cercospora_leaf_spot Gray_leaf_spot,Corn,Corn_maize___Cercospora_leaf_spot_Gray_leaf_spot_0114.jpg,E:\smart_agriculture\smart_agriculture\ai\severity\dataset\general_3000\images\Corn_maize___Cercospora_leaf_spot_Gray_leaf_spot\Corn_maize___Cercospora_leaf_spot_Gray_leaf_spot_0114.jpg,2.7481
5,Corn_(maize)___Cercospora_leaf_spot Gray_leaf_spot,Corn,Corn_maize___Cercospora_leaf_spot_Gray_leaf_spot_0248.jpg,E:\smart_agriculture\smart_agriculture\ai\severity\dataset\general_3000\images\Corn_maize___Cercospora_leaf_spot_Gray_leaf_spot\Corn_maize___Cercospora_leaf_spot_Gray_leaf_spot_0248.jpg,3.6819
6,Corn_(maize)___Cercospora_leaf_spot Gray_leaf_spot,Corn,Corn_maize___Cercospora_leaf_spot_Gray_leaf_spot_0044.jpg,E:\smart_agriculture\smart_agriculture\ai\severity\dataset\general_3000\images\Corn_maize___Cercospora_leaf_spot_Gray_leaf_spot\Corn_maize___Cercospora_leaf_spot_Gray_leaf_spot_0044.jpg,5.4489
7,Corn_(maize)___Cercospora_leaf_spot Gray_leaf_spot,Corn,Corn_maize___Cercospora_leaf_spot_Gray_leaf_spot_0014.jpg,E:\smart_agriculture\smart_agriculture\ai\severity\dataset\general_3000\images\Corn_maize___Cercospora_leaf_spot_Gray_leaf_spot\Corn_maize___Cercospora_leaf_spot_Gray_leaf_spot_0014.jpg,10.191
8,Corn_(maize)___Cercospora_leaf_spot Gray_leaf_spot,Corn,Corn_maize___Cercospora_leaf_spot_Gray_leaf_spot_0104.jpg,E:\smart_agriculture\smart_agriculture\ai\severity\dataset\general_3000\images\Corn_maize___Cercospora_leaf_spot_Gray_leaf_spot\Corn_maize___Cercospora_leaf_spot_Gray_leaf_spot_0104.jpg,16.7361
9,Corn_(maize)___Cercospora_leaf_spot Gray_leaf_spot,Corn,Corn_maize___Cercospora_leaf_spot_Gray_leaf_spot_0247.jpg,E:\smart_agriculture\smart_agriculture\ai\severity\dataset\general_3000\images\Corn_maize___Cercospora_leaf_spot_Gray_leaf_spot\Corn_maize___Cercospora_leaf_spot_Gray_leaf_spot_0247.jpg,28.1296
10,Corn_(maize)___Cercospora_leaf_spot Gray_leaf_spot,Corn,Corn_maize___Cercospora_leaf_spot_Gray_leaf_spot_0203.jpg,E:\smart_agriculture\smart_agriculture\ai\severity\dataset\general_3000\images\Corn_maize___Cercospora_leaf_spot_Gray_leaf_spot\Corn_maize___Cercospora_leaf_spot_Gray_leaf_spot_0203.jpg,44.5572
1,Corn_(maize)___Common_rust_,Corn,Corn_maize___Common_rust__0203.jpg,E:\smart_agriculture\smart_agriculture\ai\severity\dataset\general_3000\images\Corn_maize___Common_rust_\Corn_maize___Common_rust__0203.jpg,0.0348
2,Corn_(maize)___Common_rust_,Corn,Corn_maize___Common_rust__0017.jpg,E:\smart_agriculture\smart_agriculture\ai\severity\dataset\general_3000\images\Corn_maize___Common_rust_\Corn_maize___Common_rust__0017.jpg,1.4612
3,Corn_(maize)___Common_rust_,Corn,Corn_maize___Common_rust__0235.jpg,E:\smart_agriculture\smart_agriculture\ai\severity\dataset\general_3000\images\Corn_maize___Common_rust_\Corn_maize___Common_rust__0235.jpg,2.2285
4,Corn_(maize)___Common_rust_,Corn,Corn_maize___Common_rust__0199.jpg,E:\smart_agriculture\smart_agriculture\ai\severity\dataset\general_3000\images\Corn_maize___Common_rust_\Corn_maize___Common_rust__0199.jpg,3.5437
5,Corn_(maize)___Common_rust_,Corn,Corn_maize___Common_rust__0031.jpg,E:\smart_agriculture\smart_agriculture\ai\severity\dataset\general_3000\images\Corn_maize___Common_rust_\Corn_maize___Common_rust__0031.jpg,5.3283
6,Corn_(maize)___Common_rust_,Corn,Corn_maize___Common_rust__0107.jpg,E:\smart_agriculture\smart_agriculture\ai\severity\dataset\general_3000\images\Corn_maize___Common_rust_\Corn_maize___Common_rust__0107.jpg,10.3173
7,Corn_(maize)___Common_rust_,Corn,Corn_maize___Common_rust__0000.jpg,E:\smart_agriculture\smart_agriculture\ai\severity\dataset\general_3000\images\Corn_maize___Common_rust_\Corn_maize___Common_rust__0000.jpg,28.3149
8,Corn_(maize)___Common_rust_,Corn,Corn_maize___Common_rust__0188.jpg,E:\smart_agriculture\smart_agriculture\ai\severity\dataset\general_3000\images\Corn_maize___Common_rust_\Corn_maize___Common_rust__0188.jpg,40.5892
9,Corn_(maize)___Common_rust_,Corn,Corn_maize___Common_rust__0075.jpg,E:\smart_agriculture\smart_agriculture\ai\severity\dataset\general_3000\images\Corn_maize___Common_rust_\Corn_maize___Common_rust__0075.jpg,42.8938
10,Corn_(maize)___Common_rust_,Corn,Corn_maize___Common_rust__0095.jpg,E:\smart_agriculture\smart_agriculture\ai\severity\dataset\general_3000\images\Corn_maize___Common_rust_\Corn_maize___Common_rust__0095.jpg,44.9303
1,Corn_(maize)___Northern_Leaf_Blight,Corn,Corn_maize___Northern_Leaf_Blight_0107.jpg,E:\smart_agriculture\smart_agriculture\ai\severity\dataset\general_3000\images\Corn_maize___Northern_Leaf_Blight\Corn_maize___Northern_Leaf_Blight_0107.jpg,0.0443
2,Corn_(maize)___Northern_Leaf_Blight,Corn,Corn_maize___Northern_Leaf_Blight_0052.jpg,E:\smart_agriculture\smart_agriculture\ai\severity\dataset\general_3000\images\Corn_maize___Northern_Leaf_Blight\Corn_maize___Northern_Leaf_Blight_0052.jpg,1.6876
3,Corn_(maize)___Northern_Leaf_Blight,Corn,Corn_maize___Northern_Leaf_Blight_0114.jpg,E:\smart_agriculture\smart_agriculture\ai\severity\dataset\general_3000\images\Corn_maize___Northern_Leaf_Blight\Corn_maize___Northern_Leaf_Blight_0114.jpg,5.0339
4,Corn_(maize)___Northern_Leaf_Blight,Corn,Corn_maize___Northern_Leaf_Blight_0022.jpg,E:\smart_agriculture\smart_agriculture\ai\severity\dataset\general_3000\images\Corn_maize___Northern_Leaf_Blight\Corn_maize___Northern_Leaf_Blight_0022.jpg,9.3
5,Corn_(maize)___Northern_Leaf_Blight,Corn,Corn_maize___Northern_Leaf_Blight_0029.jpg,E:\smart_agriculture\smart_agriculture\ai\severity\dataset\general_3000\images\Corn_maize___Northern_Leaf_Blight\Corn_maize___Northern_Leaf_Blight_0029.jpg,22.3969
6,Corn_(maize)___Northern_Leaf_Blight,Corn,Corn_maize___Northern_Leaf_Blight_0168.jpg,E:\smart_agriculture\smart_agriculture\ai\severity\dataset\general_3000\images\Corn_maize___Northern_Leaf_Blight\Corn_maize___Northern_Leaf_Blight_0168.jpg,29.5837
7,Corn_(maize)___Northern_Leaf_Blight,Corn,Corn_maize___Northern_Leaf_Blight_0113.jpg,E:\smart_agriculture\smart_agriculture\ai\severity\dataset\general_3000\images\Corn_maize___Northern_Leaf_Blight\Corn_maize___Northern_Leaf_Blight_0113.jpg,35.8719
8,Corn_(maize)___Northern_Leaf_Blight,Corn,Corn_maize___Northern_Leaf_Blight_0151.jpg,E:\smart_agriculture\smart_agriculture\ai\severity\dataset\general_3000\images\Corn_maize___Northern_Leaf_Blight\Corn_maize___Northern_Leaf_Blight_0151.jpg,40.0848
9,Corn_(maize)___Northern_Leaf_Blight,Corn,Corn_maize___Northern_Leaf_Blight_0219.jpg,E:\smart_agriculture\smart_agriculture\ai\severity\dataset\general_3000\images\Corn_maize___Northern_Leaf_Blight\Corn_maize___Northern_Leaf_Blight_0219.jpg,42.395
10,Corn_(maize)___Northern_Leaf_Blight,Corn,Corn_maize___Northern_Leaf_Blight_0137.jpg,E:\smart_agriculture\smart_agriculture\ai\severity\dataset\general_3000\images\Corn_maize___Northern_Leaf_Blight\Corn_maize___Northern_Leaf_Blight_0137.jpg,44.9249
1,Potato___Early_blight,Potato,Potato___Early_blight_0119.jpg,E:\smart_agriculture\smart_agriculture\ai\severity\dataset\general_3000\images\Potato___Early_blight\Potato___Early_blight_0119.jpg,1.4394
2,Potato___Early_blight,Potato,Potato___Early_blight_0183.jpg,E:\smart_agriculture\smart_agriculture\ai\severity\dataset\general_3000\images\Potato___Early_blight\Potato___Early_blight_0183.jpg,2.5317
3,Potato___Early_blight,Potato,Potato___Early_blight_0142.jpg,E:\smart_agriculture\smart_agriculture\ai\severity\dataset\general_3000\images\Potato___Early_blight\Potato___Early_blight_0142.jpg,3.1902
4,Potato___Early_blight,Potato,Potato___Early_blight_0211.jpg,E:\smart_agriculture\smart_agriculture\ai\severity\dataset\general_3000\images\Potato___Early_blight\Potato___Early_blight_0211.jpg,3.814
5,Potato___Early_blight,Potato,Potato___Early_blight_0194.jpg,E:\smart_agriculture\smart_agriculture\ai\severity\dataset\general_3000\images\Potato___Early_blight\Potato___Early_blight_0194.jpg,4.1685
6,Potato___Early_blight,Potato,Potato___Early_blight_0084.jpg,E:\smart_agriculture\smart_agriculture\ai\severity\dataset\general_3000\images\Potato___Early_blight\Potato___Early_blight_0084.jpg,4.6244
7,Potato___Early_blight,Potato,Potato___Early_blight_0198.jpg,E:\smart_agriculture\smart_agriculture\ai\severity\dataset\general_3000\images\Potato___Early_blight\Potato___Early_blight_0198.jpg,5.3196
8,Potato___Early_blight,Potato,Potato___Early_blight_0190.jpg,E:\smart_agriculture\smart_agriculture\ai\severity\dataset\general_3000\images\Potato___Early_blight\Potato___Early_blight_0190.jpg,6.1749
9,Potato___Early_blight,Potato,Potato___Early_blight_0131.jpg,E:\smart_agriculture\smart_agriculture\ai\severity\dataset\general_3000\images\Potato___Early_blight\Potato___Early_blight_0131.jpg,34.1429
10,Potato___Early_blight,Potato,Potato___Early_blight_0129.jpg,E:\smart_agriculture\smart_agriculture\ai\severity\dataset\general_3000\images\Potato___Early_blight\Potato___Early_blight_0129.jpg,44.8816
1,Potato___Late_blight,Potato,Potato___Late_blight_0119.jpg,E:\smart_agriculture\smart_agriculture\ai\severity\dataset\general_3000\images\Potato___Late_blight\Potato___Late_blight_0119.jpg,0.351
2,Potato___Late_blight,Potato,Potato___Late_blight_0025.jpg,E:\smart_agriculture\smart_agriculture\ai\severity\dataset\general_3000\images\Potato___Late_blight\Potato___Late_blight_0025.jpg,2.349
3,Potato___Late_blight,Potato,Potato___Late_blight_0115.jpg,E:\smart_agriculture\smart_agriculture\ai\severity\dataset\general_3000\images\Potato___Late_blight\Potato___Late_blight_0115.jpg,3.8979
4,Potato___Late_blight,Potato,Potato___Late_blight_0114.jpg,E:\smart_agriculture\smart_agriculture\ai\severity\dataset\general_3000\images\Potato___Late_blight\Potato___Late_blight_0114.jpg,7.3738
5,Potato___Late_blight,Potato,Potato___Late_blight_0234.jpg,E:\smart_agriculture\smart_agriculture\ai\severity\dataset\general_3000\images\Potato___Late_blight\Potato___Late_blight_0234.jpg,11.2167
6,Potato___Late_blight,Potato,Potato___Late_blight_0206.jpg,E:\smart_agriculture\smart_agriculture\ai\severity\dataset\general_3000\images\Potato___Late_blight\Potato___Late_blight_0206.jpg,29.0475
7,Potato___Late_blight,Potato,Potato___Late_blight_0178.jpg,E:\smart_agriculture\smart_agriculture\ai\severity\dataset\general_3000\images\Potato___Late_blight\Potato___Late_blight_0178.jpg,33.0078
8,Potato___Late_blight,Potato,Potato___Late_blight_0103.jpg,E:\smart_agriculture\smart_agriculture\ai\severity\dataset\general_3000\images\Potato___Late_blight\Potato___Late_blight_0103.jpg,35.8572
9,Potato___Late_blight,Potato,Potato___Late_blight_0184.jpg,E:\smart_agriculture\smart_agriculture\ai\severity\dataset\general_3000\images\Potato___Late_blight\Potato___Late_blight_0184.jpg,38.9496
10,Potato___Late_blight,Potato,Potato___Late_blight_0034.jpg,E:\smart_agriculture\smart_agriculture\ai\severity\dataset\general_3000\images\Potato___Late_blight\Potato___Late_blight_0034.jpg,44.5291
1,Tomato___Bacterial_spot,Tomato,Tomato___Bacterial_spot_0173.jpg,E:\smart_agriculture\smart_agriculture\ai\severity\dataset\general_3000\images\Tomato___Bacterial_spot\Tomato___Bacterial_spot_0173.jpg,0.0412
2,Tomato___Bacterial_spot,Tomato,Tomato___Bacterial_spot_0090.jpg,E:\smart_agriculture\smart_agriculture\ai\severity\dataset\general_3000\images\Tomato___Bacterial_spot\Tomato___Bacterial_spot_0090.jpg,1.6998
3,Tomato___Bacterial_spot,Tomato,Tomato___Bacterial_spot_0109.jpg,E:\smart_agriculture\smart_agriculture\ai\severity\dataset\general_3000\images\Tomato___Bacterial_spot\Tomato___Bacterial_spot_0109.jpg,5.0827
4,Tomato___Bacterial_spot,Tomato,Tomato___Bacterial_spot_0080.jpg,E:\smart_agriculture\smart_agriculture\ai\severity\dataset\general_3000\images\Tomato___Bacterial_spot\Tomato___Bacterial_spot_0080.jpg,12.7945
5,Tomato___Bacterial_spot,Tomato,Tomato___Bacterial_spot_0071.jpg,E:\smart_agriculture\smart_agriculture\ai\severity\dataset\general_3000\images\Tomato___Bacterial_spot\Tomato___Bacterial_spot_0071.jpg,20.4826
6,Tomato___Bacterial_spot,Tomato,Tomato___Bacterial_spot_0133.jpg,E:\smart_agriculture\smart_agriculture\ai\severity\dataset\general_3000\images\Tomato___Bacterial_spot\Tomato___Bacterial_spot_0133.jpg,32.6828
7,Tomato___Bacterial_spot,Tomato,Tomato___Bacterial_spot_0042.jpg,E:\smart_agriculture\smart_agriculture\ai\severity\dataset\general_3000\images\Tomato___Bacterial_spot\Tomato___Bacterial_spot_0042.jpg,35.6796
8,Tomato___Bacterial_spot,Tomato,Tomato___Bacterial_spot_0216.jpg,E:\smart_agriculture\smart_agriculture\ai\severity\dataset\general_3000\images\Tomato___Bacterial_spot\Tomato___Bacterial_spot_0216.jpg,38.7299
9,Tomato___Bacterial_spot,Tomato,Tomato___Bacterial_spot_0128.jpg,E:\smart_agriculture\smart_agriculture\ai\severity\dataset\general_3000\images\Tomato___Bacterial_spot\Tomato___Bacterial_spot_0128.jpg,41.4261
10,Tomato___Bacterial_spot,Tomato,Tomato___Bacterial_spot_0098.jpg,E:\smart_agriculture\smart_agriculture\ai\severity\dataset\general_3000\images\Tomato___Bacterial_spot\Tomato___Bacterial_spot_0098.jpg,44.9921
1,Tomato___Early_blight,Tomato,Tomato___Early_blight_0152.jpg,E:\smart_agriculture\smart_agriculture\ai\severity\dataset\general_3000\images\Tomato___Early_blight\Tomato___Early_blight_0152.jpg,0.1244
2,Tomato___Early_blight,Tomato,Tomato___Early_blight_0178.jpg,E:\smart_agriculture\smart_agriculture\ai\severity\dataset\general_3000\images\Tomato___Early_blight\Tomato___Early_blight_0178.jpg,3.3543
3,Tomato___Early_blight,Tomato,Tomato___Early_blight_0019.jpg,E:\smart_agriculture\smart_agriculture\ai\severity\dataset\general_3000\images\Tomato___Early_blight\Tomato___Early_blight_0019.jpg,5.9652
4,Tomato___Early_blight,Tomato,Tomato___Early_blight_0090.jpg,E:\smart_agriculture\smart_agriculture\ai\severity\dataset\general_3000\images\Tomato___Early_blight\Tomato___Early_blight_0090.jpg,11.8217
5,Tomato___Early_blight,Tomato,Tomato___Early_blight_0238.jpg,E:\smart_agriculture\smart_agriculture\ai\severity\dataset\general_3000\images\Tomato___Early_blight\Tomato___Early_blight_0238.jpg,19.2445
6,Tomato___Early_blight,Tomato,Tomato___Early_blight_0231.jpg,E:\smart_agriculture\smart_agriculture\ai\severity\dataset\general_3000\images\Tomato___Early_blight\Tomato___Early_blight_0231.jpg,27.6199
7,Tomato___Early_blight,Tomato,Tomato___Early_blight_0031.jpg,E:\smart_agriculture\smart_agriculture\ai\severity\dataset\general_3000\images\Tomato___Early_blight\Tomato___Early_blight_0031.jpg,32.9605
8,Tomato___Early_blight,Tomato,Tomato___Early_blight_0132.jpg,E:\smart_agriculture\smart_agriculture\ai\severity\dataset\general_3000\images\Tomato___Early_blight\Tomato___Early_blight_0132.jpg,36.9644
9,Tomato___Early_blight,Tomato,Tomato___Early_blight_0138.jpg,E:\smart_agriculture\smart_agriculture\ai\severity\dataset\general_3000\images\Tomato___Early_blight\Tomato___Early_blight_0138.jpg,40.1585
10,Tomato___Early_blight,Tomato,Tomato___Early_blight_0206.jpg,E:\smart_agriculture\smart_agriculture\ai\severity\dataset\general_3000\images\Tomato___Early_blight\Tomato___Early_blight_0206.jpg,44.8578
1,Tomato___Late_blight,Tomato,Tomato___Late_blight_0173.jpg,E:\smart_agriculture\smart_agriculture\ai\severity\dataset\general_3000\images\Tomato___Late_blight\Tomato___Late_blight_0173.jpg,0.229
2,Tomato___Late_blight,Tomato,Tomato___Late_blight_0208.jpg,E:\smart_agriculture\smart_agriculture\ai\severity\dataset\general_3000\images\Tomato___Late_blight\Tomato___Late_blight_0208.jpg,5.8701
3,Tomato___Late_blight,Tomato,Tomato___Late_blight_0000.jpg,E:\smart_agriculture\smart_agriculture\ai\severity\dataset\general_3000\images\Tomato___Late_blight\Tomato___Late_blight_0000.jpg,11.0114
4,Tomato___Late_blight,Tomato,Tomato___Late_blight_0183.jpg,E:\smart_agriculture\smart_agriculture\ai\severity\dataset\general_3000\images\Tomato___Late_blight\Tomato___Late_blight_0183.jpg,16.5878
5,Tomato___Late_blight,Tomato,Tomato___Late_blight_0244.jpg,E:\smart_agriculture\smart_agriculture\ai\severity\dataset\general_3000\images\Tomato___Late_blight\Tomato___Late_blight_0244.jpg,21.9382
6,Tomato___Late_blight,Tomato,Tomato___Late_blight_0008.jpg,E:\smart_agriculture\smart_agriculture\ai\severity\dataset\general_3000\images\Tomato___Late_blight\Tomato___Late_blight_0008.jpg,29.2908
7,Tomato___Late_blight,Tomato,Tomato___Late_blight_0017.jpg,E:\smart_agriculture\smart_agriculture\ai\severity\dataset\general_3000\images\Tomato___Late_blight\Tomato___Late_blight_0017.jpg,32.8217
8,Tomato___Late_blight,Tomato,Tomato___Late_blight_0162.jpg,E:\smart_agriculture\smart_agriculture\ai\severity\dataset\general_3000\images\Tomato___Late_blight\Tomato___Late_blight_0162.jpg,36.5448
9,Tomato___Late_blight,Tomato,Tomato___Late_blight_0011.jpg,E:\smart_agriculture\smart_agriculture\ai\severity\dataset\general_3000\images\Tomato___Late_blight\Tomato___Late_blight_0011.jpg,40.4522
10,Tomato___Late_blight,Tomato,Tomato___Late_blight_0193.jpg,E:\smart_agriculture\smart_agriculture\ai\severity\dataset\general_3000\images\Tomato___Late_blight\Tomato___Late_blight_0193.jpg,44.7388
1,Tomato___Leaf_Mold,Tomato,Tomato___Leaf_Mold_0015.jpg,E:\smart_agriculture\smart_agriculture\ai\severity\dataset\general_3000\images\Tomato___Leaf_Mold\Tomato___Leaf_Mold_0015.jpg,0.385
2,Tomato___Leaf_Mold,Tomato,Tomato___Leaf_Mold_0166.jpg,E:\smart_agriculture\smart_agriculture\ai\severity\dataset\general_3000\images\Tomato___Leaf_Mold\Tomato___Leaf_Mold_0166.jpg,4.1772
3,Tomato___Leaf_Mold,Tomato,Tomato___Leaf_Mold_0138.jpg,E:\smart_agriculture\smart_agriculture\ai\severity\dataset\general_3000\images\Tomato___Leaf_Mold\Tomato___Leaf_Mold_0138.jpg,7.387
4,Tomato___Leaf_Mold,Tomato,Tomato___Leaf_Mold_0076.jpg,E:\smart_agriculture\smart_agriculture\ai\severity\dataset\general_3000\images\Tomato___Leaf_Mold\Tomato___Leaf_Mold_0076.jpg,14.4069
5,Tomato___Leaf_Mold,Tomato,Tomato___Leaf_Mold_0194.jpg,E:\smart_agriculture\smart_agriculture\ai\severity\dataset\general_3000\images\Tomato___Leaf_Mold\Tomato___Leaf_Mold_0194.jpg,21.5088
6,Tomato___Leaf_Mold,Tomato,Tomato___Leaf_Mold_0124.jpg,E:\smart_agriculture\smart_agriculture\ai\severity\dataset\general_3000\images\Tomato___Leaf_Mold\Tomato___Leaf_Mold_0124.jpg,25.6639
7,Tomato___Leaf_Mold,Tomato,Tomato___Leaf_Mold_0119.jpg,E:\smart_agriculture\smart_agriculture\ai\severity\dataset\general_3000\images\Tomato___Leaf_Mold\Tomato___Leaf_Mold_0119.jpg,29.9469
8,Tomato___Leaf_Mold,Tomato,Tomato___Leaf_Mold_0059.jpg,E:\smart_agriculture\smart_agriculture\ai\severity\dataset\general_3000\images\Tomato___Leaf_Mold\Tomato___Leaf_Mold_0059.jpg,32.3302
9,Tomato___Leaf_Mold,Tomato,Tomato___Leaf_Mold_0248.jpg,E:\smart_agriculture\smart_agriculture\ai\severity\dataset\general_3000\images\Tomato___Leaf_Mold\Tomato___Leaf_Mold_0248.jpg,41.5222
10,Tomato___Leaf_Mold,Tomato,Tomato___Leaf_Mold_0107.jpg,E:\smart_agriculture\smart_agriculture\ai\severity\dataset\general_3000\images\Tomato___Leaf_Mold\Tomato___Leaf_Mold_0107.jpg,44.4513
