image_path,true_label,true_class,predicted_label,predicted_class,confidence,correct
C:\smart_agriculture\ai\disease\external_test\images\Apple Scab Leaf\052609%20Hartman%20Crabapple%20scab%20single%20leaf.JPG.jpg,0,Apple___Apple_scab,0,Apple___Apple_scab,0.9778332114219666,True
C:\smart_agriculture\ai\disease\external_test\images\Apple Scab Leaf\1b321015-6e33-4f18-aade-888f4383fe92.jpeg.jpg,0,Apple___Apple_scab,2,Apple___Cedar_apple_rust,0.4870472550392151,False
C:\smart_agriculture\ai\disease\external_test\images\Apple Scab Leaf\28-500x375.jpg,0,Apple___Apple_scab,0,Apple___Apple_scab,0.43189525604248047,True
C:\smart_agriculture\ai\disease\external_test\images\Apple Scab Leaf\816.jpg,0,Apple___Apple_scab,20,Potato___Early_blight,0.4209323227405548,False
C:\smart_agriculture\ai\disease\external_test\images\Apple Scab Leaf\apple%20scab%20leaf.jpg,0,Apple___Apple_scab,0,Apple___Apple_scab,0.2795937657356262,True
C:\smart_agriculture\ai\disease\external_test\images\Apple Scab Leaf\apple%20scabnew.jpg,0,Apple___Apple_scab,0,Apple___Apple_scab,0.23829065263271332,True
C:\smart_agriculture\ai\disease\external_test\images\Apple Scab Leaf\apple-scab-5366820.jpg,0,Apple___Apple_scab,0,Apple___Apple_scab,0.8592141270637512,True
C:\smart_agriculture\ai\disease\external_test\images\Apple Scab Leaf\apples_apple-scab_01_zoom.jpg,0,Apple___Apple_scab,0,Apple___Apple_scab,0.8285354375839233,True
C:\smart_agriculture\ai\disease\external_test\images\Apple Scab Leaf\apples_apple-scab_02_thm.jpg,0,Apple___Apple_scab,0,Apple___Apple_scab,0.9790011048316956,True
C:\smart_agriculture\ai\disease\external_test\images\Apple Scab Leaf\apples_apple-scab_10_zoom.jpg,0,Apple___Apple_scab,13,Grape___healthy,0.2326369732618332,False
C:\smart_agriculture\ai\disease\external_test\images\Apple rust leaf\02.-Rust-2017-207u24s.jpg,2,Apple___Cedar_apple_rust,22,Potato___Late_blight,0.5324991941452026,False
C:\smart_agriculture\ai\disease\external_test\images\Apple rust leaf\0605_Rust-induced_leafspot.jpg,2,Apple___Cedar_apple_rust,2,Apple___Cedar_apple_rust,0.9492489695549011,True
C:\smart_agriculture\ai\disease\external_test\images\Apple rust leaf\185161-004-EAF28842.jpg,2,Apple___Cedar_apple_rust,2,Apple___Cedar_apple_rust,0.6196486949920654,True
C:\smart_agriculture\ai\disease\external_test\images\Apple rust leaf\2011-011.jpg,2,Apple___Cedar_apple_rust,32,Tomato___Leaf_Mold,0.25542309880256653,False
C:\smart_agriculture\ai\disease\external_test\images\Apple rust leaf\20130519cedarapplerust.jpg,2,Apple___Cedar_apple_rust,2,Apple___Cedar_apple_rust,0.7453892230987549,True
C:\smart_agriculture\ai\disease\external_test\images\Apple rust leaf\20130610_110514.jpg,2,Apple___Cedar_apple_rust,2,Apple___Cedar_apple_rust,0.7694125175476074,True
C:\smart_agriculture\ai\disease\external_test\images\Apple rust leaf\20130802_111632.jpg,2,Apple___Cedar_apple_rust,29,Tomato___Early_blight,0.5196217894554138,False
C:\smart_agriculture\ai\disease\external_test\images\Apple rust leaf\4-apple-rust2_19011_matt-bertone.jpg,2,Apple___Cedar_apple_rust,20,Potato___Early_blight,0.19849690794944763,False
C:\smart_agriculture\ai\disease\external_test\images\Apple rust leaf\9343310-small.jpg,2,Apple___Cedar_apple_rust,2,Apple___Cedar_apple_rust,0.5997754335403442,True
C:\smart_agriculture\ai\disease\external_test\images\Apple rust leaf\99e886623c2080c22f6519b0e708c531.jpg,2,Apple___Cedar_apple_rust,2,Apple___Cedar_apple_rust,0.9351339340209961,True
C:\smart_agriculture\ai\disease\external_test\images\Bell_pepper leaf spot\00.jpg,18,"Pepper,_bell___Bacterial_spot",18,"Pepper,_bell___Bacterial_spot",0.5575526356697083,True
C:\smart_agriculture\ai\disease\external_test\images\Bell_pepper leaf spot\000.jpg,18,"Pepper,_bell___Bacterial_spot",28,Tomato___Bacterial_spot,0.7371974587440491,False
C:\smart_agriculture\ai\disease\external_test\images\Bell_pepper leaf spot\01.jpg,18,"Pepper,_bell___Bacterial_spot",28,Tomato___Bacterial_spot,0.7888460159301758,False
C:\smart_agriculture\ai\disease\external_test\images\Bell_pepper leaf spot\Bacterial-spot-pepper2.jpg,18,"Pepper,_bell___Bacterial_spot",18,"Pepper,_bell___Bacterial_spot",0.32398515939712524,True
C:\smart_agriculture\ai\disease\external_test\images\Bell_pepper leaf spot\bacterial_leaf_spot_pepper_l.jpg,18,"Pepper,_bell___Bacterial_spot",18,"Pepper,_bell___Bacterial_spot",0.9828858375549316,True
C:\smart_agriculture\ai\disease\external_test\images\Bell_pepper leaf spot\CMVpepperLeafShock-copy-50QUALITY-1ge8umw.jpg,18,"Pepper,_bell___Bacterial_spot",0,Apple___Apple_scab,0.29818129539489746,False
C:\smart_agriculture\ai\disease\external_test\images\Bell_pepper leaf spot\H5w92.jpg,18,"Pepper,_bell___Bacterial_spot",18,"Pepper,_bell___Bacterial_spot",0.9609704613685608,True
C:\smart_agriculture\ai\disease\external_test\images\Bell_pepper leaf spot\pepper-spot.jpg,18,"Pepper,_bell___Bacterial_spot",18,"Pepper,_bell___Bacterial_spot",0.4323347806930542,True
C:\smart_agriculture\ai\disease\external_test\images\Bell_pepper leaf spot\pepper_bacterial-spot_03_zoom.jpg,18,"Pepper,_bell___Bacterial_spot",33,Tomato___Septoria_leaf_spot,0.5744997262954712,False
C:\smart_agriculture\ai\disease\external_test\images\Corn Gray leaf spot\IMG_42231.jpg,7,Corn_(maize)___Cercospora_leaf_spot Gray_leaf_spot,8,Corn_(maize)___Common_rust_,0.22686000168323517,False
C:\smart_agriculture\ai\disease\external_test\images\Corn Gray leaf spot\rsz0803Figure6.jpg,7,Corn_(maize)___Cercospora_leaf_spot Gray_leaf_spot,10,Corn_(maize)___Northern_Leaf_Blight,0.5176835060119629,False
"C:\smart_agriculture\ai\disease\external_test\images\Corn Gray leaf spot\show_picture.asp_id=aaaaaaaaaaogcqq&w2=420&h2=378&clip=center,420,378&meta=0.jpg",7,Corn_(maize)___Cercospora_leaf_spot Gray_leaf_spot,7,Corn_(maize)___Cercospora_leaf_spot Gray_leaf_spot,0.9159044623374939,True
C:\smart_agriculture\ai\disease\external_test\images\Corn Gray leaf spot\strom5.jpg,7,Corn_(maize)___Cercospora_leaf_spot Gray_leaf_spot,7,Corn_(maize)___Cercospora_leaf_spot Gray_leaf_spot,0.5251756310462952,True
C:\smart_agriculture\ai\disease\external_test\images\Corn rust leaf\0796.39maizerust.jpg,8,Corn_(maize)___Common_rust_,8,Corn_(maize)___Common_rust_,0.9932429194450378,True
C:\smart_agriculture\ai\disease\external_test\images\Corn rust leaf\0796.40comrust.jpg,8,Corn_(maize)___Common_rust_,8,Corn_(maize)___Common_rust_,0.9602118134498596,True
C:\smart_agriculture\ai\disease\external_test\images\Corn rust leaf\0796.47southrust.jpg,8,Corn_(maize)___Common_rust_,8,Corn_(maize)___Common_rust_,0.9927470088005066,True
C:\smart_agriculture\ai\disease\external_test\images\Corn rust leaf\0796.52srusttelia.jpg,8,Corn_(maize)___Common_rust_,7,Corn_(maize)___Cercospora_leaf_spot Gray_leaf_spot,0.5470929741859436,False
C:\smart_agriculture\ai\disease\external_test\images\Corn rust leaf\12-19striprustJIM.jpg,8,Corn_(maize)___Common_rust_,8,Corn_(maize)___Common_rust_,0.6943175196647644,True
C:\smart_agriculture\ai\disease\external_test\images\Corn rust leaf\1355.50commonrust.jpg,8,Corn_(maize)___Common_rust_,8,Corn_(maize)___Common_rust_,0.9491280317306519,True
C:\smart_agriculture\ai\disease\external_test\images\Corn rust leaf\2256-body-1501555581-1.jpg,8,Corn_(maize)___Common_rust_,8,Corn_(maize)___Common_rust_,0.9061701893806458,True
C:\smart_agriculture\ai\disease\external_test\images\Corn rust leaf\393.jpg,8,Corn_(maize)___Common_rust_,8,Corn_(maize)___Common_rust_,0.9935318231582642,True
C:\smart_agriculture\ai\disease\external_test\images\Corn rust leaf\5496239405_d95bdb97d1_z.jpg,8,Corn_(maize)___Common_rust_,8,Corn_(maize)___Common_rust_,0.9848372340202332,True
C:\smart_agriculture\ai\disease\external_test\images\Corn rust leaf\80104747.jpg,8,Corn_(maize)___Common_rust_,8,Corn_(maize)___Common_rust_,0.7444444298744202,True
C:\smart_agriculture\ai\disease\external_test\images\Potato leaf early blight\3023.jpg,20,Potato___Early_blight,22,Potato___Late_blight,0.5191715359687805,False
C:\smart_agriculture\ai\disease\external_test\images\Potato leaf early blight\backus-056-potato-blight.jpg,20,Potato___Early_blight,20,Potato___Early_blight,0.489917516708374,True
C:\smart_agriculture\ai\disease\external_test\images\Potato leaf early blight\early-blight-alternaria-alternata-leaf-spotting-on-potato-leaf-X91XJE.jpg,20,Potato___Early_blight,20,Potato___Early_blight,0.8796736001968384,True
C:\smart_agriculture\ai\disease\external_test\images\Potato leaf early blight\early-blight-or-target-spot-alternaria-solani-lesions-on-a-tomato-AXK6AY.jpg,20,Potato___Early_blight,20,Potato___Early_blight,0.47403255105018616,True
C:\smart_agriculture\ai\disease\external_test\images\Potato leaf early blight\earlyblightpotato.jpg,20,Potato___Early_blight,29,Tomato___Early_blight,0.7792966365814209,False
C:\smart_agriculture\ai\disease\external_test\images\Potato leaf early blight\potato-blight-phytophthora-infestans-close-up-of-upper-surface-of-BMMRXC.jpg,20,Potato___Early_blight,22,Potato___Late_blight,0.7939174771308899,False
C:\smart_agriculture\ai\disease\external_test\images\Potato leaf early blight\potato-early-blight-alternaria-alternata-lesion-on-a-potato-leaf-a1w1em.jpg,20,Potato___Early_blight,20,Potato___Early_blight,0.9641508460044861,True
C:\smart_agriculture\ai\disease\external_test\images\Potato leaf early blight\potatobd001.jpg,20,Potato___Early_blight,22,Potato___Late_blight,0.6296800971031189,False
C:\smart_agriculture\ai\disease\external_test\images\Potato leaf late blight\1421_0.jpeg_itok=FMtmgePj.jpg,22,Potato___Late_blight,20,Potato___Early_blight,0.9602169394493103,False
C:\smart_agriculture\ai\disease\external_test\images\Potato leaf late blight\20090710-lateblight.jpg,22,Potato___Late_blight,22,Potato___Late_blight,0.31363844871520996,True
C:\smart_agriculture\ai\disease\external_test\images\Potato leaf late blight\2540_600.jpg,22,Potato___Late_blight,31,Tomato___Late_blight,0.7097874879837036,False
C:\smart_agriculture\ai\disease\external_test\images\Potato leaf late blight\5816740026_d42ef24413_Phytophthora-Infestans.jpg,22,Potato___Late_blight,31,Tomato___Late_blight,0.49419230222702026,False
C:\smart_agriculture\ai\disease\external_test\images\Potato leaf late blight\B2750109-Late_blight_on_a_potato_plant-SPL.jpg,22,Potato___Late_blight,22,Potato___Late_blight,0.7425560355186462,True
C:\smart_agriculture\ai\disease\external_test\images\Potato leaf late blight\irish-blight-symptoms-on-potato-leaves-atmf8b.jpg,22,Potato___Late_blight,20,Potato___Early_blight,0.9878385066986084,False
C:\smart_agriculture\ai\disease\external_test\images\Potato leaf late blight\LateBlight04.jpg,22,Potato___Late_blight,22,Potato___Late_blight,0.9833092093467712,True
C:\smart_agriculture\ai\disease\external_test\images\Potato leaf late blight\potato-late-blight.jpg,22,Potato___Late_blight,20,Potato___Early_blight,0.7633342742919922,False
C:\smart_agriculture\ai\disease\external_test\images\Squash Powdery mildew leaf\powdery-mildew-erysiphe-plantani-on-young-sycamore-leaves-b774tm.jpg,25,Squash___Powdery_mildew,32,Tomato___Leaf_Mold,0.7885392904281616,False
C:\smart_agriculture\ai\disease\external_test\images\Squash Powdery mildew leaf\powdery-mildew-on-pumpkin-leaves-close-up-2.jpg,25,Squash___Powdery_mildew,25,Squash___Powdery_mildew,0.9539926648139954,True
C:\smart_agriculture\ai\disease\external_test\images\Squash Powdery mildew leaf\Powdery-Mildew-on-squash.jpg,25,Squash___Powdery_mildew,25,Squash___Powdery_mildew,0.9188570380210876,True
C:\smart_agriculture\ai\disease\external_test\images\Squash Powdery mildew leaf\powdery-mildew-sphaerotheca-fuliginea-infection-on-pumpkin-leaves-ajdkkx.jpg,25,Squash___Powdery_mildew,25,Squash___Powdery_mildew,0.9454120397567749,True
C:\smart_agriculture\ai\disease\external_test\images\Squash Powdery mildew leaf\squash-leave-w-powd-mild.jpg,25,Squash___Powdery_mildew,25,Squash___Powdery_mildew,0.9829803705215454,True
C:\smart_agriculture\ai\disease\external_test\images\Squash Powdery mildew leaf\surface.jpg,25,Squash___Powdery_mildew,25,Squash___Powdery_mildew,0.5271723866462708,True
C:\smart_agriculture\ai\disease\external_test\images\Tomato Early blight leaf\039b47d574bc4bb8a14259a1cd96a741.jpg,29,Tomato___Early_blight,28,Tomato___Bacterial_spot,0.2250242531299591,False
C:\smart_agriculture\ai\disease\external_test\images\Tomato Early blight leaf\100983448.jpg,29,Tomato___Early_blight,29,Tomato___Early_blight,0.6384020447731018,True
C:\smart_agriculture\ai\disease\external_test\images\Tomato Early blight leaf\1234080-Early-Blight.jpg,29,Tomato___Early_blight,29,Tomato___Early_blight,0.6562292575836182,True
C:\smart_agriculture\ai\disease\external_test\images\Tomato Early blight leaf\bugs-and-blight-061.jpg,29,Tomato___Early_blight,33,Tomato___Septoria_leaf_spot,0.22658896446228027,False
C:\smart_agriculture\ai\disease\external_test\images\Tomato Early blight leaf\dscn3175.jpg,29,Tomato___Early_blight,28,Tomato___Bacterial_spot,0.332966148853302,False
C:\smart_agriculture\ai\disease\external_test\images\Tomato Early blight leaf\early_blight1-150x150.jpg,29,Tomato___Early_blight,20,Potato___Early_blight,0.42452189326286316,False
C:\smart_agriculture\ai\disease\external_test\images\Tomato Early blight leaf\earlyblight21_.jpg,29,Tomato___Early_blight,28,Tomato___Bacterial_spot,0.410216361284256,False
C:\smart_agriculture\ai\disease\external_test\images\Tomato Early blight leaf\Shoemaker_7068.JPG.jpg,29,Tomato___Early_blight,29,Tomato___Early_blight,0.4810601770877838,True
C:\smart_agriculture\ai\disease\external_test\images\Tomato Early blight leaf\tomato_early-blight_01_zoom.jpg,29,Tomato___Early_blight,29,Tomato___Early_blight,0.9186267256736755,True
C:\smart_agriculture\ai\disease\external_test\images\Tomato Septoria leaf spot\0.jpg,33,Tomato___Septoria_leaf_spot,33,Tomato___Septoria_leaf_spot,0.3762965798377991,True
C:\smart_agriculture\ai\disease\external_test\images\Tomato Septoria leaf spot\2septoria-tomato.jpg,33,Tomato___Septoria_leaf_spot,33,Tomato___Septoria_leaf_spot,0.43115752935409546,True
C:\smart_agriculture\ai\disease\external_test\images\Tomato Septoria leaf spot\2STEM.jpg,33,Tomato___Septoria_leaf_spot,33,Tomato___Septoria_leaf_spot,0.7696853280067444,True
C:\smart_agriculture\ai\disease\external_test\images\Tomato Septoria leaf spot\55830b60a7cf2.image.jpg,33,Tomato___Septoria_leaf_spot,29,Tomato___Early_blight,0.33044782280921936,False
C:\smart_agriculture\ai\disease\external_test\images\Tomato Septoria leaf spot\6134794031202304.jpeg.jpg,33,Tomato___Septoria_leaf_spot,28,Tomato___Bacterial_spot,0.5578457713127136,False
C:\smart_agriculture\ai\disease\external_test\images\Tomato Septoria leaf spot\636227737977191231-septoria-leaf-spot-VT.jpg,33,Tomato___Septoria_leaf_spot,29,Tomato___Early_blight,0.7035313844680786,False
C:\smart_agriculture\ai\disease\external_test\images\Tomato Septoria leaf spot\6447731_orig.jpg,33,Tomato___Septoria_leaf_spot,28,Tomato___Bacterial_spot,0.6870143413543701,False
C:\smart_agriculture\ai\disease\external_test\images\Tomato Septoria leaf spot\7-17-Photo3_Septoria-MARY.jpg,33,Tomato___Septoria_leaf_spot,28,Tomato___Bacterial_spot,0.7203633189201355,False
C:\smart_agriculture\ai\disease\external_test\images\Tomato Septoria leaf spot\early-blight-septoria-ls-fig-3.jpg,33,Tomato___Septoria_leaf_spot,33,Tomato___Septoria_leaf_spot,0.98093581199646,True
C:\smart_agriculture\ai\disease\external_test\images\Tomato Septoria leaf spot\RARZ4.jpg,33,Tomato___Septoria_leaf_spot,28,Tomato___Bacterial_spot,0.4654475152492523,False
C:\smart_agriculture\ai\disease\external_test\images\Tomato Septoria leaf spot\sept4disease-019.jpg,33,Tomato___Septoria_leaf_spot,33,Tomato___Septoria_leaf_spot,0.8293116092681885,True
C:\smart_agriculture\ai\disease\external_test\images\Tomato leaf bacterial spot\%2320+Bacterial+Spot+and+Speck.jpg,28,Tomato___Bacterial_spot,33,Tomato___Septoria_leaf_spot,0.8205658197402954,False
C:\smart_agriculture\ai\disease\external_test\images\Tomato leaf bacterial spot\07.17.18-Common_Tomato_Diseases_Canker-258x300.jpg,28,Tomato___Bacterial_spot,28,Tomato___Bacterial_spot,0.9400917887687683,True
C:\smart_agriculture\ai\disease\external_test\images\Tomato leaf bacterial spot\bact-spot-fig-1.jpg,28,Tomato___Bacterial_spot,18,"Pepper,_bell___Bacterial_spot",0.8658924698829651,False
C:\smart_agriculture\ai\disease\external_test\images\Tomato leaf bacterial spot\Bacterial_spots563.jpg,28,Tomato___Bacterial_spot,28,Tomato___Bacterial_spot,0.6899591088294983,True
C:\smart_agriculture\ai\disease\external_test\images\Tomato leaf bacterial spot\Tom_Bact3.jpg,28,Tomato___Bacterial_spot,8,Corn_(maize)___Common_rust_,0.33579710125923157,False
C:\smart_agriculture\ai\disease\external_test\images\Tomato leaf bacterial spot\Tom_Bact7.jpg,28,Tomato___Bacterial_spot,33,Tomato___Septoria_leaf_spot,0.33198875188827515,False
C:\smart_agriculture\ai\disease\external_test\images\Tomato leaf bacterial spot\Tomato%2BBacterial%2BSpot%2Bon%2BLeaves.jpg,28,Tomato___Bacterial_spot,33,Tomato___Septoria_leaf_spot,0.7218455672264099,False
C:\smart_agriculture\ai\disease\external_test\images\Tomato leaf bacterial spot\tomato_bacterial-speck_01_zoom.jpg,28,Tomato___Bacterial_spot,28,Tomato___Bacterial_spot,0.4934372007846832,True
C:\smart_agriculture\ai\disease\external_test\images\Tomato leaf bacterial spot\tomato_V8.jpg,28,Tomato___Bacterial_spot,32,Tomato___Leaf_Mold,0.38989850878715515,False
C:\smart_agriculture\ai\disease\external_test\images\Tomato leaf late blight\110822-206-Tomato-blight.jpg,31,Tomato___Late_blight,31,Tomato___Late_blight,0.9596409201622009,True
C:\smart_agriculture\ai\disease\external_test\images\Tomato leaf late blight\18c.jpg,31,Tomato___Late_blight,31,Tomato___Late_blight,0.946101725101471,True
C:\smart_agriculture\ai\disease\external_test\images\Tomato leaf late blight\636368370164094909-late-blight-15-.jpg,31,Tomato___Late_blight,31,Tomato___Late_blight,0.7175630927085876,True
C:\smart_agriculture\ai\disease\external_test\images\Tomato leaf late blight\70.jpg,31,Tomato___Late_blight,31,Tomato___Late_blight,0.5871896743774414,True
C:\smart_agriculture\ai\disease\external_test\images\Tomato leaf late blight\dsc_8148cs.jpg,31,Tomato___Late_blight,31,Tomato___Late_blight,0.7579558491706848,True
C:\smart_agriculture\ai\disease\external_test\images\Tomato leaf late blight\E%29Tomato-late-blight-foliar.jpg,31,Tomato___Late_blight,31,Tomato___Late_blight,0.7642016410827637,True
C:\smart_agriculture\ai\disease\external_test\images\Tomato leaf late blight\image.jpg,31,Tomato___Late_blight,31,Tomato___Late_blight,0.8750476241111755,True
C:\smart_agriculture\ai\disease\external_test\images\Tomato leaf late blight\IMG_5808.jpg,31,Tomato___Late_blight,20,Potato___Early_blight,0.3857402801513672,False
C:\smart_agriculture\ai\disease\external_test\images\Tomato leaf late blight\late_blight_tomato_leaf_spore1x1200.jpg,31,Tomato___Late_blight,31,Tomato___Late_blight,0.5309184193611145,True
C:\smart_agriculture\ai\disease\external_test\images\Tomato leaf late blight\LateBlt09_06.jpg,31,Tomato___Late_blight,29,Tomato___Early_blight,0.7315838932991028,False
C:\smart_agriculture\ai\disease\external_test\images\Tomato leaf mosaic virus\9511.img.jpg,36,Tomato___Tomato_mosaic_virus,36,Tomato___Tomato_mosaic_virus,0.43813416361808777,True
C:\smart_agriculture\ai\disease\external_test\images\Tomato leaf mosaic virus\D%29AlfMov.jpg,36,Tomato___Tomato_mosaic_virus,28,Tomato___Bacterial_spot,0.2299252152442932,False
C:\smart_agriculture\ai\disease\external_test\images\Tomato leaf mosaic virus\everystockphoto-21099455-l.jpg,36,Tomato___Tomato_mosaic_virus,28,Tomato___Bacterial_spot,0.47415891289711,False
C:\smart_agriculture\ai\disease\external_test\images\Tomato leaf mosaic virus\ill-tomato-of-tomato-mosaic-virus-DBE17N.jpg,36,Tomato___Tomato_mosaic_virus,36,Tomato___Tomato_mosaic_virus,0.2806973159313202,True
C:\smart_agriculture\ai\disease\external_test\images\Tomato leaf mosaic virus\page_2.jpg,36,Tomato___Tomato_mosaic_virus,28,Tomato___Bacterial_spot,0.3056485652923584,False
C:\smart_agriculture\ai\disease\external_test\images\Tomato leaf mosaic virus\tmv-tomato-34.jpg,36,Tomato___Tomato_mosaic_virus,33,Tomato___Septoria_leaf_spot,0.4002484381198883,False
C:\smart_agriculture\ai\disease\external_test\images\Tomato leaf mosaic virus\tmv-tomato-9.jpg,36,Tomato___Tomato_mosaic_virus,36,Tomato___Tomato_mosaic_virus,0.6888129711151123,True
C:\smart_agriculture\ai\disease\external_test\images\Tomato leaf mosaic virus\toma_TMV.jpg,36,Tomato___Tomato_mosaic_virus,36,Tomato___Tomato_mosaic_virus,0.7853708863258362,True
C:\smart_agriculture\ai\disease\external_test\images\Tomato leaf mosaic virus\Tomato-Mosaic-1wdr2jx-300x225.jpg,36,Tomato___Tomato_mosaic_virus,36,Tomato___Tomato_mosaic_virus,0.423033207654953,True
C:\smart_agriculture\ai\disease\external_test\images\Tomato leaf mosaic virus\tomato_virus_04_zoom.jpg,36,Tomato___Tomato_mosaic_virus,33,Tomato___Septoria_leaf_spot,0.42787423729896545,False
C:\smart_agriculture\ai\disease\external_test\images\Tomato leaf yellow virus\11-40580_5.jpg,37,Tomato___Tomato_Yellow_Leaf_Curl_Virus,37,Tomato___Tomato_Yellow_Leaf_Curl_Virus,0.6609605550765991,True
C:\smart_agriculture\ai\disease\external_test\images\Tomato leaf yellow virus\17fc47.jpg,37,Tomato___Tomato_Yellow_Leaf_Curl_Virus,33,Tomato___Septoria_leaf_spot,0.22460982203483582,False
C:\smart_agriculture\ai\disease\external_test\images\Tomato leaf yellow virus\8226402877_9abf151b5b_b.jpg,37,Tomato___Tomato_Yellow_Leaf_Curl_Virus,37,Tomato___Tomato_Yellow_Leaf_Curl_Virus,0.9132599830627441,True
C:\smart_agriculture\ai\disease\external_test\images\Tomato leaf yellow virus\fwa2013313115151.jpg,37,Tomato___Tomato_Yellow_Leaf_Curl_Virus,37,Tomato___Tomato_Yellow_Leaf_Curl_Virus,0.7071905136108398,True
C:\smart_agriculture\ai\disease\external_test\images\Tomato leaf yellow virus\glyphosate.jpg,37,Tomato___Tomato_Yellow_Leaf_Curl_Virus,37,Tomato___Tomato_Yellow_Leaf_Curl_Virus,0.4352630078792572,True
C:\smart_agriculture\ai\disease\external_test\images\Tomato leaf yellow virus\tylcv-seminar-1-638.jpg,37,Tomato___Tomato_Yellow_Leaf_Curl_Virus,37,Tomato___Tomato_Yellow_Leaf_Curl_Virus,0.9026874899864197,True
C:\smart_agriculture\ai\disease\external_test\images\Tomato mold leaf\49%20Leafmold%20Bottom.jpg,32,Tomato___Leaf_Mold,22,Potato___Late_blight,0.6928277611732483,False
C:\smart_agriculture\ai\disease\external_test\images\Tomato mold leaf\50%20Leafmold%20Top.jpg,32,Tomato___Leaf_Mold,32,Tomato___Leaf_Mold,0.4374178946018219,True
C:\smart_agriculture\ai\disease\external_test\images\Tomato mold leaf\BIGSD.jpg,32,Tomato___Leaf_Mold,28,Tomato___Bacterial_spot,0.40578022599220276,False
C:\smart_agriculture\ai\disease\external_test\images\Tomato mold leaf\black_leaf_mold_in_zina_tina.jpg,32,Tomato___Leaf_Mold,36,Tomato___Tomato_mosaic_virus,0.5146434307098389,False
C:\smart_agriculture\ai\disease\external_test\images\Tomato mold leaf\dscn6689.jpg,32,Tomato___Leaf_Mold,32,Tomato___Leaf_Mold,0.9805676341056824,True
C:\smart_agriculture\ai\disease\external_test\images\Tomato mold leaf\fungus-univ-of-minnesoeta.jpg,32,Tomato___Leaf_Mold,28,Tomato___Bacterial_spot,0.2668105959892273,False
C:\smart_agriculture\ai\disease\external_test\images\grape leaf black rot\03gb.jpg,11,Grape___Black_rot,11,Grape___Black_rot,0.3395465612411499,True
C:\smart_agriculture\ai\disease\external_test\images\grape leaf black rot\35589125035_662dd5b258_b.jpg,11,Grape___Black_rot,11,Grape___Black_rot,0.744489848613739,True
C:\smart_agriculture\ai\disease\external_test\images\grape leaf black rot\5-29black-rot-chardRR.jpg,11,Grape___Black_rot,11,Grape___Black_rot,0.9752500057220459,True
C:\smart_agriculture\ai\disease\external_test\images\grape leaf black rot\Black%20rot%20on%20foliage.jpg,11,Grape___Black_rot,11,Grape___Black_rot,0.9739140272140503,True
C:\smart_agriculture\ai\disease\external_test\images\grape leaf black rot\Black%20rot%20on%20foliage2.jpg,11,Grape___Black_rot,11,Grape___Black_rot,0.939957857131958,True
C:\smart_agriculture\ai\disease\external_test\images\grape leaf black rot\brleaf2_zoom.jpg,11,Grape___Black_rot,11,Grape___Black_rot,0.9130280017852783,True
C:\smart_agriculture\ai\disease\external_test\images\grape leaf black rot\grape_F15a.jpg,11,Grape___Black_rot,11,Grape___Black_rot,0.34143325686454773,True
C:\smart_agriculture\ai\disease\external_test\images\grape leaf black rot\piano%20gully%20spray%20seed%20damage%2006%20%289%29.JPG.jpg,11,Grape___Black_rot,11,Grape___Black_rot,0.9522519111633301,True
