,precision,recall,f1-score,support
Apple___Apple_scab,0.875,0.7,0.7777777777777778,10.0
Apple___Cedar_apple_rust,0.8571428571428571,0.6,0.7058823529411765,10.0
Corn_(maize)___Cercospora_leaf_spot Gray_leaf_spot,0.6666666666666666,0.5,0.5714285714285714,4.0
Corn_(maize)___Common_rust_,0.8181818181818182,0.9,0.8571428571428571,10.0
Grape___Black_rot,1.0,1.0,1.0,8.0
"Pepper,_bell___Bacterial_spot",0.8333333333333334,0.5555555555555556,0.6666666666666666,9.0
Potato___Early_blight,0.36363636363636365,0.5,0.42105263157894735,8.0
Potato___Late_blight,0.375,0.375,0.375,8.0
Squash___Powdery_mildew,1.0,0.8333333333333334,0.9090909090909091,6.0
Tomato___Bacterial_spot,0.17647058823529413,0.3333333333333333,0.23076923076923078,9.0
Tomato___Early_blight,0.4444444444444444,0.4444444444444444,0.4444444444444444,9.0
Tomato___Late_blight,0.8,0.8,0.8,10.0
Tomato___Leaf_Mold,0.4,0.3333333333333333,0.36363636363636365,6.0
Tomato___Septoria_leaf_spot,0.38461538461538464,0.45454545454545453,0.4166666666666667,11.0
Tomato___Tomato_mosaic_virus,0.8333333333333334,0.5,0.625,10.0
Tomato___Tomato_Yellow_Leaf_Curl_Virus,1.0,0.8333333333333334,0.9090909090909091,6.0
micro avg,0.6136363636363636,0.6044776119402985,0.6090225563909775,134.0
macro avg,0.6767390493493435,0.6039299242424243,0.6296030863271576,134.0
weighted avg,0.6726219566210786,0.6044776119402985,0.6273382889412646,134.0
