annotation_file,image_file,leaf_pixels,disease_pixels,severity_percent,leaf_mask,disease_mask
leaf_10_0_239213d8-587b-48a8-bfdf-03157ba8e95d___RS_Erly.B 6385.json,leaf_10_0_239213d8-587b-48a8-bfdf-03157ba8e95d___RS_Erly.B 6385.JPG,32687,2164,6.62,C:\smart_agriculture\ai\severity\dataset\masks\leaf_10_0_239213d8-587b-48a8-bfdf-03157ba8e95d___RS_Erly.B 6385_leaf.png,C:\smart_agriculture\ai\severity\dataset\masks\leaf_10_0_239213d8-587b-48a8-bfdf-03157ba8e95d___RS_Erly.B 6385_disease.png
leaf_11_0_a47435d5-cd96-4f92-96b9-edd35046c88f___RS_Erly.B 6390.json,leaf_11_0_a47435d5-cd96-4f92-96b9-edd35046c88f___RS_Erly.B 6390.JPG,34373,10584,30.79,C:\smart_agriculture\ai\severity\dataset\masks\leaf_11_0_a47435d5-cd96-4f92-96b9-edd35046c88f___RS_Erly.B 6390_leaf.png,C:\smart_agriculture\ai\severity\dataset\masks\leaf_11_0_a47435d5-cd96-4f92-96b9-edd35046c88f___RS_Erly.B 6390_disease.png
leaf_13_0_0db67be3-f733-4d15-b7d9-5d075b2cafc7___RS_Erly.B 6401.json,leaf_13_0_0db67be3-f733-4d15-b7d9-5d075b2cafc7___RS_Erly.B 6401.JPG,20644,8954,43.37,C:\smart_agriculture\ai\severity\dataset\masks\leaf_13_0_0db67be3-f733-4d15-b7d9-5d075b2cafc7___RS_Erly.B 6401_leaf.png,C:\smart_agriculture\ai\severity\dataset\masks\leaf_13_0_0db67be3-f733-4d15-b7d9-5d075b2cafc7___RS_Erly.B 6401_disease.png
leaf_1_0_8d70db5b-7916-4397-836d-6a73a2faaead___RS_Erly.B 6330.json,leaf_1_0_8d70db5b-7916-4397-836d-6a73a2faaead___RS_Erly.B 6330.JPG,15046,2089,13.88,C:\smart_agriculture\ai\severity\dataset\masks\leaf_1_0_8d70db5b-7916-4397-836d-6a73a2faaead___RS_Erly.B 6330_leaf.png,C:\smart_agriculture\ai\severity\dataset\masks\leaf_1_0_8d70db5b-7916-4397-836d-6a73a2faaead___RS_Erly.B 6330_disease.png
leaf_2_0_ad898210-9539-4fe4-abf0-a568b57ff205___RS_Erly.B 6336.json,leaf_2_0_ad898210-9539-4fe4-abf0-a568b57ff205___RS_Erly.B 6336.JPG,32578,2033,6.24,C:\smart_agriculture\ai\severity\dataset\masks\leaf_2_0_ad898210-9539-4fe4-abf0-a568b57ff205___RS_Erly.B 6336_leaf.png,C:\smart_agriculture\ai\severity\dataset\masks\leaf_2_0_ad898210-9539-4fe4-abf0-a568b57ff205___RS_Erly.B 6336_disease.png
leaf_3_0_3dab5935-91ca-489d-b4f4-127300fc527e___RS_Erly.B 6342.json,leaf_3_0_3dab5935-91ca-489d-b4f4-127300fc527e___RS_Erly.B 6342.JPG,35467,3753,10.58,C:\smart_agriculture\ai\severity\dataset\masks\leaf_3_0_3dab5935-91ca-489d-b4f4-127300fc527e___RS_Erly.B 6342_leaf.png,C:\smart_agriculture\ai\severity\dataset\masks\leaf_3_0_3dab5935-91ca-489d-b4f4-127300fc527e___RS_Erly.B 6342_disease.png
leaf_4_0_64ef53fa-26cc-4734-8a94-6f83a108817f___RS_Erly.B 6348.json,leaf_4_0_64ef53fa-26cc-4734-8a94-6f83a108817f___RS_Erly.B 6348.JPG,35496,965,2.72,C:\smart_agriculture\ai\severity\dataset\masks\leaf_4_0_64ef53fa-26cc-4734-8a94-6f83a108817f___RS_Erly.B 6348_leaf.png,C:\smart_agriculture\ai\severity\dataset\masks\leaf_4_0_64ef53fa-26cc-4734-8a94-6f83a108817f___RS_Erly.B 6348_disease.png
leaf_5_0_023fe2d4-6e1d-40ce-99ae-85ba90f436ff___RS_Erly.B 6354.json,leaf_5_0_023fe2d4-6e1d-40ce-99ae-85ba90f436ff___RS_Erly.B 6354.JPG,37748,1998,5.29,C:\smart_agriculture\ai\severity\dataset\masks\leaf_5_0_023fe2d4-6e1d-40ce-99ae-85ba90f436ff___RS_Erly.B 6354_leaf.png,C:\smart_agriculture\ai\severity\dataset\masks\leaf_5_0_023fe2d4-6e1d-40ce-99ae-85ba90f436ff___RS_Erly.B 6354_disease.png
leaf_6_0_1e671658-3463-4a38-8b6a-e2867aeeda10___RS_Erly.B 6359.json,leaf_6_0_1e671658-3463-4a38-8b6a-e2867aeeda10___RS_Erly.B 6359.JPG,22774,3103,13.63,C:\smart_agriculture\ai\severity\dataset\masks\leaf_6_0_1e671658-3463-4a38-8b6a-e2867aeeda10___RS_Erly.B 6359_leaf.png,C:\smart_agriculture\ai\severity\dataset\masks\leaf_6_0_1e671658-3463-4a38-8b6a-e2867aeeda10___RS_Erly.B 6359_disease.png
leaf_8_0_12c1c25b-6809-45d8-9a20-969de7860b5d___RS_Erly.B 6372.json,leaf_8_0_12c1c25b-6809-45d8-9a20-969de7860b5d___RS_Erly.B 6372.JPG,33998,1796,5.28,C:\smart_agriculture\ai\severity\dataset\masks\leaf_8_0_12c1c25b-6809-45d8-9a20-969de7860b5d___RS_Erly.B 6372_leaf.png,C:\smart_agriculture\ai\severity\dataset\masks\leaf_8_0_12c1c25b-6809-45d8-9a20-969de7860b5d___RS_Erly.B 6372_disease.png
leaf_9_0_b165d0d3-726d-4913-8b92-3f14e1b99410___RS_Erly.B 6377.json,leaf_9_0_b165d0d3-726d-4913-8b92-3f14e1b99410___RS_Erly.B 6377.JPG,28595,3449,12.06,C:\smart_agriculture\ai\severity\dataset\masks\leaf_9_0_b165d0d3-726d-4913-8b92-3f14e1b99410___RS_Erly.B 6377_leaf.png,C:\smart_agriculture\ai\severity\dataset\masks\leaf_9_0_b165d0d3-726d-4913-8b92-3f14e1b99410___RS_Erly.B 6377_disease.png
