image_path,filename,plant,disease,source_path,severity,severity_source
E:\smart_agriculture\smart_agriculture\ai\severity\dataset\general_3000\images\Apple___Apple_scab\Apple___Apple_scab_0142.jpg,Apple___Apple_scab_0142.jpg,Apple,Apple___Apple_scab,E:\smart_agriculture\smart_agriculture\PlantVillage-Dataset\raw\color\Apple___Apple_scab\35fde58e-46ea-4d1b-9580-ead7a2d0cb3b___FREC_Scab 2952.JPG,,
E:\smart_agriculture\smart_agriculture\ai\severity\dataset\general_3000\images\Apple___Apple_scab\Apple___Apple_scab_0006.jpg,Apple___Apple_scab_0006.jpg,Apple,Apple___Apple_scab,E:\smart_agriculture\smart_agriculture\PlantVillage-Dataset\raw\color\Apple___Apple_scab\a5ed05d8-9815-41b7-b481-332e48cfde56___FREC_Scab 3415.JPG,,
E:\smart_agriculture\smart_agriculture\ai\severity\dataset\general_3000\images\Apple___Apple_scab\Apple___Apple_scab_0097.jpg,Apple___Apple_scab_0097.jpg,Apple,Apple___Apple_scab,E:\smart_agriculture\smart_agriculture\PlantVillage-Dataset\raw\color\Apple___Apple_scab\e7115dcb-8124-42c9-bf6b-40740173d2ba___FREC_Scab 3353.JPG,,
E:\smart_agriculture\smart_agriculture\ai\severity\dataset\general_3000\images\Apple___Apple_scab\Apple___Apple_scab_0060.jpg,Apple___Apple_scab_0060.jpg,Apple,Apple___Apple_scab,E:\smart_agriculture\smart_agriculture\PlantVillage-Dataset\raw\color\Apple___Apple_scab\b10dceaa-a764-46b4-bd61-bc9fb13579ca___FREC_Scab 3141.JPG,,
E:\smart_agriculture\smart_agriculture\ai\severity\dataset\general_3000\images\Apple___Apple_scab\Apple___Apple_scab_0112.jpg,Apple___Apple_scab_0112.jpg,Apple,Apple___Apple_scab,E:\smart_agriculture\smart_agriculture\PlantVillage-Dataset\raw\color\Apple___Apple_scab\cd7bc55c-1c47-4af7-9875-f29147d54115___FREC_Scab 3471.JPG,,
E:\smart_agriculture\smart_agriculture\ai\severity\dataset\general_3000\images\Apple___Black_rot\Apple___Black_rot_0205.jpg,Apple___Black_rot_0205.jpg,Apple,Apple___Black_rot,E:\smart_agriculture\smart_agriculture\PlantVillage-Dataset\raw\color\Apple___Black_rot\e66666f1-bad7-4ceb-8142-389b841be362___JR_FrgE.S 3008.JPG,,
E:\smart_agriculture\smart_agriculture\ai\severity\dataset\general_3000\images\Apple___Black_rot\Apple___Black_rot_0072.jpg,Apple___Black_rot_0072.jpg,Apple,Apple___Black_rot,E:\smart_agriculture\smart_agriculture\PlantVillage-Dataset\raw\color\Apple___Black_rot\eb042f74-2761-4e00-b8ae-759aa4029738___JR_FrgE.S 3078.JPG,,
E:\smart_agriculture\smart_agriculture\ai\severity\dataset\general_3000\images\Apple___Black_rot\Apple___Black_rot_0079.jpg,Apple___Black_rot_0079.jpg,Apple,Apple___Black_rot,E:\smart_agriculture\smart_agriculture\PlantVillage-Dataset\raw\color\Apple___Black_rot\3b364e42-9120-4ece-b0ea-2c39ce883cbb___JR_FrgE.S 2774.JPG,,
E:\smart_agriculture\smart_agriculture\ai\severity\dataset\general_3000\images\Apple___Black_rot\Apple___Black_rot_0154.jpg,Apple___Black_rot_0154.jpg,Apple,Apple___Black_rot,E:\smart_agriculture\smart_agriculture\PlantVillage-Dataset\raw\color\Apple___Black_rot\4db50338-6897-4d69-8147-717cae13879c___JR_FrgE.S 8645.JPG,,
E:\smart_agriculture\smart_agriculture\ai\severity\dataset\general_3000\images\Apple___Black_rot\Apple___Black_rot_0120.jpg,Apple___Black_rot_0120.jpg,Apple,Apple___Black_rot,E:\smart_agriculture\smart_agriculture\PlantVillage-Dataset\raw\color\Apple___Black_rot\4c42eeae-508c-4ccd-b2d8-b720808bc28c___JR_FrgE.S 3020.JPG,,
E:\smart_agriculture\smart_agriculture\ai\severity\dataset\general_3000\images\Apple___Cedar_apple_rust\Apple___Cedar_apple_rust_0021.jpg,Apple___Cedar_apple_rust_0021.jpg,Apple,Apple___Cedar_apple_rust,E:\smart_agriculture\smart_agriculture\PlantVillage-Dataset\raw\color\Apple___Cedar_apple_rust\7ca50f21-d7c4-4fab-90ab-daabd7dd960d___FREC_C.Rust 3913.JPG,,
E:\smart_agriculture\smart_agriculture\ai\severity\dataset\general_3000\images\Apple___Cedar_apple_rust\Apple___Cedar_apple_rust_0117.jpg,Apple___Cedar_apple_rust_0117.jpg,Apple,Apple___Cedar_apple_rust,E:\smart_agriculture\smart_agriculture\PlantVillage-Dataset\raw\color\Apple___Cedar_apple_rust\f167b41b-c294-47e4-aed9-9ff7923176a5___FREC_C.Rust 3969.JPG,,
E:\smart_agriculture\smart_agriculture\ai\severity\dataset\general_3000\images\Apple___Cedar_apple_rust\Apple___Cedar_apple_rust_0179.jpg,Apple___Cedar_apple_rust_0179.jpg,Apple,Apple___Cedar_apple_rust,E:\smart_agriculture\smart_agriculture\PlantVillage-Dataset\raw\color\Apple___Cedar_apple_rust\de0d25d1-eb08-4b9a-ac44-07d755d1fca0___FREC_C.Rust 9856.JPG,,
E:\smart_agriculture\smart_agriculture\ai\severity\dataset\general_3000\images\Apple___Cedar_apple_rust\Apple___Cedar_apple_rust_0211.jpg,Apple___Cedar_apple_rust_0211.jpg,Apple,Apple___Cedar_apple_rust,E:\smart_agriculture\smart_agriculture\PlantVillage-Dataset\raw\color\Apple___Cedar_apple_rust\46aef257-999e-4158-9107-c5f5c7c8016a___FREC_C.Rust 4147.JPG,,
E:\smart_agriculture\smart_agriculture\ai\severity\dataset\general_3000\images\Apple___Cedar_apple_rust\Apple___Cedar_apple_rust_0050.jpg,Apple___Cedar_apple_rust_0050.jpg,Apple,Apple___Cedar_apple_rust,E:\smart_agriculture\smart_agriculture\PlantVillage-Dataset\raw\color\Apple___Cedar_apple_rust\94d6b99f-2ac4-4a88-823f-3c607358d057___FREC_C.Rust 9826.JPG,,
E:\smart_agriculture\smart_agriculture\ai\severity\dataset\general_3000\images\Corn_maize___Cercospora_leaf_spot_Gray_leaf_spot\Corn_maize___Cercospora_leaf_spot_Gray_leaf_spot_0212.jpg,Corn_maize___Cercospora_leaf_spot_Gray_leaf_spot_0212.jpg,Corn,Corn_(maize)___Cercospora_leaf_spot Gray_leaf_spot,E:\smart_agriculture\smart_agriculture\PlantVillage-Dataset\raw\color\Corn_(maize)___Cercospora_leaf_spot Gray_leaf_spot\ba462265-a5c8-4fa8-abb4-24054691eb16___RS_GLSp 3809.JPG,,
E:\smart_agriculture\smart_agriculture\ai\severity\dataset\general_3000\images\Corn_maize___Cercospora_leaf_spot_Gray_leaf_spot\Corn_maize___Cercospora_leaf_spot_Gray_leaf_spot_0139.jpg,Corn_maize___Cercospora_leaf_spot_Gray_leaf_spot_0139.jpg,Corn,Corn_(maize)___Cercospora_leaf_spot Gray_leaf_spot,E:\smart_agriculture\smart_agriculture\PlantVillage-Dataset\raw\color\Corn_(maize)___Cercospora_leaf_spot Gray_leaf_spot\a9bc0746-7cb8-4cf7-8998-27afed5648d8___RS_GLSp 7322.JPG,,
E:\smart_agriculture\smart_agriculture\ai\severity\dataset\general_3000\images\Corn_maize___Cercospora_leaf_spot_Gray_leaf_spot\Corn_maize___Cercospora_leaf_spot_Gray_leaf_spot_0015.jpg,Corn_maize___Cercospora_leaf_spot_Gray_leaf_spot_0015.jpg,Corn,Corn_(maize)___Cercospora_leaf_spot Gray_leaf_spot,E:\smart_agriculture\smart_agriculture\PlantVillage-Dataset\raw\color\Corn_(maize)___Cercospora_leaf_spot Gray_leaf_spot\2ff35cfb-2145-4844-9755-e977af5f661d___RS_GLSp 4434.JPG,,
E:\smart_agriculture\smart_agriculture\ai\severity\dataset\general_3000\images\Corn_maize___Cercospora_leaf_spot_Gray_leaf_spot\Corn_maize___Cercospora_leaf_spot_Gray_leaf_spot_0227.jpg,Corn_maize___Cercospora_leaf_spot_Gray_leaf_spot_0227.jpg,Corn,Corn_(maize)___Cercospora_leaf_spot Gray_leaf_spot,E:\smart_agriculture\smart_agriculture\PlantVillage-Dataset\raw\color\Corn_(maize)___Cercospora_leaf_spot Gray_leaf_spot\5cd4836c-b974-4228-b23f-1e70e8c3ea11___RS_GLSp 7328.JPG,,
E:\smart_agriculture\smart_agriculture\ai\severity\dataset\general_3000\images\Corn_maize___Cercospora_leaf_spot_Gray_leaf_spot\Corn_maize___Cercospora_leaf_spot_Gray_leaf_spot_0088.jpg,Corn_maize___Cercospora_leaf_spot_Gray_leaf_spot_0088.jpg,Corn,Corn_(maize)___Cercospora_leaf_spot Gray_leaf_spot,E:\smart_agriculture\smart_agriculture\PlantVillage-Dataset\raw\color\Corn_(maize)___Cercospora_leaf_spot Gray_leaf_spot\0995786c-d397-439a-bfeb-bd897cd431c8___RS_GLSp 9343.JPG,,
E:\smart_agriculture\smart_agriculture\ai\severity\dataset\general_3000\images\Corn_maize___Common_rust_\Corn_maize___Common_rust__0203.jpg,Corn_maize___Common_rust__0203.jpg,Corn,Corn_(maize)___Common_rust_,E:\smart_agriculture\smart_agriculture\PlantVillage-Dataset\raw\color\Corn_(maize)___Common_rust_\RS_Rust 2701.JPG,,
E:\smart_agriculture\smart_agriculture\ai\severity\dataset\general_3000\images\Corn_maize___Common_rust_\Corn_maize___Common_rust__0118.jpg,Corn_maize___Common_rust__0118.jpg,Corn,Corn_(maize)___Common_rust_,E:\smart_agriculture\smart_agriculture\PlantVillage-Dataset\raw\color\Corn_(maize)___Common_rust_\RS_Rust 1588.JPG,,
E:\smart_agriculture\smart_agriculture\ai\severity\dataset\general_3000\images\Corn_maize___Common_rust_\Corn_maize___Common_rust__0101.jpg,Corn_maize___Common_rust__0101.jpg,Corn,Corn_(maize)___Common_rust_,E:\smart_agriculture\smart_agriculture\PlantVillage-Dataset\raw\color\Corn_(maize)___Common_rust_\RS_Rust 2507.JPG,,
E:\smart_agriculture\smart_agriculture\ai\severity\dataset\general_3000\images\Corn_maize___Common_rust_\Corn_maize___Common_rust__0097.jpg,Corn_maize___Common_rust__0097.jpg,Corn,Corn_(maize)___Common_rust_,E:\smart_agriculture\smart_agriculture\PlantVillage-Dataset\raw\color\Corn_(maize)___Common_rust_\RS_Rust 2060.JPG,,
E:\smart_agriculture\smart_agriculture\ai\severity\dataset\general_3000\images\Corn_maize___Common_rust_\Corn_maize___Common_rust__0058.jpg,Corn_maize___Common_rust__0058.jpg,Corn,Corn_(maize)___Common_rust_,E:\smart_agriculture\smart_agriculture\PlantVillage-Dataset\raw\color\Corn_(maize)___Common_rust_\RS_Rust 1976.JPG,,
E:\smart_agriculture\smart_agriculture\ai\severity\dataset\general_3000\images\Corn_maize___Northern_Leaf_Blight\Corn_maize___Northern_Leaf_Blight_0216.jpg,Corn_maize___Northern_Leaf_Blight_0216.jpg,Corn,Corn_(maize)___Northern_Leaf_Blight,E:\smart_agriculture\smart_agriculture\PlantVillage-Dataset\raw\color\Corn_(maize)___Northern_Leaf_Blight\ea5341a5-d8b9-4e96-a3c8-7785e02d0341___RS_NLB 3816.JPG,,
E:\smart_agriculture\smart_agriculture\ai\severity\dataset\general_3000\images\Corn_maize___Northern_Leaf_Blight\Corn_maize___Northern_Leaf_Blight_0112.jpg,Corn_maize___Northern_Leaf_Blight_0112.jpg,Corn,Corn_(maize)___Northern_Leaf_Blight,E:\smart_agriculture\smart_agriculture\PlantVillage-Dataset\raw\color\Corn_(maize)___Northern_Leaf_Blight\76ffac09-0eab-4e97-9500-3d8237910165___RS_NLB  4627.JPG,,
E:\smart_agriculture\smart_agriculture\ai\severity\dataset\general_3000\images\Corn_maize___Northern_Leaf_Blight\Corn_maize___Northern_Leaf_Blight_0037.jpg,Corn_maize___Northern_Leaf_Blight_0037.jpg,Corn,Corn_(maize)___Northern_Leaf_Blight,E:\smart_agriculture\smart_agriculture\PlantVillage-Dataset\raw\color\Corn_(maize)___Northern_Leaf_Blight\67760849-7e8d-4a93-b72f-e951d597476f___RS_NLB 4059 copy.jpg,,
E:\smart_agriculture\smart_agriculture\ai\severity\dataset\general_3000\images\Corn_maize___Northern_Leaf_Blight\Corn_maize___Northern_Leaf_Blight_0199.jpg,Corn_maize___Northern_Leaf_Blight_0199.jpg,Corn,Corn_(maize)___Northern_Leaf_Blight,E:\smart_agriculture\smart_agriculture\PlantVillage-Dataset\raw\color\Corn_(maize)___Northern_Leaf_Blight\8442e3a8-1010-4dbb-8293-3f427e1ddeb3___RS_NLB 4001.JPG,,
E:\smart_agriculture\smart_agriculture\ai\severity\dataset\general_3000\images\Corn_maize___Northern_Leaf_Blight\Corn_maize___Northern_Leaf_Blight_0190.jpg,Corn_maize___Northern_Leaf_Blight_0190.jpg,Corn,Corn_(maize)___Northern_Leaf_Blight,E:\smart_agriculture\smart_agriculture\PlantVillage-Dataset\raw\color\Corn_(maize)___Northern_Leaf_Blight\ca030ee1-dbaa-496d-a111-98927d15de23___RS_NLB 3819 copy.jpg,,
E:\smart_agriculture\smart_agriculture\ai\severity\dataset\general_3000\images\Potato___Early_blight\Potato___Early_blight_0213.jpg,Potato___Early_blight_0213.jpg,Potato,Potato___Early_blight,E:\smart_agriculture\smart_agriculture\PlantVillage-Dataset\raw\color\Potato___Early_blight\e50bd734-03b9-479b-9ca0-48ef217a2c59___RS_Early.B 7976.JPG,,
E:\smart_agriculture\smart_agriculture\ai\severity\dataset\general_3000\images\Potato___Early_blight\Potato___Early_blight_0221.jpg,Potato___Early_blight_0221.jpg,Potato,Potato___Early_blight,E:\smart_agriculture\smart_agriculture\PlantVillage-Dataset\raw\color\Potato___Early_blight\fcbf4e6c-ba09-40f5-97c2-063bb20844bc___RS_Early.B 6938.JPG,,
E:\smart_agriculture\smart_agriculture\ai\severity\dataset\general_3000\images\Potato___Early_blight\Potato___Early_blight_0077.jpg,Potato___Early_blight_0077.jpg,Potato,Potato___Early_blight,E:\smart_agriculture\smart_agriculture\PlantVillage-Dataset\raw\color\Potato___Early_blight\b2e6d502-8a02-4493-ae91-34bad50b6040___RS_Early.B 7537.JPG,,
E:\smart_agriculture\smart_agriculture\ai\severity\dataset\general_3000\images\Potato___Early_blight\Potato___Early_blight_0082.jpg,Potato___Early_blight_0082.jpg,Potato,Potato___Early_blight,E:\smart_agriculture\smart_agriculture\PlantVillage-Dataset\raw\color\Potato___Early_blight\1ff86a73-9f36-45c5-8012-c5d90445b7ac___RS_Early.B 8563.JPG,,
E:\smart_agriculture\smart_agriculture\ai\severity\dataset\general_3000\images\Potato___Early_blight\Potato___Early_blight_0007.jpg,Potato___Early_blight_0007.jpg,Potato,Potato___Early_blight,E:\smart_agriculture\smart_agriculture\PlantVillage-Dataset\raw\color\Potato___Early_blight\cdc5ed26-b023-41cb-9cd8-07e62df1e369___RS_Early.B 6864.JPG,,
E:\smart_agriculture\smart_agriculture\ai\severity\dataset\general_3000\images\Potato___Late_blight\Potato___Late_blight_0212.jpg,Potato___Late_blight_0212.jpg,Potato,Potato___Late_blight,E:\smart_agriculture\smart_agriculture\PlantVillage-Dataset\raw\color\Potato___Late_blight\b9939f3e-c71c-4653-acff-109a8266dddf___RS_LB 2787.JPG,,
E:\smart_agriculture\smart_agriculture\ai\severity\dataset\general_3000\images\Potato___Late_blight\Potato___Late_blight_0215.jpg,Potato___Late_blight_0215.jpg,Potato,Potato___Late_blight,E:\smart_agriculture\smart_agriculture\PlantVillage-Dataset\raw\color\Potato___Late_blight\6f88dbd4-3e54-47ae-850a-0e9c7d9d700d___RS_LB 4737.JPG,,
E:\smart_agriculture\smart_agriculture\ai\severity\dataset\general_3000\images\Potato___Late_blight\Potato___Late_blight_0133.jpg,Potato___Late_blight_0133.jpg,Potato,Potato___Late_blight,E:\smart_agriculture\smart_agriculture\PlantVillage-Dataset\raw\color\Potato___Late_blight\06554e38-28ce-429d-b8e9-520e61e3c58f___RS_LB 2692.JPG,,
E:\smart_agriculture\smart_agriculture\ai\severity\dataset\general_3000\images\Potato___Late_blight\Potato___Late_blight_0082.jpg,Potato___Late_blight_0082.jpg,Potato,Potato___Late_blight,E:\smart_agriculture\smart_agriculture\PlantVillage-Dataset\raw\color\Potato___Late_blight\d9817cc3-ef03-41e5-8892-1fddd27b7bcc___RS_LB 4878.JPG,,
E:\smart_agriculture\smart_agriculture\ai\severity\dataset\general_3000\images\Potato___Late_blight\Potato___Late_blight_0141.jpg,Potato___Late_blight_0141.jpg,Potato,Potato___Late_blight,E:\smart_agriculture\smart_agriculture\PlantVillage-Dataset\raw\color\Potato___Late_blight\1531198a-c611-47ee-af7d-7b124b863870___RS_LB 4793.JPG,,
E:\smart_agriculture\smart_agriculture\ai\severity\dataset\general_3000\images\Tomato___Bacterial_spot\Tomato___Bacterial_spot_0206.jpg,Tomato___Bacterial_spot_0206.jpg,Tomato,Tomato___Bacterial_spot,E:\smart_agriculture\smart_agriculture\PlantVillage-Dataset\raw\color\Tomato___Bacterial_spot\b64c7a63-777f-4f39-bdb8-92fbdbefbdbd___GCREC_Bact.Sp 3580.JPG,,
E:\smart_agriculture\smart_agriculture\ai\severity\dataset\general_3000\images\Tomato___Bacterial_spot\Tomato___Bacterial_spot_0222.jpg,Tomato___Bacterial_spot_0222.jpg,Tomato,Tomato___Bacterial_spot,E:\smart_agriculture\smart_agriculture\PlantVillage-Dataset\raw\color\Tomato___Bacterial_spot\18f7004e-226b-42cc-bcaf-db9c47c5da65___UF.GRC_BS_Lab Leaf 9237.JPG,,
E:\smart_agriculture\smart_agriculture\ai\severity\dataset\general_3000\images\Tomato___Bacterial_spot\Tomato___Bacterial_spot_0165.jpg,Tomato___Bacterial_spot_0165.jpg,Tomato,Tomato___Bacterial_spot,E:\smart_agriculture\smart_agriculture\PlantVillage-Dataset\raw\color\Tomato___Bacterial_spot\984f7f9e-23ff-4a33-979a-5580b3fc5146___GCREC_Bact.Sp 3846.JPG,,
E:\smart_agriculture\smart_agriculture\ai\severity\dataset\general_3000\images\Tomato___Bacterial_spot\Tomato___Bacterial_spot_0198.jpg,Tomato___Bacterial_spot_0198.jpg,Tomato,Tomato___Bacterial_spot,E:\smart_agriculture\smart_agriculture\PlantVillage-Dataset\raw\color\Tomato___Bacterial_spot\c07fc97b-6fd7-4e55-a6e4-698184dbc5b8___GCREC_Bact.Sp 5686.JPG,,
E:\smart_agriculture\smart_agriculture\ai\severity\dataset\general_3000\images\Tomato___Bacterial_spot\Tomato___Bacterial_spot_0039.jpg,Tomato___Bacterial_spot_0039.jpg,Tomato,Tomato___Bacterial_spot,E:\smart_agriculture\smart_agriculture\PlantVillage-Dataset\raw\color\Tomato___Bacterial_spot\95665d23-88a6-4a4d-99d0-437c5b9a0505___GCREC_Bact.Sp 5614.JPG,,
E:\smart_agriculture\smart_agriculture\ai\severity\dataset\general_3000\images\Tomato___Early_blight\Tomato___Early_blight_0027.jpg,Tomato___Early_blight_0027.jpg,Tomato,Tomato___Early_blight,E:\smart_agriculture\smart_agriculture\PlantVillage-Dataset\raw\color\Tomato___Early_blight\48dd3efc-400d-4b81-a569-13a51083df58___RS_Erly.B 7718.JPG,,
E:\smart_agriculture\smart_agriculture\ai\severity\dataset\general_3000\images\Tomato___Early_blight\Tomato___Early_blight_0177.jpg,Tomato___Early_blight_0177.jpg,Tomato,Tomato___Early_blight,E:\smart_agriculture\smart_agriculture\PlantVillage-Dataset\raw\color\Tomato___Early_blight\5fc7639c-d04d-40bc-bbd3-68bf11183ed9___RS_Erly.B 7745.JPG,,
E:\smart_agriculture\smart_agriculture\ai\severity\dataset\general_3000\images\Tomato___Early_blight\Tomato___Early_blight_0082.jpg,Tomato___Early_blight_0082.jpg,Tomato,Tomato___Early_blight,E:\smart_agriculture\smart_agriculture\PlantVillage-Dataset\raw\color\Tomato___Early_blight\9eaef8d7-dd22-449e-b837-d01a7eb4afe6___RS_Erly.B 7686.JPG,,
E:\smart_agriculture\smart_agriculture\ai\severity\dataset\general_3000\images\Tomato___Early_blight\Tomato___Early_blight_0040.jpg,Tomato___Early_blight_0040.jpg,Tomato,Tomato___Early_blight,E:\smart_agriculture\smart_agriculture\PlantVillage-Dataset\raw\color\Tomato___Early_blight\ccd788af-4fd4-46a5-96af-c6ad44314d45___RS_Erly.B 8436.JPG,,
E:\smart_agriculture\smart_agriculture\ai\severity\dataset\general_3000\images\Tomato___Early_blight\Tomato___Early_blight_0194.jpg,Tomato___Early_blight_0194.jpg,Tomato,Tomato___Early_blight,E:\smart_agriculture\smart_agriculture\PlantVillage-Dataset\raw\color\Tomato___Early_blight\af454559-8f93-4b2d-b961-80bafe6bf43b___RS_Erly.B 8367.JPG,,
E:\smart_agriculture\smart_agriculture\ai\severity\dataset\general_3000\images\Tomato___Late_blight\Tomato___Late_blight_0056.jpg,Tomato___Late_blight_0056.jpg,Tomato,Tomato___Late_blight,E:\smart_agriculture\smart_agriculture\PlantVillage-Dataset\raw\color\Tomato___Late_blight\0d98a9eb-18e7-47e7-9010-196189bae113___RS_Late.B 5047.JPG,,
E:\smart_agriculture\smart_agriculture\ai\severity\dataset\general_3000\images\Tomato___Late_blight\Tomato___Late_blight_0191.jpg,Tomato___Late_blight_0191.jpg,Tomato,Tomato___Late_blight,E:\smart_agriculture\smart_agriculture\PlantVillage-Dataset\raw\color\Tomato___Late_blight\e14dc5d0-5671-43e0-9d32-a8331c9455a4___RS_Late.B 6123.JPG,,
E:\smart_agriculture\smart_agriculture\ai\severity\dataset\general_3000\images\Tomato___Late_blight\Tomato___Late_blight_0222.jpg,Tomato___Late_blight_0222.jpg,Tomato,Tomato___Late_blight,E:\smart_agriculture\smart_agriculture\PlantVillage-Dataset\raw\color\Tomato___Late_blight\b45f36d3-b367-4c96-9e4d-a8da7c8c584d___RS_Late.B 5195.JPG,,
E:\smart_agriculture\smart_agriculture\ai\severity\dataset\general_3000\images\Tomato___Late_blight\Tomato___Late_blight_0228.jpg,Tomato___Late_blight_0228.jpg,Tomato,Tomato___Late_blight,E:\smart_agriculture\smart_agriculture\PlantVillage-Dataset\raw\color\Tomato___Late_blight\661574bd-8e14-4cf6-8b39-28190239ddc6___RS_Late.B 5305.JPG,,
E:\smart_agriculture\smart_agriculture\ai\severity\dataset\general_3000\images\Tomato___Late_blight\Tomato___Late_blight_0075.jpg,Tomato___Late_blight_0075.jpg,Tomato,Tomato___Late_blight,E:\smart_agriculture\smart_agriculture\PlantVillage-Dataset\raw\color\Tomato___Late_blight\d2b2f190-12e4-467b-b64b-50b50d452a95___RS_Late.B 4913.JPG,,
E:\smart_agriculture\smart_agriculture\ai\severity\dataset\general_3000\images\Tomato___Leaf_Mold\Tomato___Leaf_Mold_0078.jpg,Tomato___Leaf_Mold_0078.jpg,Tomato,Tomato___Leaf_Mold,E:\smart_agriculture\smart_agriculture\PlantVillage-Dataset\raw\color\Tomato___Leaf_Mold\a6227736-64f1-4089-ae4b-fac942bcc4da___Crnl_L.Mold 6639.JPG,,
E:\smart_agriculture\smart_agriculture\ai\severity\dataset\general_3000\images\Tomato___Leaf_Mold\Tomato___Leaf_Mold_0012.jpg,Tomato___Leaf_Mold_0012.jpg,Tomato,Tomato___Leaf_Mold,E:\smart_agriculture\smart_agriculture\PlantVillage-Dataset\raw\color\Tomato___Leaf_Mold\794848b0-1482-46ae-b615-1382b41ea623___Crnl_L.Mold 6595.JPG,,
E:\smart_agriculture\smart_agriculture\ai\severity\dataset\general_3000\images\Tomato___Leaf_Mold\Tomato___Leaf_Mold_0156.jpg,Tomato___Leaf_Mold_0156.jpg,Tomato,Tomato___Leaf_Mold,E:\smart_agriculture\smart_agriculture\PlantVillage-Dataset\raw\color\Tomato___Leaf_Mold\465b62a2-faff-4309-a9c7-1ac7663f47fd___Crnl_L.Mold 6964.JPG,,
E:\smart_agriculture\smart_agriculture\ai\severity\dataset\general_3000\images\Tomato___Leaf_Mold\Tomato___Leaf_Mold_0028.jpg,Tomato___Leaf_Mold_0028.jpg,Tomato,Tomato___Leaf_Mold,E:\smart_agriculture\smart_agriculture\PlantVillage-Dataset\raw\color\Tomato___Leaf_Mold\462317c2-9028-473b-9dc6-523eb348e47b___Crnl_L.Mold 6875.JPG,,
E:\smart_agriculture\smart_agriculture\ai\severity\dataset\general_3000\images\Tomato___Leaf_Mold\Tomato___Leaf_Mold_0008.jpg,Tomato___Leaf_Mold_0008.jpg,Tomato,Tomato___Leaf_Mold,E:\smart_agriculture\smart_agriculture\PlantVillage-Dataset\raw\color\Tomato___Leaf_Mold\9667b27d-09e8-4776-97bf-e6088227d26d___Crnl_L.Mold 6670.JPG,,
